ISO-10303-21;
HEADER;
/****************************************************************
 * Generated by software with PDElib inside                    *
 * PDElib Version v51a, created Wed 11/30/2011                  *
 * ITI Transcendata (http://www.transcendata.com/)              *
 ****************************************************************/
FILE_DESCRIPTION((''),'2;1');
FILE_NAME('TDSON-8-33.stp','2015-12-21T16:59:52',('Lim SL'),('IFX'),'Mechanical Desktop 2011','Mechanical Desktop 2011',', , ');
FILE_SCHEMA(('AUTOMOTIVE_DESIGN { 1 2 10303 214 1 1 1 1 }'));
ENDSEC;
DATA;
#10=(NAMED_UNIT(*)PLANE_ANGLE_UNIT()SI_UNIT($,.RADIAN.));
#11=DIMENSIONAL_EXPONENTS(0.0,0.0,0.0,0.0,0.0,0.0,0.0);
#12=PLANE_ANGLE_MEASURE_WITH_UNIT(PLANE_ANGLE_MEASURE(0.0174532925),#10);
#16=(CONVERSION_BASED_UNIT('DEGREE',#12)NAMED_UNIT(#11)PLANE_ANGLE_UNIT());
#20=(NAMED_UNIT(*)SI_UNIT($,.STERADIAN.)SOLID_ANGLE_UNIT());
#24=(LENGTH_UNIT()NAMED_UNIT(*)SI_UNIT(.MILLI.,.METRE.));
#26=UNCERTAINTY_MEASURE_WITH_UNIT(LENGTH_MEASURE(0.000001),#24,'DISTANCE_ACCURACY_VALUE','');
#28=(GEOMETRIC_REPRESENTATION_CONTEXT(3)GLOBAL_UNCERTAINTY_ASSIGNED_CONTEXT((#26))GLOBAL_UNIT_ASSIGNED_CONTEXT((#16,#20,#24))REPRESENTATION_CONTEXT('','3D'));
#29=APPLICATION_CONTEXT('automotive design');
#30=APPLICATION_PROTOCOL_DEFINITION('INTERNATIONAL_STANDARD','automotive_design',1998,#29);
#31=PRODUCT_CONTEXT('3D Mechanical Parts',#29,'mechanical');
#32=PRODUCT('Product','Product','',(#31));
#33=PRODUCT_RELATED_PRODUCT_CATEGORY('part',$,(#32));
#34=PRODUCT_CATEGORY('part',$);
#35=PERSON('1','Design','Joe',$,$,$);
#36=ORGANIZATION($,'None','None');
#37=PERSON_AND_ORGANIZATION(#35,#36);
#38=PERSON_AND_ORGANIZATION_ROLE('design_owner');
#39=APPLIED_PERSON_AND_ORGANIZATION_ASSIGNMENT(#37,#38,(#32));
#40=PRODUCT_DEFINITION_FORMATION_WITH_SPECIFIED_SOURCE('None','',#32,.BOUGHT.);
#41=PERSON('2','Creator','Joe',$,$,$);
#42=ORGANIZATION($,'None','None');
#43=PERSON_AND_ORGANIZATION(#41,#42);
#44=PERSON_AND_ORGANIZATION_ROLE('creator');
#45=APPLIED_PERSON_AND_ORGANIZATION_ASSIGNMENT(#43,#44,(#40));
#46=PERSON('3','Supplier','Joe',$,$,$);
#47=ORGANIZATION($,'None','None');
#48=PERSON_AND_ORGANIZATION(#46,#47);
#49=PERSON_AND_ORGANIZATION_ROLE('design_supplier');
#50=APPLIED_PERSON_AND_ORGANIZATION_ASSIGNMENT(#48,#49,(#40));
#51=PRODUCT_DEFINITION_CONTEXT('part definition',#29,'design');
#52=PRODUCT_DEFINITION('None','',#40,#51);
#53=PERSON('4','Creator','Joe',$,$,$);
#54=ORGANIZATION($,'None','None');
#55=PERSON_AND_ORGANIZATION(#53,#54);
#56=PERSON_AND_ORGANIZATION_ROLE('creator');
#57=APPLIED_PERSON_AND_ORGANIZATION_ASSIGNMENT(#55,#56,(#52));
#58=CARTESIAN_POINT('NONE',(0.0,0.0,0.0));
#59=DIRECTION('NONE',(0.0,0.0,1.0));
#60=DIRECTION('NONE',(1.0,0.0,0.0));
#61=AXIS2_PLACEMENT_3D('NONE',#58,#59,#60);
#62=SHAPE_REPRESENTATION('SR1',(#61),#28);
#63=PRODUCT_DEFINITION_SHAPE('PDS1','Test Part',#52);
#64=SHAPE_DEFINITION_REPRESENTATION(#63,#62);
#65=CARTESIAN_POINT('',(-1.939999999999884,1.905000000090269,0.980000000000002));
#66=DIRECTION('',(0.0,0.0,1.0));
#67=DIRECTION('',(0.0,-1.0,0.0));
#68=AXIS2_PLACEMENT_3D('',#65,#66,#67);
#69=CYLINDRICAL_SURFACE('',#68,0.25);
#70=CARTESIAN_POINT('',(-1.939999999999884,1.655000000090269,0.990000000000002));
#71=VERTEX_POINT('',#70);
#72=CARTESIAN_POINT('',(-1.939999999999884,1.655000000090269,0.980000000000002));
#73=VERTEX_POINT('',#72);
#74=CARTESIAN_POINT('',(-1.939999999999884,1.655000000090269,0.990000000000002));
#75=DIRECTION('',(0.0,0.0,-1.0));
#76=VECTOR('',#75,0.01);
#77=LINE('',#74,#76);
#78=EDGE_CURVE('',#71,#73,#77,.T.);
#79=ORIENTED_EDGE('',*,*,#78,.F.);
#80=CARTESIAN_POINT('',(-1.939999999999884,2.155000000090269,0.990000000000002));
#81=VERTEX_POINT('',#80);
#82=CARTESIAN_POINT('',(-1.939999999999884,1.905000000090269,0.990000000000002));
#83=DIRECTION('',(0.0,0.0,-1.0));
#84=DIRECTION('',(0.0,-1.0,0.0));
#85=AXIS2_PLACEMENT_3D('',#82,#83,#84);
#86=CIRCLE('',#85,0.25);
#87=EDGE_CURVE('',#71,#81,#86,.T.);
#88=ORIENTED_EDGE('',*,*,#87,.T.);
#89=CARTESIAN_POINT('',(-1.939999999999884,2.155000000090269,0.980000000000002));
#90=VERTEX_POINT('',#89);
#91=CARTESIAN_POINT('',(-1.939999999999884,2.155000000090269,0.990000000000002));
#92=DIRECTION('',(0.0,0.0,-1.0));
#93=VECTOR('',#92,0.01);
#94=LINE('',#91,#93);
#95=EDGE_CURVE('',#81,#90,#94,.T.);
#96=ORIENTED_EDGE('',*,*,#95,.T.);
#97=CARTESIAN_POINT('',(-1.939999999999884,1.905000000090269,0.980000000000002));
#98=DIRECTION('',(0.0,0.0,1.0));
#99=DIRECTION('',(0.0,-1.0,0.0));
#100=AXIS2_PLACEMENT_3D('',#97,#98,#99);
#101=CIRCLE('',#100,0.25);
#102=EDGE_CURVE('',#90,#73,#101,.T.);
#103=ORIENTED_EDGE('',*,*,#102,.T.);
#104=EDGE_LOOP('',(#79,#88,#96,#103));
#105=FACE_OUTER_BOUND('',#104,.T.);
#106=ADVANCED_FACE('',(#105),#69,.T.);
#107=CARTESIAN_POINT('',(-1.939999999999884,1.905000000090269,0.980000000000002));
#108=DIRECTION('',(0.0,0.0,1.0));
#109=DIRECTION('',(0.0,-1.0,0.0));
#110=AXIS2_PLACEMENT_3D('',#107,#108,#109);
#111=CYLINDRICAL_SURFACE('',#110,0.25);
#112=ORIENTED_EDGE('',*,*,#78,.T.);
#113=CARTESIAN_POINT('',(-1.939999999999884,1.905000000090269,0.980000000000002));
#114=DIRECTION('',(0.0,0.0,1.0));
#115=DIRECTION('',(0.0,-1.0,0.0));
#116=AXIS2_PLACEMENT_3D('',#113,#114,#115);
#117=CIRCLE('',#116,0.25);
#118=EDGE_CURVE('',#73,#90,#117,.T.);
#119=ORIENTED_EDGE('',*,*,#118,.T.);
#120=ORIENTED_EDGE('',*,*,#95,.F.);
#121=CARTESIAN_POINT('',(-1.939999999999884,1.905000000090269,0.990000000000002));
#122=DIRECTION('',(0.0,0.0,-1.0));
#123=DIRECTION('',(0.0,-1.0,0.0));
#124=AXIS2_PLACEMENT_3D('',#121,#122,#123);
#125=CIRCLE('',#124,0.25);
#126=EDGE_CURVE('',#81,#71,#125,.T.);
#127=ORIENTED_EDGE('',*,*,#126,.T.);
#128=EDGE_LOOP('',(#112,#119,#120,#127));
#129=FACE_OUTER_BOUND('',#128,.T.);
#130=ADVANCED_FACE('',(#129),#111,.T.);
#131=CARTESIAN_POINT('',(-1.939999999999884,1.905000000090269,0.980000000000002));
#132=DIRECTION('',(0.0,0.0,1.0));
#133=DIRECTION('',(0.0,-1.0,0.0));
#134=AXIS2_PLACEMENT_3D('',#131,#132,#133);
#135=PLANE('',#134);
#136=ORIENTED_EDGE('',*,*,#118,.F.);
#137=ORIENTED_EDGE('',*,*,#102,.F.);
#138=EDGE_LOOP('',(#136,#137));
#139=FACE_OUTER_BOUND('',#138,.T.);
#140=ADVANCED_FACE('',(#139),#135,.F.);
#141=CARTESIAN_POINT('',(-1.939999999999884,1.905000000090269,0.990000000000002));
#142=DIRECTION('',(0.0,0.0,1.0));
#143=DIRECTION('',(0.0,-1.0,0.0));
#144=AXIS2_PLACEMENT_3D('',#141,#142,#143);
#145=PLANE('',#144);
#146=ORIENTED_EDGE('',*,*,#87,.F.);
#147=ORIENTED_EDGE('',*,*,#126,.F.);
#148=EDGE_LOOP('',(#146,#147));
#149=FACE_OUTER_BOUND('',#148,.T.);
#150=ADVANCED_FACE('',(#149),#145,.T.);
#151=CLOSED_SHELL('',(#106,#130,#140,#150));
#152=MANIFOLD_SOLID_BREP('D9C',#151);
#153=COLOUR_RGB('255',1.0,1.0,1.0);
#154=SURFACE_STYLE_USAGE(.BOTH.,#155);
#155=SURFACE_SIDE_STYLE('NONE',(#156));
#156=SURFACE_STYLE_FILL_AREA(#157);
#157=FILL_AREA_STYLE('NONE',(#158));
#158=FILL_AREA_STYLE_COLOUR('NONE',#153);
#159=PRESENTATION_STYLE_ASSIGNMENT((#154));
#160=STYLED_ITEM('NONE',(#159),#152);
#161=MECHANICAL_DESIGN_GEOMETRIC_PRESENTATION_REPRESENTATION('NONE',(#160,#320,#472,#623,#1047,#3128,#3415,#3738,#4095,#4417,#4704,#4991,#5278,#5565,#5903,#6055,#6583,#8069,#9266,#9794,#9945,#10034,#10694,#11222,#11373,#11462,#11613,#12501),#28);
#162=PRESENTATION_LAYER_ASSIGNMENT('3D_Pin1','None',(#152));
#163=CARTESIAN_POINT('',(-0.180000000023029,-2.705000000002713,0.0));
#164=DIRECTION('',(-7.107264E-013,-1.0,0.0));
#165=DIRECTION('',(0.0,0.0,-1.0));
#166=AXIS2_PLACEMENT_3D('',#163,#164,#165);
#167=PLANE('',#166);
#168=CARTESIAN_POINT('',(-0.180000000023029,-2.705000000002713,0.25));
#169=VERTEX_POINT('',#168);
#170=CARTESIAN_POINT('',(-0.580000000023035,-2.705000000002428,0.25));
#171=VERTEX_POINT('',#170);
#172=CARTESIAN_POINT('',(-0.180000000023029,-2.705000000002713,0.25));
#173=DIRECTION('',(-1.0,7.105427E-013,0.0));
#174=VECTOR('',#173,0.400000000000006);
#175=LINE('',#172,#174);
#176=EDGE_CURVE('',#169,#171,#175,.T.);
#177=ORIENTED_EDGE('',*,*,#176,.T.);
#178=CARTESIAN_POINT('',(-0.580000000023035,-2.705000000002428,0.0));
#179=VERTEX_POINT('',#178);
#180=CARTESIAN_POINT('',(-0.580000000023035,-2.705000000002428,0.0));
#181=DIRECTION('',(0.0,0.0,1.0));
#182=VECTOR('',#181,0.25);
#183=LINE('',#180,#182);
#184=EDGE_CURVE('',#179,#171,#183,.T.);
#185=ORIENTED_EDGE('',*,*,#184,.F.);
#186=CARTESIAN_POINT('',(-0.180000000023029,-2.705000000002713,0.0));
#187=VERTEX_POINT('',#186);
#188=CARTESIAN_POINT('',(-0.180000000023029,-2.705000000002713,0.0));
#189=DIRECTION('',(-1.0,7.105427E-013,0.0));
#190=VECTOR('',#189,0.400000000000006);
#191=LINE('',#188,#190);
#192=EDGE_CURVE('',#187,#179,#191,.T.);
#193=ORIENTED_EDGE('',*,*,#192,.F.);
#194=CARTESIAN_POINT('',(-0.180000000023029,-2.705000000002713,0.0));
#195=DIRECTION('',(0.0,0.0,1.0));
#196=VECTOR('',#195,0.25);
#197=LINE('',#194,#196);
#198=EDGE_CURVE('',#187,#169,#197,.T.);
#199=ORIENTED_EDGE('',*,*,#198,.T.);
#200=EDGE_LOOP('',(#177,#185,#193,#199));
#201=FACE_OUTER_BOUND('',#200,.T.);
#202=ADVANCED_FACE('',(#201),#167,.T.);
#203=CARTESIAN_POINT('',(-0.580000000023035,-2.705000000002428,0.0));
#204=DIRECTION('',(-1.0,0.0,0.0));
#205=DIRECTION('',(0.0,0.0,-1.0));
#206=AXIS2_PLACEMENT_3D('',#203,#204,#205);
#207=PLANE('',#206);
#208=CARTESIAN_POINT('',(-0.580000000023035,-2.574999999999932,0.25));
#209=VERTEX_POINT('',#208);
#210=CARTESIAN_POINT('',(-0.580000000023035,-2.705000000002428,0.25));
#211=DIRECTION('',(0.0,1.0,0.0));
#212=VECTOR('',#211,0.130000000002497);
#213=LINE('',#210,#212);
#214=EDGE_CURVE('',#171,#209,#213,.T.);
#215=ORIENTED_EDGE('',*,*,#214,.T.);
#216=CARTESIAN_POINT('',(-0.580000000023035,-2.574999999999932,0.0));
#217=VERTEX_POINT('',#216);
#218=CARTESIAN_POINT('',(-0.580000000023035,-2.574999999999932,0.0));
#219=DIRECTION('',(0.0,0.0,1.0));
#220=VECTOR('',#219,0.25);
#221=LINE('',#218,#220);
#222=EDGE_CURVE('',#217,#209,#221,.T.);
#223=ORIENTED_EDGE('',*,*,#222,.F.);
#224=CARTESIAN_POINT('',(-0.580000000023035,-2.705000000002428,0.0));
#225=DIRECTION('',(0.0,1.0,0.0));
#226=VECTOR('',#225,0.130000000002497);
#227=LINE('',#224,#226);
#228=EDGE_CURVE('',#179,#217,#227,.T.);
#229=ORIENTED_EDGE('',*,*,#228,.F.);
#230=ORIENTED_EDGE('',*,*,#184,.T.);
#231=EDGE_LOOP('',(#215,#223,#229,#230));
#232=FACE_OUTER_BOUND('',#231,.T.);
#233=ADVANCED_FACE('',(#232),#207,.T.);
#234=CARTESIAN_POINT('',(-0.580000000023035,-2.574999999999932,0.0));
#235=DIRECTION('',(0.0,1.0,0.0));
#236=DIRECTION('',(0.0,0.0,1.0));
#237=AXIS2_PLACEMENT_3D('',#234,#235,#236);
#238=PLANE('',#237);
#239=CARTESIAN_POINT('',(-0.180000000022972,-2.574999999999932,0.25));
#240=VERTEX_POINT('',#239);
#241=CARTESIAN_POINT('',(-0.580000000023035,-2.574999999999932,0.25));
#242=DIRECTION('',(1.0,0.0,0.0));
#243=VECTOR('',#242,0.400000000000063);
#244=LINE('',#241,#243);
#245=EDGE_CURVE('',#209,#240,#244,.T.);
#246=ORIENTED_EDGE('',*,*,#245,.T.);
#247=CARTESIAN_POINT('',(-0.180000000022972,-2.574999999999932,0.0));
#248=VERTEX_POINT('',#247);
#249=CARTESIAN_POINT('',(-0.180000000022972,-2.574999999999932,0.0));
#250=DIRECTION('',(0.0,0.0,1.0));
#251=VECTOR('',#250,0.25);
#252=LINE('',#249,#251);
#253=EDGE_CURVE('',#248,#240,#252,.T.);
#254=ORIENTED_EDGE('',*,*,#253,.F.);
#255=CARTESIAN_POINT('',(-0.580000000023035,-2.574999999999932,0.0));
#256=DIRECTION('',(1.0,0.0,0.0));
#257=VECTOR('',#256,0.400000000000063);
#258=LINE('',#255,#257);
#259=EDGE_CURVE('',#217,#248,#258,.T.);
#260=ORIENTED_EDGE('',*,*,#259,.F.);
#261=ORIENTED_EDGE('',*,*,#222,.T.);
#262=EDGE_LOOP('',(#246,#254,#260,#261));
#263=FACE_OUTER_BOUND('',#262,.T.);
#264=ADVANCED_FACE('',(#263),#238,.T.);
#265=CARTESIAN_POINT('',(-0.180000000022972,-2.574999999999932,0.0));
#266=DIRECTION('',(1.0,-4.374408E-013,0.0));
#267=DIRECTION('',(0.0,0.0,1.0));
#268=AXIS2_PLACEMENT_3D('',#265,#266,#267);
#269=PLANE('',#268);
#270=CARTESIAN_POINT('',(-0.180000000022972,-2.574999999999932,0.25));
#271=DIRECTION('',(-4.374706E-013,-1.0,0.0));
#272=VECTOR('',#271,0.130000000002781);
#273=LINE('',#270,#272);
#274=EDGE_CURVE('',#240,#169,#273,.T.);
#275=ORIENTED_EDGE('',*,*,#274,.T.);
#276=ORIENTED_EDGE('',*,*,#198,.F.);
#277=CARTESIAN_POINT('',(-0.180000000022972,-2.574999999999932,0.0));
#278=DIRECTION('',(-4.374706E-013,-1.0,0.0));
#279=VECTOR('',#278,0.130000000002781);
#280=LINE('',#277,#279);
#281=EDGE_CURVE('',#248,#187,#280,.T.);
#282=ORIENTED_EDGE('',*,*,#281,.F.);
#283=ORIENTED_EDGE('',*,*,#253,.T.);
#284=EDGE_LOOP('',(#275,#276,#282,#283));
#285=FACE_OUTER_BOUND('',#284,.T.);
#286=ADVANCED_FACE('',(#285),#269,.T.);
#287=CARTESIAN_POINT('',(-0.380000000022964,-2.640000000001248,0.25));
#288=DIRECTION('',(0.0,0.0,1.0));
#289=DIRECTION('',(0.0,-1.0,0.0));
#290=AXIS2_PLACEMENT_3D('',#287,#288,#289);
#291=PLANE('',#290);
#292=ORIENTED_EDGE('',*,*,#176,.F.);
#293=ORIENTED_EDGE('',*,*,#274,.F.);
#294=ORIENTED_EDGE('',*,*,#245,.F.);
#295=ORIENTED_EDGE('',*,*,#214,.F.);
#296=EDGE_LOOP('',(#292,#293,#294,#295));
#297=FACE_OUTER_BOUND('',#296,.T.);
#298=ADVANCED_FACE('',(#297),#291,.T.);
#299=CARTESIAN_POINT('',(-0.380000000022964,-2.640000000001248,0.0));
#300=DIRECTION('',(0.0,0.0,1.0));
#301=DIRECTION('',(0.0,-1.0,0.0));
#302=AXIS2_PLACEMENT_3D('',#299,#300,#301);
#303=PLANE('',#302);
#304=ORIENTED_EDGE('',*,*,#281,.T.);
#305=ORIENTED_EDGE('',*,*,#192,.T.);
#306=ORIENTED_EDGE('',*,*,#228,.T.);
#307=ORIENTED_EDGE('',*,*,#259,.T.);
#308=EDGE_LOOP('',(#304,#305,#306,#307));
#309=FACE_OUTER_BOUND('',#308,.T.);
#310=ADVANCED_FACE('',(#309),#303,.F.);
#311=CLOSED_SHELL('',(#202,#233,#264,#286,#298,#310));
#312=MANIFOLD_SOLID_BREP('D5E',#311);
#313=COLOUR_RGB('254',0.866,0.866,0.866);
#314=SURFACE_STYLE_USAGE(.BOTH.,#315);
#315=SURFACE_SIDE_STYLE('NONE',(#316));
#316=SURFACE_STYLE_FILL_AREA(#317);
#317=FILL_AREA_STYLE('NONE',(#318));
#318=FILL_AREA_STYLE_COLOUR('NONE',#313);
#319=PRESENTATION_STYLE_ASSIGNMENT((#314));
#320=STYLED_ITEM('NONE',(#319),#312);
#321=PRESENTATION_LAYER_ASSIGNMENT('3D_Metal','None',(#312,#471));
#322=CARTESIAN_POINT('',(-0.580000000022749,2.70499999999987,0.0));
#323=DIRECTION('',(-4.261420E-013,1.0,0.0));
#324=DIRECTION('',(0.0,0.0,1.0));
#325=AXIS2_PLACEMENT_3D('',#322,#323,#324);
#326=PLANE('',#325);
#327=CARTESIAN_POINT('',(-0.580000000022749,2.70499999999987,0.25));
#328=VERTEX_POINT('',#327);
#329=CARTESIAN_POINT('',(-0.180000000022744,2.705000000000041,0.25));
#330=VERTEX_POINT('',#329);
#331=CARTESIAN_POINT('',(-0.580000000022749,2.70499999999987,0.25));
#332=DIRECTION('',(1.0,4.263256E-013,0.0));
#333=VECTOR('',#332,0.400000000000006);
#334=LINE('',#331,#333);
#335=EDGE_CURVE('',#328,#330,#334,.T.);
#336=ORIENTED_EDGE('',*,*,#335,.T.);
#337=CARTESIAN_POINT('',(-0.180000000022744,2.705000000000041,0.0));
#338=VERTEX_POINT('',#337);
#339=CARTESIAN_POINT('',(-0.180000000022744,2.705000000000041,0.0));
#340=DIRECTION('',(0.0,0.0,1.0));
#341=VECTOR('',#340,0.25);
#342=LINE('',#339,#341);
#343=EDGE_CURVE('',#338,#330,#342,.T.);
#344=ORIENTED_EDGE('',*,*,#343,.F.);
#345=CARTESIAN_POINT('',(-0.580000000022749,2.70499999999987,0.0));
#346=VERTEX_POINT('',#345);
#347=CARTESIAN_POINT('',(-0.580000000022749,2.70499999999987,0.0));
#348=DIRECTION('',(1.0,4.263256E-013,0.0));
#349=VECTOR('',#348,0.400000000000006);
#350=LINE('',#347,#349);
#351=EDGE_CURVE('',#346,#338,#350,.T.);
#352=ORIENTED_EDGE('',*,*,#351,.F.);
#353=CARTESIAN_POINT('',(-0.580000000022749,2.70499999999987,0.0));
#354=DIRECTION('',(0.0,0.0,1.0));
#355=VECTOR('',#354,0.25);
#356=LINE('',#353,#355);
#357=EDGE_CURVE('',#346,#328,#356,.T.);
#358=ORIENTED_EDGE('',*,*,#357,.T.);
#359=EDGE_LOOP('',(#336,#344,#352,#358));
#360=FACE_OUTER_BOUND('',#359,.T.);
#361=ADVANCED_FACE('',(#360),#326,.T.);
#362=CARTESIAN_POINT('',(-0.180000000022744,2.705000000000041,0.0));
#363=DIRECTION('',(1.0,2.184448E-013,0.0));
#364=DIRECTION('',(0.0,0.0,1.0));
#365=AXIS2_PLACEMENT_3D('',#362,#363,#364);
#366=PLANE('',#365);
#367=CARTESIAN_POINT('',(-0.180000000022715,2.574999999999875,0.25));
#368=VERTEX_POINT('',#367);
#369=CARTESIAN_POINT('',(-0.180000000022744,2.705000000000041,0.25));
#370=DIRECTION('',(2.184150E-013,-1.0,0.0));
#371=VECTOR('',#370,0.130000000000166);
#372=LINE('',#369,#371);
#373=EDGE_CURVE('',#330,#368,#372,.T.);
#374=ORIENTED_EDGE('',*,*,#373,.T.);
#375=CARTESIAN_POINT('',(-0.180000000022715,2.574999999999875,0.0));
#376=VERTEX_POINT('',#375);
#377=CARTESIAN_POINT('',(-0.180000000022715,2.574999999999875,0.0));
#378=DIRECTION('',(0.0,0.0,1.0));
#379=VECTOR('',#378,0.25);
#380=LINE('',#377,#379);
#381=EDGE_CURVE('',#376,#368,#380,.T.);
#382=ORIENTED_EDGE('',*,*,#381,.F.);
#383=CARTESIAN_POINT('',(-0.180000000022744,2.705000000000041,0.0));
#384=DIRECTION('',(2.184150E-013,-1.0,0.0));
#385=VECTOR('',#384,0.130000000000166);
#386=LINE('',#383,#385);
#387=EDGE_CURVE('',#338,#376,#386,.T.);
#388=ORIENTED_EDGE('',*,*,#387,.F.);
#389=ORIENTED_EDGE('',*,*,#343,.T.);
#390=EDGE_LOOP('',(#374,#382,#388,#389));
#391=FACE_OUTER_BOUND('',#390,.T.);
#392=ADVANCED_FACE('',(#391),#366,.T.);
#393=CARTESIAN_POINT('',(-0.180000000022715,2.574999999999875,0.0));
#394=DIRECTION('',(0.0,-1.0,0.0));
#395=DIRECTION('',(0.0,0.0,-1.0));
#396=AXIS2_PLACEMENT_3D('',#393,#394,#395);
#397=PLANE('',#396);
#398=CARTESIAN_POINT('',(-0.580000000022778,2.574999999999875,0.25));
#399=VERTEX_POINT('',#398);
#400=CARTESIAN_POINT('',(-0.180000000022715,2.574999999999875,0.25));
#401=DIRECTION('',(-1.0,0.0,0.0));
#402=VECTOR('',#401,0.400000000000063);
#403=LINE('',#400,#402);
#404=EDGE_CURVE('',#368,#399,#403,.T.);
#405=ORIENTED_EDGE('',*,*,#404,.T.);
#406=CARTESIAN_POINT('',(-0.580000000022778,2.574999999999875,0.0));
#407=VERTEX_POINT('',#406);
#408=CARTESIAN_POINT('',(-0.580000000022778,2.574999999999875,0.0));
#409=DIRECTION('',(0.0,0.0,1.0));
#410=VECTOR('',#409,0.25);
#411=LINE('',#408,#410);
#412=EDGE_CURVE('',#407,#399,#411,.T.);
#413=ORIENTED_EDGE('',*,*,#412,.F.);
#414=CARTESIAN_POINT('',(-0.180000000022715,2.574999999999875,0.0));
#415=DIRECTION('',(-1.0,0.0,0.0));
#416=VECTOR('',#415,0.400000000000063);
#417=LINE('',#414,#416);
#418=EDGE_CURVE('',#376,#407,#417,.T.);
#419=ORIENTED_EDGE('',*,*,#418,.F.);
#420=ORIENTED_EDGE('',*,*,#381,.T.);
#421=EDGE_LOOP('',(#405,#413,#419,#420));
#422=FACE_OUTER_BOUND('',#421,.T.);
#423=ADVANCED_FACE('',(#422),#397,.T.);
#424=CARTESIAN_POINT('',(-0.580000000022778,2.574999999999875,0.0));
#425=DIRECTION('',(-1.0,2.188122E-013,0.0));
#426=DIRECTION('',(0.0,0.0,-1.0));
#427=AXIS2_PLACEMENT_3D('',#424,#425,#426);
#428=PLANE('',#427);
#429=CARTESIAN_POINT('',(-0.580000000022778,2.574999999999875,0.25));
#430=DIRECTION('',(2.186285E-013,1.0,0.0));
#431=VECTOR('',#430,0.129999999999995);
#432=LINE('',#429,#431);
#433=EDGE_CURVE('',#399,#328,#432,.T.);
#434=ORIENTED_EDGE('',*,*,#433,.T.);
#435=ORIENTED_EDGE('',*,*,#357,.F.);
#436=CARTESIAN_POINT('',(-0.580000000022778,2.574999999999875,0.0));
#437=DIRECTION('',(2.186285E-013,1.0,0.0));
#438=VECTOR('',#437,0.129999999999995);
#439=LINE('',#436,#438);
#440=EDGE_CURVE('',#407,#346,#439,.T.);
#441=ORIENTED_EDGE('',*,*,#440,.F.);
#442=ORIENTED_EDGE('',*,*,#412,.T.);
#443=EDGE_LOOP('',(#434,#435,#441,#442));
#444=FACE_OUTER_BOUND('',#443,.T.);
#445=ADVANCED_FACE('',(#444),#428,.T.);
#446=CARTESIAN_POINT('',(-0.380000000022714,2.639999999999912,0.25));
#447=DIRECTION('',(0.0,0.0,1.0));
#448=DIRECTION('',(0.0,-1.0,0.0));
#449=AXIS2_PLACEMENT_3D('',#446,#447,#448);
#450=PLANE('',#449);
#451=ORIENTED_EDGE('',*,*,#335,.F.);
#452=ORIENTED_EDGE('',*,*,#433,.F.);
#453=ORIENTED_EDGE('',*,*,#404,.F.);
#454=ORIENTED_EDGE('',*,*,#373,.F.);
#455=EDGE_LOOP('',(#451,#452,#453,#454));
#456=FACE_OUTER_BOUND('',#455,.T.);
#457=ADVANCED_FACE('',(#456),#450,.T.);
#458=CARTESIAN_POINT('',(-0.380000000022714,2.639999999999911,0.0));
#459=DIRECTION('',(0.0,0.0,1.0));
#460=DIRECTION('',(0.0,-1.0,0.0));
#461=AXIS2_PLACEMENT_3D('',#458,#459,#460);
#462=PLANE('',#461);
#463=ORIENTED_EDGE('',*,*,#440,.T.);
#464=ORIENTED_EDGE('',*,*,#351,.T.);
#465=ORIENTED_EDGE('',*,*,#387,.T.);
#466=ORIENTED_EDGE('',*,*,#418,.T.);
#467=EDGE_LOOP('',(#463,#464,#465,#466));
#468=FACE_OUTER_BOUND('',#467,.T.);
#469=ADVANCED_FACE('',(#468),#462,.F.);
#470=CLOSED_SHELL('',(#361,#392,#423,#445,#457,#469));
#471=MANIFOLD_SOLID_BREP('D5A',#470);
#472=STYLED_ITEM('NONE',(#319),#471);
#473=CARTESIAN_POINT('',(-2.320000000017876,-3.154248748547052,0.0));
#474=DIRECTION('',(-1.0,0.0,0.0));
#475=DIRECTION('',(0.0,0.0,1.0));
#476=AXIS2_PLACEMENT_3D('',#473,#474,#475);
#477=PLANE('',#476);
#478=CARTESIAN_POINT('',(-2.320000000017876,-1.685000000001427,0.25));
#479=VERTEX_POINT('',#478);
#480=CARTESIAN_POINT('',(-2.320000000017876,-1.685000000001427,0.0));
#481=VERTEX_POINT('',#480);
#482=CARTESIAN_POINT('',(-2.320000000017876,-1.685000000001427,0.25));
#483=DIRECTION('',(0.0,0.0,-1.0));
#484=VECTOR('',#483,0.25);
#485=LINE('',#482,#484);
#486=EDGE_CURVE('',#479,#481,#485,.T.);
#487=ORIENTED_EDGE('',*,*,#486,.F.);
#488=CARTESIAN_POINT('',(-2.320000000017876,-2.125000000002661,0.25));
#489=VERTEX_POINT('',#488);
#490=CARTESIAN_POINT('',(-2.320000000017876,-2.125000000002661,0.25));
#491=DIRECTION('',(0.0,1.0,0.0));
#492=VECTOR('',#491,0.440000000001235);
#493=LINE('',#490,#492);
#494=EDGE_CURVE('',#489,#479,#493,.T.);
#495=ORIENTED_EDGE('',*,*,#494,.F.);
#496=CARTESIAN_POINT('',(-2.320000000017876,-2.125000000002661,0.0));
#497=VERTEX_POINT('',#496);
#498=CARTESIAN_POINT('',(-2.320000000017876,-2.125000000002661,0.0));
#499=DIRECTION('',(0.0,0.0,1.0));
#500=VECTOR('',#499,0.25);
#501=LINE('',#498,#500);
#502=EDGE_CURVE('',#497,#489,#501,.T.);
#503=ORIENTED_EDGE('',*,*,#502,.F.);
#504=CARTESIAN_POINT('',(-2.320000000017876,-1.685000000001427,0.0));
#505=DIRECTION('',(0.0,-1.0,0.0));
#506=VECTOR('',#505,0.440000000001235);
#507=LINE('',#504,#506);
#508=EDGE_CURVE('',#481,#497,#507,.T.);
#509=ORIENTED_EDGE('',*,*,#508,.F.);
#510=EDGE_LOOP('',(#487,#495,#503,#509));
#511=FACE_OUTER_BOUND('',#510,.T.);
#512=ADVANCED_FACE('',(#511),#477,.F.);
#513=CARTESIAN_POINT('',(-2.739999999999953,-1.685000000001537,0.0));
#514=DIRECTION('',(-2.624532E-013,1.0,0.0));
#515=DIRECTION('',(0.0,0.0,1.0));
#516=AXIS2_PLACEMENT_3D('',#513,#514,#515);
#517=PLANE('',#516);
#518=ORIENTED_EDGE('',*,*,#486,.T.);
#519=CARTESIAN_POINT('',(-2.739999999999953,-1.685000000001537,0.0));
#520=VERTEX_POINT('',#519);
#521=CARTESIAN_POINT('',(-2.739999999999953,-1.685000000001537,0.0));
#522=DIRECTION('',(1.0,2.622241E-013,0.0));
#523=VECTOR('',#522,0.419999999982076);
#524=LINE('',#521,#523);
#525=EDGE_CURVE('',#520,#481,#524,.T.);
#526=ORIENTED_EDGE('',*,*,#525,.F.);
#527=CARTESIAN_POINT('',(-2.739999999999953,-1.685000000001537,0.25));
#528=VERTEX_POINT('',#527);
#529=CARTESIAN_POINT('',(-2.739999999999953,-1.685000000001537,0.0));
#530=DIRECTION('',(0.0,0.0,1.0));
#531=VECTOR('',#530,0.25);
#532=LINE('',#529,#531);
#533=EDGE_CURVE('',#520,#528,#532,.T.);
#534=ORIENTED_EDGE('',*,*,#533,.T.);
#535=CARTESIAN_POINT('',(-2.739999999999953,-1.685000000001537,0.25));
#536=DIRECTION('',(1.0,2.622241E-013,0.0));
#537=VECTOR('',#536,0.419999999982076);
#538=LINE('',#535,#537);
#539=EDGE_CURVE('',#528,#479,#538,.T.);
#540=ORIENTED_EDGE('',*,*,#539,.T.);
#541=EDGE_LOOP('',(#518,#526,#534,#540));
#542=FACE_OUTER_BOUND('',#541,.T.);
#543=ADVANCED_FACE('',(#542),#517,.T.);
#544=CARTESIAN_POINT('',(-2.523566540607953,-1.905000000001987,0.0));
#545=DIRECTION('',(0.0,0.0,1.0));
#546=DIRECTION('',(0.0,-1.0,0.0));
#547=AXIS2_PLACEMENT_3D('',#544,#545,#546);
#548=PLANE('',#547);
#549=ORIENTED_EDGE('',*,*,#508,.T.);
#550=CARTESIAN_POINT('',(-2.739999999999953,-2.12500000000233,0.0));
#551=VERTEX_POINT('',#550);
#552=CARTESIAN_POINT('',(-2.320000000017876,-2.125000000002661,0.0));
#553=DIRECTION('',(-1.0,7.877297E-013,0.0));
#554=VECTOR('',#553,0.419999999982076);
#555=LINE('',#552,#554);
#556=EDGE_CURVE('',#497,#551,#555,.T.);
#557=ORIENTED_EDGE('',*,*,#556,.T.);
#558=CARTESIAN_POINT('',(-2.739999999999953,-2.12500000000233,0.0));
#559=DIRECTION('',(0.0,1.0,0.0));
#560=VECTOR('',#559,0.440000000000794);
#561=LINE('',#558,#560);
#562=EDGE_CURVE('',#551,#520,#561,.T.);
#563=ORIENTED_EDGE('',*,*,#562,.T.);
#564=ORIENTED_EDGE('',*,*,#525,.T.);
#565=EDGE_LOOP('',(#549,#557,#563,#564));
#566=FACE_OUTER_BOUND('',#565,.T.);
#567=ADVANCED_FACE('',(#566),#548,.F.);
#568=CARTESIAN_POINT('',(-2.30713308121608,-2.125000000002671,0.0));
#569=DIRECTION('',(-7.880945E-013,-1.0,0.0));
#570=DIRECTION('',(0.0,0.0,-1.0));
#571=AXIS2_PLACEMENT_3D('',#568,#569,#570);
#572=PLANE('',#571);
#573=ORIENTED_EDGE('',*,*,#502,.T.);
#574=CARTESIAN_POINT('',(-2.739999999999953,-2.12500000000233,0.25));
#575=VERTEX_POINT('',#574);
#576=CARTESIAN_POINT('',(-2.320000000017876,-2.125000000002661,0.25));
#577=DIRECTION('',(-1.0,7.877297E-013,0.0));
#578=VECTOR('',#577,0.419999999982076);
#579=LINE('',#576,#578);
#580=EDGE_CURVE('',#489,#575,#579,.T.);
#581=ORIENTED_EDGE('',*,*,#580,.T.);
#582=CARTESIAN_POINT('',(-2.739999999999953,-2.12500000000233,0.0));
#583=DIRECTION('',(0.0,0.0,1.0));
#584=VECTOR('',#583,0.25);
#585=LINE('',#582,#584);
#586=EDGE_CURVE('',#551,#575,#585,.T.);
#587=ORIENTED_EDGE('',*,*,#586,.F.);
#588=ORIENTED_EDGE('',*,*,#556,.F.);
#589=EDGE_LOOP('',(#573,#581,#587,#588));
#590=FACE_OUTER_BOUND('',#589,.T.);
#591=ADVANCED_FACE('',(#590),#572,.T.);
#592=CARTESIAN_POINT('',(-2.739999999999953,-2.12500000000233,0.0));
#593=DIRECTION('',(-1.0,0.0,0.0));
#594=DIRECTION('',(0.0,0.0,-1.0));
#595=AXIS2_PLACEMENT_3D('',#592,#593,#594);
#596=PLANE('',#595);
#597=CARTESIAN_POINT('',(-2.739999999999953,-2.12500000000233,0.25));
#598=DIRECTION('',(0.0,1.0,0.0));
#599=VECTOR('',#598,0.440000000000794);
#600=LINE('',#597,#599);
#601=EDGE_CURVE('',#575,#528,#600,.T.);
#602=ORIENTED_EDGE('',*,*,#601,.T.);
#603=ORIENTED_EDGE('',*,*,#533,.F.);
#604=ORIENTED_EDGE('',*,*,#562,.F.);
#605=ORIENTED_EDGE('',*,*,#586,.T.);
#606=EDGE_LOOP('',(#602,#603,#604,#605));
#607=FACE_OUTER_BOUND('',#606,.T.);
#608=ADVANCED_FACE('',(#607),#596,.T.);
#609=CARTESIAN_POINT('',(-2.523566540607952,-1.905000000001986,0.25));
#610=DIRECTION('',(0.0,0.0,1.0));
#611=DIRECTION('',(0.0,-1.0,0.0));
#612=AXIS2_PLACEMENT_3D('',#609,#610,#611);
#613=PLANE('',#612);
#614=ORIENTED_EDGE('',*,*,#494,.T.);
#615=ORIENTED_EDGE('',*,*,#539,.F.);
#616=ORIENTED_EDGE('',*,*,#601,.F.);
#617=ORIENTED_EDGE('',*,*,#580,.F.);
#618=EDGE_LOOP('',(#614,#615,#616,#617));
#619=FACE_OUTER_BOUND('',#618,.T.);
#620=ADVANCED_FACE('',(#619),#613,.T.);
#621=CLOSED_SHELL('',(#512,#543,#567,#591,#608,#620));
#622=MANIFOLD_SOLID_BREP('D55',#621);
#623=STYLED_ITEM('NONE',(#319),#622);
#624=PRESENTATION_LAYER_ASSIGNMENT('3D_Leadframe','None',(#622,#1046,#3127));
#625=CARTESIAN_POINT('',(-2.320000000017876,-3.154248748547052,0.0));
#626=DIRECTION('',(-1.0,0.0,0.0));
#627=DIRECTION('',(0.0,0.0,1.0));
#628=AXIS2_PLACEMENT_3D('',#625,#626,#627);
#629=PLANE('',#628);
#630=CARTESIAN_POINT('',(-2.320000000017876,2.124999999984665,0.25));
#631=VERTEX_POINT('',#630);
#632=CARTESIAN_POINT('',(-2.320000000017876,2.124999999984665,0.0));
#633=VERTEX_POINT('',#632);
#634=CARTESIAN_POINT('',(-2.320000000017876,2.124999999984665,0.25));
#635=DIRECTION('',(0.0,0.0,-1.0));
#636=VECTOR('',#635,0.25);
#637=LINE('',#634,#636);
#638=EDGE_CURVE('',#631,#633,#637,.T.);
#639=ORIENTED_EDGE('',*,*,#638,.F.);
#640=CARTESIAN_POINT('',(-2.320000000017876,-0.854999999989569,0.25));
#641=VERTEX_POINT('',#640);
#642=CARTESIAN_POINT('',(-2.320000000017876,-0.854999999989569,0.25));
#643=DIRECTION('',(0.0,1.0,0.0));
#644=VECTOR('',#643,2.979999999974234);
#645=LINE('',#642,#644);
#646=EDGE_CURVE('',#641,#631,#645,.T.);
#647=ORIENTED_EDGE('',*,*,#646,.F.);
#648=CARTESIAN_POINT('',(-2.320000000017876,-0.854999999989569,0.0));
#649=VERTEX_POINT('',#648);
#650=CARTESIAN_POINT('',(-2.320000000017876,-0.854999999989569,0.0));
#651=DIRECTION('',(0.0,0.0,1.0));
#652=VECTOR('',#651,0.25);
#653=LINE('',#650,#652);
#654=EDGE_CURVE('',#649,#641,#653,.T.);
#655=ORIENTED_EDGE('',*,*,#654,.F.);
#656=CARTESIAN_POINT('',(-2.320000000017876,2.124999999984665,0.0));
#657=DIRECTION('',(0.0,-1.0,0.0));
#658=VECTOR('',#657,2.979999999974234);
#659=LINE('',#656,#658);
#660=EDGE_CURVE('',#633,#649,#659,.T.);
#661=ORIENTED_EDGE('',*,*,#660,.F.);
#662=EDGE_LOOP('',(#639,#647,#655,#661));
#663=FACE_OUTER_BOUND('',#662,.T.);
#664=ADVANCED_FACE('',(#663),#629,.F.);
#665=CARTESIAN_POINT('',(-2.739999999999952,2.124999999996192,0.0));
#666=DIRECTION('',(2.744574E-011,1.0,0.0));
#667=DIRECTION('',(0.0,0.0,1.0));
#668=AXIS2_PLACEMENT_3D('',#665,#666,#667);
#669=PLANE('',#668);
#670=ORIENTED_EDGE('',*,*,#638,.T.);
#671=CARTESIAN_POINT('',(-2.739999999999952,2.124999999996192,0.0));
#672=VERTEX_POINT('',#671);
#673=CARTESIAN_POINT('',(-2.320000000017876,2.124999999984665,0.0));
#674=DIRECTION('',(-1.0,2.744577E-011,0.0));
#675=VECTOR('',#674,0.419999999982076);
#676=LINE('',#673,#675);
#677=EDGE_CURVE('',#633,#672,#676,.T.);
#678=ORIENTED_EDGE('',*,*,#677,.T.);
#679=CARTESIAN_POINT('',(-2.739999999999952,2.124999999996192,0.25));
#680=VERTEX_POINT('',#679);
#681=CARTESIAN_POINT('',(-2.739999999999952,2.124999999996192,0.0));
#682=DIRECTION('',(0.0,0.0,1.0));
#683=VECTOR('',#682,0.25);
#684=LINE('',#681,#683);
#685=EDGE_CURVE('',#672,#680,#684,.T.);
#686=ORIENTED_EDGE('',*,*,#685,.T.);
#687=CARTESIAN_POINT('',(-2.739999999999952,2.124999999996192,0.25));
#688=DIRECTION('',(1.0,-2.744577E-011,0.0));
#689=VECTOR('',#688,0.419999999982076);
#690=LINE('',#687,#689);
#691=EDGE_CURVE('',#680,#631,#690,.T.);
#692=ORIENTED_EDGE('',*,*,#691,.T.);
#693=EDGE_LOOP('',(#670,#678,#686,#692));
#694=FACE_OUTER_BOUND('',#693,.T.);
#695=ADVANCED_FACE('',(#694),#669,.T.);
#696=CARTESIAN_POINT('',(-2.503146663954903,0.634999999997433,0.0));
#697=DIRECTION('',(0.0,0.0,1.0));
#698=DIRECTION('',(0.0,-1.0,0.0));
#699=AXIS2_PLACEMENT_3D('',#696,#697,#698);
#700=PLANE('',#699);
#701=ORIENTED_EDGE('',*,*,#660,.T.);
#702=CARTESIAN_POINT('',(-2.739999999999952,-0.855000000001041,0.0));
#703=VERTEX_POINT('',#702);
#704=CARTESIAN_POINT('',(-2.739999999999952,-0.855000000001041,0.0));
#705=DIRECTION('',(1.0,2.731413E-011,0.0));
#706=VECTOR('',#705,0.419999999982076);
#707=LINE('',#704,#706);
#708=EDGE_CURVE('',#703,#649,#707,.T.);
#709=ORIENTED_EDGE('',*,*,#708,.F.);
#710=CARTESIAN_POINT('',(-2.739999999999952,-0.412901994572735,0.0));
#711=VERTEX_POINT('',#710);
#712=CARTESIAN_POINT('',(-2.739999999999952,-0.412901994572735,0.0));
#713=DIRECTION('',(0.0,-1.0,0.0));
#714=VECTOR('',#713,0.442098005428306);
#715=LINE('',#712,#714);
#716=EDGE_CURVE('',#711,#703,#715,.T.);
#717=ORIENTED_EDGE('',*,*,#716,.F.);
#718=CARTESIAN_POINT('',(-2.615000000044404,-0.265000000002601,0.0));
#719=VERTEX_POINT('',#718);
#720=CARTESIAN_POINT('',(-2.765000000042305,-0.265000000004532,0.0));
#721=DIRECTION('',(0.0,0.0,-1.0));
#722=DIRECTION('',(0.763762615923313,-0.645497224252729,0.0));
#723=AXIS2_PLACEMENT_3D('',#720,#721,#722);
#724=CIRCLE('',#723,0.149999999997901);
#725=EDGE_CURVE('',#719,#711,#724,.T.);
#726=ORIENTED_EDGE('',*,*,#725,.F.);
#727=CARTESIAN_POINT('',(-2.615000000044432,0.264999999998736,0.0));
#728=VERTEX_POINT('',#727);
#729=CARTESIAN_POINT('',(-2.615000000044432,0.264999999998736,0.0));
#730=DIRECTION('',(0.0,-1.0,0.0));
#731=VECTOR('',#730,0.530000000001337);
#732=LINE('',#729,#731);
#733=EDGE_CURVE('',#728,#719,#732,.T.);
#734=ORIENTED_EDGE('',*,*,#733,.F.);
#735=CARTESIAN_POINT('',(-2.739999999999952,0.412901994568756,0.0));
#736=VERTEX_POINT('',#735);
#737=CARTESIAN_POINT('',(-2.765000000044481,0.264999999998743,0.0));
#738=DIRECTION('',(0.0,0.0,-1.0));
#739=DIRECTION('',(0.763762615923141,0.645497224252933,0.0));
#740=AXIS2_PLACEMENT_3D('',#737,#738,#739);
#741=CIRCLE('',#740,0.150000000000049);
#742=EDGE_CURVE('',#736,#728,#741,.T.);
#743=ORIENTED_EDGE('',*,*,#742,.F.);
#744=CARTESIAN_POINT('',(-2.739999999999952,0.857098005426963,0.0));
#745=VERTEX_POINT('',#744);
#746=CARTESIAN_POINT('',(-2.739999999999952,0.857098005426963,0.0));
#747=DIRECTION('',(0.0,-1.0,0.0));
#748=VECTOR('',#747,0.444196010858207);
#749=LINE('',#746,#748);
#750=EDGE_CURVE('',#745,#736,#749,.T.);
#751=ORIENTED_EDGE('',*,*,#750,.F.);
#752=CARTESIAN_POINT('',(-2.615000000045001,1.00499999999704,0.0));
#753=VERTEX_POINT('',#752);
#754=CARTESIAN_POINT('',(-2.765000000042957,1.004999999995111,0.0));
#755=DIRECTION('',(0.0,0.0,-1.0));
#756=DIRECTION('',(0.76376261592471,-0.645497224251076,0.0));
#757=AXIS2_PLACEMENT_3D('',#754,#755,#756);
#758=CIRCLE('',#757,0.149999999997956);
#759=EDGE_CURVE('',#753,#745,#758,.T.);
#760=ORIENTED_EDGE('',*,*,#759,.F.);
#761=CARTESIAN_POINT('',(-2.615000000045057,1.534999999998377,0.0));
#762=VERTEX_POINT('',#761);
#763=CARTESIAN_POINT('',(-2.615000000045057,1.534999999998377,0.0));
#764=DIRECTION('',(1.072517E-013,-1.0,0.0));
#765=VECTOR('',#764,0.530000000001337);
#766=LINE('',#763,#765);
#767=EDGE_CURVE('',#762,#753,#766,.T.);
#768=ORIENTED_EDGE('',*,*,#767,.F.);
#769=CARTESIAN_POINT('',(-2.739999999999952,1.682901994568227,0.0));
#770=VERTEX_POINT('',#769);
#771=CARTESIAN_POINT('',(-2.765000000045097,1.534999999998327,0.0));
#772=DIRECTION('',(0.0,0.0,-1.0));
#773=DIRECTION('',(0.763762615924365,0.645497224251484,0.0));
#774=AXIS2_PLACEMENT_3D('',#771,#772,#773);
#775=CIRCLE('',#774,0.15000000000004);
#776=EDGE_CURVE('',#770,#762,#775,.T.);
#777=ORIENTED_EDGE('',*,*,#776,.F.);
#778=CARTESIAN_POINT('',(-2.739999999999952,2.124999999996192,0.0));
#779=DIRECTION('',(0.0,-1.0,0.0));
#780=VECTOR('',#779,0.442098005427965);
#781=LINE('',#778,#780);
#782=EDGE_CURVE('',#672,#770,#781,.T.);
#783=ORIENTED_EDGE('',*,*,#782,.F.);
#784=ORIENTED_EDGE('',*,*,#677,.F.);
#785=EDGE_LOOP('',(#701,#709,#717,#726,#734,#743,#751,#760,#768,#777,#783,#784));
#786=FACE_OUTER_BOUND('',#785,.T.);
#787=ADVANCED_FACE('',(#786),#700,.F.);
#788=CARTESIAN_POINT('',(-2.765000000042305,-0.265000000004532,0.0));
#789=DIRECTION('',(0.0,0.0,1.0));
#790=DIRECTION('',(0.763762615923313,-0.645497224252729,0.0));
#791=AXIS2_PLACEMENT_3D('',#788,#789,#790);
#792=CYLINDRICAL_SURFACE('',#791,0.149999999997901);
#793=CARTESIAN_POINT('',(-2.739999999999952,-0.412901994572735,0.25));
#794=VERTEX_POINT('',#793);
#795=CARTESIAN_POINT('',(-2.615000000044404,-0.265000000002601,0.25));
#796=VERTEX_POINT('',#795);
#797=CARTESIAN_POINT('',(-2.765000000042305,-0.265000000004532,0.25));
#798=DIRECTION('',(0.0,0.0,1.0));
#799=DIRECTION('',(0.763762615923313,-0.645497224252729,0.0));
#800=AXIS2_PLACEMENT_3D('',#797,#798,#799);
#801=CIRCLE('',#800,0.149999999997901);
#802=EDGE_CURVE('',#794,#796,#801,.T.);
#803=ORIENTED_EDGE('',*,*,#802,.T.);
#804=CARTESIAN_POINT('',(-2.615000000044404,-0.265000000002601,0.0));
#805=DIRECTION('',(0.0,0.0,1.0));
#806=VECTOR('',#805,0.25);
#807=LINE('',#804,#806);
#808=EDGE_CURVE('',#719,#796,#807,.T.);
#809=ORIENTED_EDGE('',*,*,#808,.F.);
#810=ORIENTED_EDGE('',*,*,#725,.T.);
#811=CARTESIAN_POINT('',(-2.739999999999952,-0.412901994572735,0.0));
#812=DIRECTION('',(0.0,0.0,1.0));
#813=VECTOR('',#812,0.25);
#814=LINE('',#811,#813);
#815=EDGE_CURVE('',#711,#794,#814,.T.);
#816=ORIENTED_EDGE('',*,*,#815,.T.);
#817=EDGE_LOOP('',(#803,#809,#810,#816));
#818=FACE_OUTER_BOUND('',#817,.T.);
#819=ADVANCED_FACE('',(#818),#792,.F.);
#820=CARTESIAN_POINT('',(-2.615000000044404,-0.265000000002601,0.0));
#821=DIRECTION('',(-1.0,0.0,0.0));
#822=DIRECTION('',(0.0,0.0,-1.0));
#823=AXIS2_PLACEMENT_3D('',#820,#821,#822);
#824=PLANE('',#823);
#825=CARTESIAN_POINT('',(-2.615000000044432,0.264999999998736,0.25));
#826=VERTEX_POINT('',#825);
#827=CARTESIAN_POINT('',(-2.615000000044404,-0.265000000002601,0.25));
#828=DIRECTION('',(0.0,1.0,0.0));
#829=VECTOR('',#828,0.530000000001337);
#830=LINE('',#827,#829);
#831=EDGE_CURVE('',#796,#826,#830,.T.);
#832=ORIENTED_EDGE('',*,*,#831,.T.);
#833=CARTESIAN_POINT('',(-2.615000000044432,0.264999999998736,0.0));
#834=DIRECTION('',(0.0,0.0,1.0));
#835=VECTOR('',#834,0.25);
#836=LINE('',#833,#835);
#837=EDGE_CURVE('',#728,#826,#836,.T.);
#838=ORIENTED_EDGE('',*,*,#837,.F.);
#839=ORIENTED_EDGE('',*,*,#733,.T.);
#840=ORIENTED_EDGE('',*,*,#808,.T.);
#841=EDGE_LOOP('',(#832,#838,#839,#840));
#842=FACE_OUTER_BOUND('',#841,.T.);
#843=ADVANCED_FACE('',(#842),#824,.T.);
#844=CARTESIAN_POINT('',(-2.765000000044481,0.264999999998743,0.0));
#845=DIRECTION('',(0.0,0.0,1.0));
#846=DIRECTION('',(0.763762615923141,0.645497224252933,0.0));
#847=AXIS2_PLACEMENT_3D('',#844,#845,#846);
#848=CYLINDRICAL_SURFACE('',#847,0.150000000000049);
#849=CARTESIAN_POINT('',(-2.739999999999952,0.412901994568756,0.25));
#850=VERTEX_POINT('',#849);
#851=CARTESIAN_POINT('',(-2.765000000044481,0.264999999998743,0.25));
#852=DIRECTION('',(0.0,0.0,1.0));
#853=DIRECTION('',(0.763762615923141,0.645497224252933,0.0));
#854=AXIS2_PLACEMENT_3D('',#851,#852,#853);
#855=CIRCLE('',#854,0.150000000000049);
#856=EDGE_CURVE('',#826,#850,#855,.T.);
#857=ORIENTED_EDGE('',*,*,#856,.T.);
#858=CARTESIAN_POINT('',(-2.739999999999952,0.412901994568756,0.0));
#859=DIRECTION('',(0.0,0.0,1.0));
#860=VECTOR('',#859,0.25);
#861=LINE('',#858,#860);
#862=EDGE_CURVE('',#736,#850,#861,.T.);
#863=ORIENTED_EDGE('',*,*,#862,.F.);
#864=ORIENTED_EDGE('',*,*,#742,.T.);
#865=ORIENTED_EDGE('',*,*,#837,.T.);
#866=EDGE_LOOP('',(#857,#863,#864,#865));
#867=FACE_OUTER_BOUND('',#866,.T.);
#868=ADVANCED_FACE('',(#867),#848,.F.);
#869=CARTESIAN_POINT('',(-2.739999999999952,0.412901994568756,0.0));
#870=DIRECTION('',(-1.0,0.0,0.0));
#871=DIRECTION('',(0.0,0.0,-1.0));
#872=AXIS2_PLACEMENT_3D('',#869,#870,#871);
#873=PLANE('',#872);
#874=CARTESIAN_POINT('',(-2.739999999999952,0.857098005426963,0.25));
#875=VERTEX_POINT('',#874);
#876=CARTESIAN_POINT('',(-2.739999999999952,0.412901994568757,0.25));
#877=DIRECTION('',(0.0,1.0,0.0));
#878=VECTOR('',#877,0.444196010858207);
#879=LINE('',#876,#878);
#880=EDGE_CURVE('',#850,#875,#879,.T.);
#881=ORIENTED_EDGE('',*,*,#880,.T.);
#882=CARTESIAN_POINT('',(-2.739999999999952,0.857098005426963,0.0));
#883=DIRECTION('',(0.0,0.0,1.0));
#884=VECTOR('',#883,0.25);
#885=LINE('',#882,#884);
#886=EDGE_CURVE('',#745,#875,#885,.T.);
#887=ORIENTED_EDGE('',*,*,#886,.F.);
#888=ORIENTED_EDGE('',*,*,#750,.T.);
#889=ORIENTED_EDGE('',*,*,#862,.T.);
#890=EDGE_LOOP('',(#881,#887,#888,#889));
#891=FACE_OUTER_BOUND('',#890,.T.);
#892=ADVANCED_FACE('',(#891),#873,.T.);
#893=CARTESIAN_POINT('',(-2.765000000042957,1.004999999995111,0.0));
#894=DIRECTION('',(0.0,0.0,1.0));
#895=DIRECTION('',(0.76376261592471,-0.645497224251076,0.0));
#896=AXIS2_PLACEMENT_3D('',#893,#894,#895);
#897=CYLINDRICAL_SURFACE('',#896,0.149999999997956);
#898=CARTESIAN_POINT('',(-2.615000000045001,1.00499999999704,0.25));
#899=VERTEX_POINT('',#898);
#900=CARTESIAN_POINT('',(-2.765000000042957,1.004999999995111,0.25));
#901=DIRECTION('',(0.0,0.0,1.0));
#902=DIRECTION('',(0.76376261592471,-0.645497224251076,0.0));
#903=AXIS2_PLACEMENT_3D('',#900,#901,#902);
#904=CIRCLE('',#903,0.149999999997956);
#905=EDGE_CURVE('',#875,#899,#904,.T.);
#906=ORIENTED_EDGE('',*,*,#905,.T.);
#907=CARTESIAN_POINT('',(-2.615000000045001,1.00499999999704,0.0));
#908=DIRECTION('',(0.0,0.0,1.0));
#909=VECTOR('',#908,0.25);
#910=LINE('',#907,#909);
#911=EDGE_CURVE('',#753,#899,#910,.T.);
#912=ORIENTED_EDGE('',*,*,#911,.F.);
#913=ORIENTED_EDGE('',*,*,#759,.T.);
#914=ORIENTED_EDGE('',*,*,#886,.T.);
#915=EDGE_LOOP('',(#906,#912,#913,#914));
#916=FACE_OUTER_BOUND('',#915,.T.);
#917=ADVANCED_FACE('',(#916),#897,.F.);
#918=CARTESIAN_POINT('',(-2.615000000045001,1.00499999999704,0.0));
#919=DIRECTION('',(-1.0,-1.070680E-013,0.0));
#920=DIRECTION('',(0.0,0.0,-1.0));
#921=AXIS2_PLACEMENT_3D('',#918,#919,#920);
#922=PLANE('',#921);
#923=CARTESIAN_POINT('',(-2.615000000045057,1.534999999998377,0.25));
#924=VERTEX_POINT('',#923);
#925=CARTESIAN_POINT('',(-2.615000000045,1.00499999999704,0.25));
#926=DIRECTION('',(-1.072517E-013,1.0,0.0));
#927=VECTOR('',#926,0.530000000001337);
#928=LINE('',#925,#927);
#929=EDGE_CURVE('',#899,#924,#928,.T.);
#930=ORIENTED_EDGE('',*,*,#929,.T.);
#931=CARTESIAN_POINT('',(-2.615000000045057,1.534999999998377,0.0));
#932=DIRECTION('',(0.0,0.0,1.0));
#933=VECTOR('',#932,0.25);
#934=LINE('',#931,#933);
#935=EDGE_CURVE('',#762,#924,#934,.T.);
#936=ORIENTED_EDGE('',*,*,#935,.F.);
#937=ORIENTED_EDGE('',*,*,#767,.T.);
#938=ORIENTED_EDGE('',*,*,#911,.T.);
#939=EDGE_LOOP('',(#930,#936,#937,#938));
#940=FACE_OUTER_BOUND('',#939,.T.);
#941=ADVANCED_FACE('',(#940),#922,.T.);
#942=CARTESIAN_POINT('',(-2.765000000045097,1.534999999998327,0.0));
#943=DIRECTION('',(0.0,0.0,1.0));
#944=DIRECTION('',(0.763762615924365,0.645497224251484,0.0));
#945=AXIS2_PLACEMENT_3D('',#942,#943,#944);
#946=CYLINDRICAL_SURFACE('',#945,0.15000000000004);
#947=CARTESIAN_POINT('',(-2.739999999999952,1.682901994568227,0.25));
#948=VERTEX_POINT('',#947);
#949=CARTESIAN_POINT('',(-2.765000000045097,1.534999999998327,0.25));
#950=DIRECTION('',(0.0,0.0,1.0));
#951=DIRECTION('',(0.763762615924365,0.645497224251484,0.0));
#952=AXIS2_PLACEMENT_3D('',#949,#950,#951);
#953=CIRCLE('',#952,0.15000000000004);
#954=EDGE_CURVE('',#924,#948,#953,.T.);
#955=ORIENTED_EDGE('',*,*,#954,.T.);
#956=CARTESIAN_POINT('',(-2.739999999999952,1.682901994568227,0.0));
#957=DIRECTION('',(0.0,0.0,1.0));
#958=VECTOR('',#957,0.25);
#959=LINE('',#956,#958);
#960=EDGE_CURVE('',#770,#948,#959,.T.);
#961=ORIENTED_EDGE('',*,*,#960,.F.);
#962=ORIENTED_EDGE('',*,*,#776,.T.);
#963=ORIENTED_EDGE('',*,*,#935,.T.);
#964=EDGE_LOOP('',(#955,#961,#962,#963));
#965=FACE_OUTER_BOUND('',#964,.T.);
#966=ADVANCED_FACE('',(#965),#946,.F.);
#967=CARTESIAN_POINT('',(-2.739999999999952,1.682901994568227,0.0));
#968=DIRECTION('',(-1.0,0.0,0.0));
#969=DIRECTION('',(0.0,0.0,-1.0));
#970=AXIS2_PLACEMENT_3D('',#967,#968,#969);
#971=PLANE('',#970);
#972=CARTESIAN_POINT('',(-2.739999999999952,1.682901994568227,0.25));
#973=DIRECTION('',(0.0,1.0,0.0));
#974=VECTOR('',#973,0.442098005427965);
#975=LINE('',#972,#974);
#976=EDGE_CURVE('',#948,#680,#975,.T.);
#977=ORIENTED_EDGE('',*,*,#976,.T.);
#978=ORIENTED_EDGE('',*,*,#685,.F.);
#979=ORIENTED_EDGE('',*,*,#782,.T.);
#980=ORIENTED_EDGE('',*,*,#960,.T.);
#981=EDGE_LOOP('',(#977,#978,#979,#980));
#982=FACE_OUTER_BOUND('',#981,.T.);
#983=ADVANCED_FACE('',(#982),#971,.T.);
#984=CARTESIAN_POINT('',(-2.307133081216023,-0.854999999989218,0.0));
#985=DIRECTION('',(2.731406E-011,-1.0,0.0));
#986=DIRECTION('',(0.0,0.0,-1.0));
#987=AXIS2_PLACEMENT_3D('',#984,#985,#986);
#988=PLANE('',#987);
#989=ORIENTED_EDGE('',*,*,#654,.T.);
#990=CARTESIAN_POINT('',(-2.739999999999952,-0.855000000001041,0.25));
#991=VERTEX_POINT('',#990);
#992=CARTESIAN_POINT('',(-2.320000000017876,-0.854999999989569,0.25));
#993=DIRECTION('',(-1.0,-2.731413E-011,0.0));
#994=VECTOR('',#993,0.419999999982076);
#995=LINE('',#992,#994);
#996=EDGE_CURVE('',#641,#991,#995,.T.);
#997=ORIENTED_EDGE('',*,*,#996,.T.);
#998=CARTESIAN_POINT('',(-2.739999999999952,-0.855000000001041,0.0));
#999=DIRECTION('',(0.0,0.0,1.0));
#1000=VECTOR('',#999,0.25);
#1001=LINE('',#998,#1000);
#1002=EDGE_CURVE('',#703,#991,#1001,.T.);
#1003=ORIENTED_EDGE('',*,*,#1002,.F.);
#1004=ORIENTED_EDGE('',*,*,#708,.T.);
#1005=EDGE_LOOP('',(#989,#997,#1003,#1004));
#1006=FACE_OUTER_BOUND('',#1005,.T.);
#1007=ADVANCED_FACE('',(#1006),#988,.T.);
#1008=CARTESIAN_POINT('',(-2.739999999999952,-0.855000000001041,0.0));
#1009=DIRECTION('',(-1.0,0.0,0.0));
#1010=DIRECTION('',(0.0,0.0,-1.0));
#1011=AXIS2_PLACEMENT_3D('',#1008,#1009,#1010);
#1012=PLANE('',#1011);
#1013=CARTESIAN_POINT('',(-2.739999999999952,-0.855000000001041,0.25));
#1014=DIRECTION('',(0.0,1.0,0.0));
#1015=VECTOR('',#1014,0.442098005428306);
#1016=LINE('',#1013,#1015);
#1017=EDGE_CURVE('',#991,#794,#1016,.T.);
#1018=ORIENTED_EDGE('',*,*,#1017,.T.);
#1019=ORIENTED_EDGE('',*,*,#815,.F.);
#1020=ORIENTED_EDGE('',*,*,#716,.T.);
#1021=ORIENTED_EDGE('',*,*,#1002,.T.);
#1022=EDGE_LOOP('',(#1018,#1019,#1020,#1021));
#1023=FACE_OUTER_BOUND('',#1022,.T.);
#1024=ADVANCED_FACE('',(#1023),#1012,.T.);
#1025=CARTESIAN_POINT('',(-2.503146663954903,0.634999999997433,0.25));
#1026=DIRECTION('',(0.0,0.0,1.0));
#1027=DIRECTION('',(0.0,-1.0,0.0));
#1028=AXIS2_PLACEMENT_3D('',#1025,#1026,#1027);
#1029=PLANE('',#1028);
#1030=ORIENTED_EDGE('',*,*,#646,.T.);
#1031=ORIENTED_EDGE('',*,*,#691,.F.);
#1032=ORIENTED_EDGE('',*,*,#976,.F.);
#1033=ORIENTED_EDGE('',*,*,#954,.F.);
#1034=ORIENTED_EDGE('',*,*,#929,.F.);
#1035=ORIENTED_EDGE('',*,*,#905,.F.);
#1036=ORIENTED_EDGE('',*,*,#880,.F.);
#1037=ORIENTED_EDGE('',*,*,#856,.F.);
#1038=ORIENTED_EDGE('',*,*,#831,.F.);
#1039=ORIENTED_EDGE('',*,*,#802,.F.);
#1040=ORIENTED_EDGE('',*,*,#1017,.F.);
#1041=ORIENTED_EDGE('',*,*,#996,.F.);
#1042=EDGE_LOOP('',(#1030,#1031,#1032,#1033,#1034,#1035,#1036,#1037,#1038,#1039,#1040,#1041));
#1043=FACE_OUTER_BOUND('',#1042,.T.);
#1044=ADVANCED_FACE('',(#1043),#1029,.T.);
#1045=CLOSED_SHELL('',(#664,#695,#787,#819,#843,#868,#892,#917,#941,#966,#983,#1007,#1024,#1044));
#1046=MANIFOLD_SOLID_BREP('D51',#1045);
#1047=STYLED_ITEM('NONE',(#319),#1046);
#1048=CARTESIAN_POINT('',(-0.180000000022944,-2.477098005439757,0.0));
#1049=DIRECTION('',(1.0,-2.904915E-013,0.0));
#1050=DIRECTION('',(0.0,0.0,1.0));
#1051=AXIS2_PLACEMENT_3D('',#1048,#1049,#1050);
#1052=PLANE('',#1051);
#1053=CARTESIAN_POINT('',(-0.180000000022944,-2.477098005439757,0.25));
#1054=VERTEX_POINT('',#1053);
#1055=CARTESIAN_POINT('',(-0.180000000022972,-2.574999999999932,0.25));
#1056=VERTEX_POINT('',#1055);
#1057=CARTESIAN_POINT('',(-0.180000000022944,-2.477098005439757,0.25));
#1058=DIRECTION('',(-2.905913E-013,-1.0,0.0));
#1059=VECTOR('',#1058,0.097901994560175);
#1060=LINE('',#1057,#1059);
#1061=EDGE_CURVE('',#1054,#1056,#1060,.T.);
#1062=ORIENTED_EDGE('',*,*,#1061,.T.);
#1063=CARTESIAN_POINT('',(-0.180000000022972,-2.574999999999932,0.0));
#1064=VERTEX_POINT('',#1063);
#1065=CARTESIAN_POINT('',(-0.180000000022972,-2.574999999999932,0.0));
#1066=DIRECTION('',(0.0,0.0,1.0));
#1067=VECTOR('',#1066,0.25);
#1068=LINE('',#1065,#1067);
#1069=EDGE_CURVE('',#1064,#1056,#1068,.T.);
#1070=ORIENTED_EDGE('',*,*,#1069,.F.);
#1071=CARTESIAN_POINT('',(-0.180000000022944,-2.477098005439757,0.0));
#1072=VERTEX_POINT('',#1071);
#1073=CARTESIAN_POINT('',(-0.180000000022944,-2.477098005439757,0.0));
#1074=DIRECTION('',(-2.905913E-013,-1.0,0.0));
#1075=VECTOR('',#1074,0.097901994560175);
#1076=LINE('',#1073,#1075);
#1077=EDGE_CURVE('',#1072,#1064,#1076,.T.);
#1078=ORIENTED_EDGE('',*,*,#1077,.F.);
#1079=CARTESIAN_POINT('',(-0.180000000022944,-2.477098005439757,0.0));
#1080=DIRECTION('',(0.0,0.0,1.0));
#1081=VECTOR('',#1080,0.25);
#1082=LINE('',#1079,#1081);
#1083=EDGE_CURVE('',#1072,#1054,#1082,.T.);
#1084=ORIENTED_EDGE('',*,*,#1083,.T.);
#1085=EDGE_LOOP('',(#1062,#1070,#1078,#1084));
#1086=FACE_OUTER_BOUND('',#1085,.T.);
#1087=ADVANCED_FACE('',(#1086),#1052,.T.);
#1088=CARTESIAN_POINT('',(-0.180000000022972,-2.574999999999932,0.0));
#1089=DIRECTION('',(0.0,-1.0,0.0));
#1090=DIRECTION('',(0.0,0.0,-1.0));
#1091=AXIS2_PLACEMENT_3D('',#1088,#1089,#1090);
#1092=PLANE('',#1091);
#1093=CARTESIAN_POINT('',(-0.580000000023035,-2.574999999999932,0.25));
#1094=VERTEX_POINT('',#1093);
#1095=CARTESIAN_POINT('',(-0.180000000022972,-2.574999999999932,0.25));
#1096=DIRECTION('',(-1.0,0.0,0.0));
#1097=VECTOR('',#1096,0.400000000000063);
#1098=LINE('',#1095,#1097);
#1099=EDGE_CURVE('',#1056,#1094,#1098,.T.);
#1100=ORIENTED_EDGE('',*,*,#1099,.T.);
#1101=CARTESIAN_POINT('',(-0.580000000023035,-2.574999999999932,0.0));
#1102=VERTEX_POINT('',#1101);
#1103=CARTESIAN_POINT('',(-0.580000000023035,-2.574999999999932,0.0));
#1104=DIRECTION('',(0.0,0.0,1.0));
#1105=VECTOR('',#1104,0.25);
#1106=LINE('',#1103,#1105);
#1107=EDGE_CURVE('',#1102,#1094,#1106,.T.);
#1108=ORIENTED_EDGE('',*,*,#1107,.F.);
#1109=CARTESIAN_POINT('',(-0.180000000022972,-2.574999999999932,0.0));
#1110=DIRECTION('',(-1.0,0.0,0.0));
#1111=VECTOR('',#1110,0.400000000000063);
#1112=LINE('',#1109,#1111);
#1113=EDGE_CURVE('',#1064,#1102,#1112,.T.);
#1114=ORIENTED_EDGE('',*,*,#1113,.F.);
#1115=ORIENTED_EDGE('',*,*,#1069,.T.);
#1116=EDGE_LOOP('',(#1100,#1108,#1114,#1115));
#1117=FACE_OUTER_BOUND('',#1116,.T.);
#1118=ADVANCED_FACE('',(#1117),#1092,.T.);
#1119=CARTESIAN_POINT('',(-0.580000000023035,-2.574999999999932,0.0));
#1120=DIRECTION('',(-1.0,0.0,0.0));
#1121=DIRECTION('',(0.0,0.0,-1.0));
#1122=AXIS2_PLACEMENT_3D('',#1119,#1120,#1121);
#1123=PLANE('',#1122);
#1124=CARTESIAN_POINT('',(-0.580000000023035,-2.477098005439757,0.25));
#1125=VERTEX_POINT('',#1124);
#1126=CARTESIAN_POINT('',(-0.580000000023035,-2.574999999999932,0.25));
#1127=DIRECTION('',(0.0,1.0,0.0));
#1128=VECTOR('',#1127,0.097901994560175);
#1129=LINE('',#1126,#1128);
#1130=EDGE_CURVE('',#1094,#1125,#1129,.T.);
#1131=ORIENTED_EDGE('',*,*,#1130,.T.);
#1132=CARTESIAN_POINT('',(-0.580000000023035,-2.477098005439757,0.0));
#1133=VERTEX_POINT('',#1132);
#1134=CARTESIAN_POINT('',(-0.580000000023035,-2.477098005439757,0.0));
#1135=DIRECTION('',(0.0,0.0,1.0));
#1136=VECTOR('',#1135,0.25);
#1137=LINE('',#1134,#1136);
#1138=EDGE_CURVE('',#1133,#1125,#1137,.T.);
#1139=ORIENTED_EDGE('',*,*,#1138,.F.);
#1140=CARTESIAN_POINT('',(-0.580000000023035,-2.574999999999932,0.0));
#1141=DIRECTION('',(0.0,1.0,0.0));
#1142=VECTOR('',#1141,0.097901994560175);
#1143=LINE('',#1140,#1142);
#1144=EDGE_CURVE('',#1102,#1133,#1143,.T.);
#1145=ORIENTED_EDGE('',*,*,#1144,.F.);
#1146=ORIENTED_EDGE('',*,*,#1107,.T.);
#1147=EDGE_LOOP('',(#1131,#1139,#1145,#1146));
#1148=FACE_OUTER_BOUND('',#1147,.T.);
#1149=ADVANCED_FACE('',(#1148),#1123,.T.);
#1150=CARTESIAN_POINT('',(-0.580000000023035,-2.477098005439757,0.0));
#1151=DIRECTION('',(-0.707106781186447,-0.707106781186648,0.0));
#1152=DIRECTION('',(0.0,0.0,-1.0));
#1153=AXIS2_PLACEMENT_3D('',#1150,#1151,#1152);
#1154=PLANE('',#1153);
#1155=CARTESIAN_POINT('',(-0.680000000023029,-2.377098005439791,0.25));
#1156=VERTEX_POINT('',#1155);
#1157=CARTESIAN_POINT('',(-0.580000000023035,-2.477098005439757,0.25));
#1158=DIRECTION('',(-0.707106781186648,0.707106781186447,0.0));
#1159=VECTOR('',#1158,0.141421356237281);
#1160=LINE('',#1157,#1159);
#1161=EDGE_CURVE('',#1125,#1156,#1160,.T.);
#1162=ORIENTED_EDGE('',*,*,#1161,.T.);
#1163=CARTESIAN_POINT('',(-0.680000000023029,-2.377098005439791,0.0));
#1164=VERTEX_POINT('',#1163);
#1165=CARTESIAN_POINT('',(-0.680000000023029,-2.377098005439791,0.0));
#1166=DIRECTION('',(0.0,0.0,1.0));
#1167=VECTOR('',#1166,0.25);
#1168=LINE('',#1165,#1167);
#1169=EDGE_CURVE('',#1164,#1156,#1168,.T.);
#1170=ORIENTED_EDGE('',*,*,#1169,.F.);
#1171=CARTESIAN_POINT('',(-0.580000000023035,-2.477098005439757,0.0));
#1172=DIRECTION('',(-0.707106781186648,0.707106781186447,0.0));
#1173=VECTOR('',#1172,0.141421356237281);
#1174=LINE('',#1171,#1173);
#1175=EDGE_CURVE('',#1133,#1164,#1174,.T.);
#1176=ORIENTED_EDGE('',*,*,#1175,.F.);
#1177=ORIENTED_EDGE('',*,*,#1138,.T.);
#1178=EDGE_LOOP('',(#1162,#1170,#1176,#1177));
#1179=FACE_OUTER_BOUND('',#1178,.T.);
#1180=ADVANCED_FACE('',(#1179),#1154,.T.);
#1181=CARTESIAN_POINT('',(-0.680000000023029,-2.377098005439791,0.0));
#1182=DIRECTION('',(-1.0,0.0,0.0));
#1183=DIRECTION('',(0.0,0.0,-1.0));
#1184=AXIS2_PLACEMENT_3D('',#1181,#1182,#1183);
#1185=PLANE('',#1184);
#1186=CARTESIAN_POINT('',(-0.680000000023029,-2.225000000001444,0.25));
#1187=VERTEX_POINT('',#1186);
#1188=CARTESIAN_POINT('',(-0.680000000023029,-2.377098005439791,0.25));
#1189=DIRECTION('',(0.0,1.0,0.0));
#1190=VECTOR('',#1189,0.152098005438347);
#1191=LINE('',#1188,#1190);
#1192=EDGE_CURVE('',#1156,#1187,#1191,.T.);
#1193=ORIENTED_EDGE('',*,*,#1192,.T.);
#1194=CARTESIAN_POINT('',(-0.680000000023029,-2.225000000001444,0.0));
#1195=VERTEX_POINT('',#1194);
#1196=CARTESIAN_POINT('',(-0.680000000023029,-2.225000000001444,0.0));
#1197=DIRECTION('',(0.0,0.0,1.0));
#1198=VECTOR('',#1197,0.25);
#1199=LINE('',#1196,#1198);
#1200=EDGE_CURVE('',#1195,#1187,#1199,.T.);
#1201=ORIENTED_EDGE('',*,*,#1200,.F.);
#1202=CARTESIAN_POINT('',(-0.680000000023029,-2.377098005439791,0.0));
#1203=DIRECTION('',(0.0,1.0,0.0));
#1204=VECTOR('',#1203,0.152098005438347);
#1205=LINE('',#1202,#1204);
#1206=EDGE_CURVE('',#1164,#1195,#1205,.T.);
#1207=ORIENTED_EDGE('',*,*,#1206,.F.);
#1208=ORIENTED_EDGE('',*,*,#1169,.T.);
#1209=EDGE_LOOP('',(#1193,#1201,#1207,#1208));
#1210=FACE_OUTER_BOUND('',#1209,.T.);
#1211=ADVANCED_FACE('',(#1210),#1185,.T.);
#1212=CARTESIAN_POINT('',(-0.680000000023029,-2.225000000001444,0.0));
#1213=DIRECTION('',(0.0,-1.0,0.0));
#1214=DIRECTION('',(0.0,0.0,-1.0));
#1215=AXIS2_PLACEMENT_3D('',#1212,#1213,#1214);
#1216=PLANE('',#1215);
#1217=CARTESIAN_POINT('',(-1.080000000033352,-2.225000000001444,0.25));
#1218=VERTEX_POINT('',#1217);
#1219=CARTESIAN_POINT('',(-0.680000000023029,-2.225000000001444,0.25));
#1220=DIRECTION('',(-1.0,0.0,0.0));
#1221=VECTOR('',#1220,0.400000000010323);
#1222=LINE('',#1219,#1221);
#1223=EDGE_CURVE('',#1187,#1218,#1222,.T.);
#1224=ORIENTED_EDGE('',*,*,#1223,.T.);
#1225=CARTESIAN_POINT('',(-1.080000000033352,-2.225000000001444,0.0));
#1226=VERTEX_POINT('',#1225);
#1227=CARTESIAN_POINT('',(-1.080000000033352,-2.225000000001444,0.0));
#1228=DIRECTION('',(0.0,0.0,1.0));
#1229=VECTOR('',#1228,0.25);
#1230=LINE('',#1227,#1229);
#1231=EDGE_CURVE('',#1226,#1218,#1230,.T.);
#1232=ORIENTED_EDGE('',*,*,#1231,.F.);
#1233=CARTESIAN_POINT('',(-0.680000000023029,-2.225000000001444,0.0));
#1234=DIRECTION('',(-1.0,0.0,0.0));
#1235=VECTOR('',#1234,0.400000000010323);
#1236=LINE('',#1233,#1235);
#1237=EDGE_CURVE('',#1195,#1226,#1236,.T.);
#1238=ORIENTED_EDGE('',*,*,#1237,.F.);
#1239=ORIENTED_EDGE('',*,*,#1200,.T.);
#1240=EDGE_LOOP('',(#1224,#1232,#1238,#1239));
#1241=FACE_OUTER_BOUND('',#1240,.T.);
#1242=ADVANCED_FACE('',(#1241),#1216,.T.);
#1243=CARTESIAN_POINT('',(-1.080000000033352,-2.225000000001444,0.0));
#1244=DIRECTION('',(-1.0,0.0,0.0));
#1245=DIRECTION('',(0.0,0.0,-1.0));
#1246=AXIS2_PLACEMENT_3D('',#1243,#1244,#1245);
#1247=PLANE('',#1246);
#1248=CARTESIAN_POINT('',(-1.08000000003301,2.224999999998829,0.25));
#1249=VERTEX_POINT('',#1248);
#1250=CARTESIAN_POINT('',(-1.080000000033352,-2.225000000001444,0.25));
#1251=DIRECTION('',(0.0,1.0,0.0));
#1252=VECTOR('',#1251,4.450000000000273);
#1253=LINE('',#1250,#1252);
#1254=EDGE_CURVE('',#1218,#1249,#1253,.T.);
#1255=ORIENTED_EDGE('',*,*,#1254,.T.);
#1256=CARTESIAN_POINT('',(-1.08000000003301,2.224999999998829,0.0));
#1257=VERTEX_POINT('',#1256);
#1258=CARTESIAN_POINT('',(-1.08000000003301,2.224999999998829,0.0));
#1259=DIRECTION('',(0.0,0.0,1.0));
#1260=VECTOR('',#1259,0.25);
#1261=LINE('',#1258,#1260);
#1262=EDGE_CURVE('',#1257,#1249,#1261,.T.);
#1263=ORIENTED_EDGE('',*,*,#1262,.F.);
#1264=CARTESIAN_POINT('',(-1.080000000033352,-2.225000000001444,0.0));
#1265=DIRECTION('',(0.0,1.0,0.0));
#1266=VECTOR('',#1265,4.450000000000273);
#1267=LINE('',#1264,#1266);
#1268=EDGE_CURVE('',#1226,#1257,#1267,.T.);
#1269=ORIENTED_EDGE('',*,*,#1268,.F.);
#1270=ORIENTED_EDGE('',*,*,#1231,.T.);
#1271=EDGE_LOOP('',(#1255,#1263,#1269,#1270));
#1272=FACE_OUTER_BOUND('',#1271,.T.);
#1273=ADVANCED_FACE('',(#1272),#1247,.T.);
#1274=CARTESIAN_POINT('',(-1.08000000003301,2.224999999998829,0.0));
#1275=DIRECTION('',(0.0,1.0,0.0));
#1276=DIRECTION('',(0.0,0.0,1.0));
#1277=AXIS2_PLACEMENT_3D('',#1274,#1275,#1276);
#1278=PLANE('',#1277);
#1279=CARTESIAN_POINT('',(-0.680000000022801,2.224999999998829,0.25));
#1280=VERTEX_POINT('',#1279);
#1281=CARTESIAN_POINT('',(-1.08000000003301,2.224999999998829,0.25));
#1282=DIRECTION('',(1.0,0.0,0.0));
#1283=VECTOR('',#1282,0.400000000010209);
#1284=LINE('',#1281,#1283);
#1285=EDGE_CURVE('',#1249,#1280,#1284,.T.);
#1286=ORIENTED_EDGE('',*,*,#1285,.T.);
#1287=CARTESIAN_POINT('',(-0.680000000022801,2.224999999998829,0.0));
#1288=VERTEX_POINT('',#1287);
#1289=CARTESIAN_POINT('',(-0.680000000022801,2.224999999998829,0.0));
#1290=DIRECTION('',(0.0,0.0,1.0));
#1291=VECTOR('',#1290,0.25);
#1292=LINE('',#1289,#1291);
#1293=EDGE_CURVE('',#1288,#1280,#1292,.T.);
#1294=ORIENTED_EDGE('',*,*,#1293,.F.);
#1295=CARTESIAN_POINT('',(-1.08000000003301,2.224999999998829,0.0));
#1296=DIRECTION('',(1.0,0.0,0.0));
#1297=VECTOR('',#1296,0.400000000010209);
#1298=LINE('',#1295,#1297);
#1299=EDGE_CURVE('',#1257,#1288,#1298,.T.);
#1300=ORIENTED_EDGE('',*,*,#1299,.F.);
#1301=ORIENTED_EDGE('',*,*,#1262,.T.);
#1302=EDGE_LOOP('',(#1286,#1294,#1300,#1301));
#1303=FACE_OUTER_BOUND('',#1302,.T.);
#1304=ADVANCED_FACE('',(#1303),#1278,.T.);
#1305=CARTESIAN_POINT('',(-0.680000000022801,2.224999999998829,0.0));
#1306=DIRECTION('',(-1.0,0.0,0.0));
#1307=DIRECTION('',(0.0,0.0,-1.0));
#1308=AXIS2_PLACEMENT_3D('',#1305,#1306,#1307);
#1309=PLANE('',#1308);
#1310=CARTESIAN_POINT('',(-0.680000000022801,2.377098005437176,0.25));
#1311=VERTEX_POINT('',#1310);
#1312=CARTESIAN_POINT('',(-0.680000000022801,2.224999999998829,0.25));
#1313=DIRECTION('',(0.0,1.0,0.0));
#1314=VECTOR('',#1313,0.152098005438347);
#1315=LINE('',#1312,#1314);
#1316=EDGE_CURVE('',#1280,#1311,#1315,.T.);
#1317=ORIENTED_EDGE('',*,*,#1316,.T.);
#1318=CARTESIAN_POINT('',(-0.680000000022801,2.377098005437176,0.0));
#1319=VERTEX_POINT('',#1318);
#1320=CARTESIAN_POINT('',(-0.680000000022801,2.377098005437176,0.0));
#1321=DIRECTION('',(0.0,0.0,1.0));
#1322=VECTOR('',#1321,0.25);
#1323=LINE('',#1320,#1322);
#1324=EDGE_CURVE('',#1319,#1311,#1323,.T.);
#1325=ORIENTED_EDGE('',*,*,#1324,.F.);
#1326=CARTESIAN_POINT('',(-0.680000000022801,2.224999999998829,0.0));
#1327=DIRECTION('',(0.0,1.0,0.0));
#1328=VECTOR('',#1327,0.152098005438347);
#1329=LINE('',#1326,#1328);
#1330=EDGE_CURVE('',#1288,#1319,#1329,.T.);
#1331=ORIENTED_EDGE('',*,*,#1330,.F.);
#1332=ORIENTED_EDGE('',*,*,#1293,.T.);
#1333=EDGE_LOOP('',(#1317,#1325,#1331,#1332));
#1334=FACE_OUTER_BOUND('',#1333,.T.);
#1335=ADVANCED_FACE('',(#1334),#1309,.T.);
#1336=CARTESIAN_POINT('',(-0.680000000022801,2.377098005437176,0.0));
#1337=DIRECTION('',(-0.707106781185945,0.707106781187151,0.0));
#1338=DIRECTION('',(0.0,0.0,1.0));
#1339=AXIS2_PLACEMENT_3D('',#1336,#1337,#1338);
#1340=PLANE('',#1339);
#1341=CARTESIAN_POINT('',(-0.580000000022778,2.477098005437028,0.25));
#1342=VERTEX_POINT('',#1341);
#1343=CARTESIAN_POINT('',(-0.680000000022801,2.377098005437176,0.25));
#1344=DIRECTION('',(0.70710678118715,0.707106781185945,0.0));
#1345=VECTOR('',#1344,0.141421356237221);
#1346=LINE('',#1343,#1345);
#1347=EDGE_CURVE('',#1311,#1342,#1346,.T.);
#1348=ORIENTED_EDGE('',*,*,#1347,.T.);
#1349=CARTESIAN_POINT('',(-0.580000000022778,2.477098005437028,0.0));
#1350=VERTEX_POINT('',#1349);
#1351=CARTESIAN_POINT('',(-0.580000000022778,2.477098005437028,0.0));
#1352=DIRECTION('',(0.0,0.0,1.0));
#1353=VECTOR('',#1352,0.25);
#1354=LINE('',#1351,#1353);
#1355=EDGE_CURVE('',#1350,#1342,#1354,.T.);
#1356=ORIENTED_EDGE('',*,*,#1355,.F.);
#1357=CARTESIAN_POINT('',(-0.680000000022801,2.377098005437176,0.0));
#1358=DIRECTION('',(0.70710678118715,0.707106781185945,0.0));
#1359=VECTOR('',#1358,0.141421356237221);
#1360=LINE('',#1357,#1359);
#1361=EDGE_CURVE('',#1319,#1350,#1360,.T.);
#1362=ORIENTED_EDGE('',*,*,#1361,.F.);
#1363=ORIENTED_EDGE('',*,*,#1324,.T.);
#1364=EDGE_LOOP('',(#1348,#1356,#1362,#1363));
#1365=FACE_OUTER_BOUND('',#1364,.T.);
#1366=ADVANCED_FACE('',(#1365),#1340,.T.);
#1367=CARTESIAN_POINT('',(-0.580000000022778,2.477098005437028,0.0));
#1368=DIRECTION('',(-1.0,0.0,0.0));
#1369=DIRECTION('',(0.0,0.0,-1.0));
#1370=AXIS2_PLACEMENT_3D('',#1367,#1368,#1369);
#1371=PLANE('',#1370);
#1372=CARTESIAN_POINT('',(-0.580000000022778,2.574999999999875,0.25));
#1373=VERTEX_POINT('',#1372);
#1374=CARTESIAN_POINT('',(-0.580000000022778,2.477098005437028,0.25));
#1375=DIRECTION('',(0.0,1.0,0.0));
#1376=VECTOR('',#1375,0.097901994562847);
#1377=LINE('',#1374,#1376);
#1378=EDGE_CURVE('',#1342,#1373,#1377,.T.);
#1379=ORIENTED_EDGE('',*,*,#1378,.T.);
#1380=CARTESIAN_POINT('',(-0.580000000022778,2.574999999999875,0.0));
#1381=VERTEX_POINT('',#1380);
#1382=CARTESIAN_POINT('',(-0.580000000022778,2.574999999999875,0.0));
#1383=DIRECTION('',(0.0,0.0,1.0));
#1384=VECTOR('',#1383,0.25);
#1385=LINE('',#1382,#1384);
#1386=EDGE_CURVE('',#1381,#1373,#1385,.T.);
#1387=ORIENTED_EDGE('',*,*,#1386,.F.);
#1388=CARTESIAN_POINT('',(-0.580000000022778,2.477098005437028,0.0));
#1389=DIRECTION('',(0.0,1.0,0.0));
#1390=VECTOR('',#1389,0.097901994562847);
#1391=LINE('',#1388,#1390);
#1392=EDGE_CURVE('',#1350,#1381,#1391,.T.);
#1393=ORIENTED_EDGE('',*,*,#1392,.F.);
#1394=ORIENTED_EDGE('',*,*,#1355,.T.);
#1395=EDGE_LOOP('',(#1379,#1387,#1393,#1394));
#1396=FACE_OUTER_BOUND('',#1395,.T.);
#1397=ADVANCED_FACE('',(#1396),#1371,.T.);
#1398=CARTESIAN_POINT('',(-0.580000000022778,2.574999999999875,0.0));
#1399=DIRECTION('',(0.0,1.0,0.0));
#1400=DIRECTION('',(0.0,0.0,1.0));
#1401=AXIS2_PLACEMENT_3D('',#1398,#1399,#1400);
#1402=PLANE('',#1401);
#1403=CARTESIAN_POINT('',(-0.180000000022715,2.574999999999875,0.25));
#1404=VERTEX_POINT('',#1403);
#1405=CARTESIAN_POINT('',(-0.580000000022778,2.574999999999875,0.25));
#1406=DIRECTION('',(1.0,0.0,0.0));
#1407=VECTOR('',#1406,0.400000000000063);
#1408=LINE('',#1405,#1407);
#1409=EDGE_CURVE('',#1373,#1404,#1408,.T.);
#1410=ORIENTED_EDGE('',*,*,#1409,.T.);
#1411=CARTESIAN_POINT('',(-0.180000000022715,2.574999999999875,0.0));
#1412=VERTEX_POINT('',#1411);
#1413=CARTESIAN_POINT('',(-0.180000000022715,2.574999999999875,0.0));
#1414=DIRECTION('',(0.0,0.0,1.0));
#1415=VECTOR('',#1414,0.25);
#1416=LINE('',#1413,#1415);
#1417=EDGE_CURVE('',#1412,#1404,#1416,.T.);
#1418=ORIENTED_EDGE('',*,*,#1417,.F.);
#1419=CARTESIAN_POINT('',(-0.580000000022778,2.574999999999875,0.0));
#1420=DIRECTION('',(1.0,0.0,0.0));
#1421=VECTOR('',#1420,0.400000000000063);
#1422=LINE('',#1419,#1421);
#1423=EDGE_CURVE('',#1381,#1412,#1422,.T.);
#1424=ORIENTED_EDGE('',*,*,#1423,.F.);
#1425=ORIENTED_EDGE('',*,*,#1386,.T.);
#1426=EDGE_LOOP('',(#1410,#1418,#1424,#1425));
#1427=FACE_OUTER_BOUND('',#1426,.T.);
#1428=ADVANCED_FACE('',(#1427),#1402,.T.);
#1429=CARTESIAN_POINT('',(-0.180000000022715,2.574999999999875,0.0));
#1430=DIRECTION('',(1.0,2.901241E-013,0.0));
#1431=DIRECTION('',(0.0,0.0,1.0));
#1432=AXIS2_PLACEMENT_3D('',#1429,#1430,#1431);
#1433=PLANE('',#1432);
#1434=CARTESIAN_POINT('',(-0.180000000022687,2.477098005437028,0.25));
#1435=VERTEX_POINT('',#1434);
#1436=CARTESIAN_POINT('',(-0.180000000022715,2.574999999999875,0.25));
#1437=DIRECTION('',(2.900243E-013,-1.0,0.0));
#1438=VECTOR('',#1437,0.097901994562847);
#1439=LINE('',#1436,#1438);
#1440=EDGE_CURVE('',#1404,#1435,#1439,.T.);
#1441=ORIENTED_EDGE('',*,*,#1440,.T.);
#1442=CARTESIAN_POINT('',(-0.180000000022687,2.477098005437028,0.0));
#1443=VERTEX_POINT('',#1442);
#1444=CARTESIAN_POINT('',(-0.180000000022687,2.477098005437028,0.0));
#1445=DIRECTION('',(0.0,0.0,1.0));
#1446=VECTOR('',#1445,0.25);
#1447=LINE('',#1444,#1446);
#1448=EDGE_CURVE('',#1443,#1435,#1447,.T.);
#1449=ORIENTED_EDGE('',*,*,#1448,.F.);
#1450=CARTESIAN_POINT('',(-0.180000000022715,2.574999999999875,0.0));
#1451=DIRECTION('',(2.900243E-013,-1.0,0.0));
#1452=VECTOR('',#1451,0.097901994562847);
#1453=LINE('',#1450,#1452);
#1454=EDGE_CURVE('',#1412,#1443,#1453,.T.);
#1455=ORIENTED_EDGE('',*,*,#1454,.F.);
#1456=ORIENTED_EDGE('',*,*,#1417,.T.);
#1457=EDGE_LOOP('',(#1441,#1449,#1455,#1456));
#1458=FACE_OUTER_BOUND('',#1457,.T.);
#1459=ADVANCED_FACE('',(#1458),#1433,.T.);
#1460=CARTESIAN_POINT('',(-0.180000000022687,2.477098005437028,0.0));
#1461=DIRECTION('',(0.707106781186447,0.707106781186648,0.0));
#1462=DIRECTION('',(0.0,0.0,1.0));
#1463=AXIS2_PLACEMENT_3D('',#1460,#1461,#1462);
#1464=PLANE('',#1463);
#1465=CARTESIAN_POINT('',(-0.080000000022749,2.377098005437119,0.25));
#1466=VERTEX_POINT('',#1465);
#1467=CARTESIAN_POINT('',(-0.180000000022687,2.477098005437028,0.25));
#1468=DIRECTION('',(0.707106781186648,-0.707106781186447,0.0));
#1469=VECTOR('',#1468,0.141421356237201);
#1470=LINE('',#1467,#1469);
#1471=EDGE_CURVE('',#1435,#1466,#1470,.T.);
#1472=ORIENTED_EDGE('',*,*,#1471,.T.);
#1473=CARTESIAN_POINT('',(-0.080000000022749,2.377098005437119,0.0));
#1474=VERTEX_POINT('',#1473);
#1475=CARTESIAN_POINT('',(-0.080000000022749,2.377098005437119,0.0));
#1476=DIRECTION('',(0.0,0.0,1.0));
#1477=VECTOR('',#1476,0.25);
#1478=LINE('',#1475,#1477);
#1479=EDGE_CURVE('',#1474,#1466,#1478,.T.);
#1480=ORIENTED_EDGE('',*,*,#1479,.F.);
#1481=CARTESIAN_POINT('',(-0.180000000022687,2.477098005437028,0.0));
#1482=DIRECTION('',(0.707106781186648,-0.707106781186447,0.0));
#1483=VECTOR('',#1482,0.141421356237201);
#1484=LINE('',#1481,#1483);
#1485=EDGE_CURVE('',#1443,#1474,#1484,.T.);
#1486=ORIENTED_EDGE('',*,*,#1485,.F.);
#1487=ORIENTED_EDGE('',*,*,#1448,.T.);
#1488=EDGE_LOOP('',(#1472,#1480,#1486,#1487));
#1489=FACE_OUTER_BOUND('',#1488,.T.);
#1490=ADVANCED_FACE('',(#1489),#1464,.T.);
#1491=CARTESIAN_POINT('',(-0.080000000022749,2.377098005437119,0.0));
#1492=DIRECTION('',(1.0,0.0,0.0));
#1493=DIRECTION('',(0.0,0.0,1.0));
#1494=AXIS2_PLACEMENT_3D('',#1491,#1492,#1493);
#1495=PLANE('',#1494);
#1496=CARTESIAN_POINT('',(-0.080000000022749,2.224999999998772,0.25));
#1497=VERTEX_POINT('',#1496);
#1498=CARTESIAN_POINT('',(-0.080000000022749,2.377098005437119,0.25));
#1499=DIRECTION('',(0.0,-1.0,0.0));
#1500=VECTOR('',#1499,0.152098005438347);
#1501=LINE('',#1498,#1500);
#1502=EDGE_CURVE('',#1466,#1497,#1501,.T.);
#1503=ORIENTED_EDGE('',*,*,#1502,.T.);
#1504=CARTESIAN_POINT('',(-0.080000000022749,2.224999999998772,0.0));
#1505=VERTEX_POINT('',#1504);
#1506=CARTESIAN_POINT('',(-0.080000000022749,2.224999999998772,0.0));
#1507=DIRECTION('',(0.0,0.0,1.0));
#1508=VECTOR('',#1507,0.25);
#1509=LINE('',#1506,#1508);
#1510=EDGE_CURVE('',#1505,#1497,#1509,.T.);
#1511=ORIENTED_EDGE('',*,*,#1510,.F.);
#1512=CARTESIAN_POINT('',(-0.080000000022749,2.377098005437119,0.0));
#1513=DIRECTION('',(0.0,-1.0,0.0));
#1514=VECTOR('',#1513,0.152098005438347);
#1515=LINE('',#1512,#1514);
#1516=EDGE_CURVE('',#1474,#1505,#1515,.T.);
#1517=ORIENTED_EDGE('',*,*,#1516,.F.);
#1518=ORIENTED_EDGE('',*,*,#1479,.T.);
#1519=EDGE_LOOP('',(#1503,#1511,#1517,#1518));
#1520=FACE_OUTER_BOUND('',#1519,.T.);
#1521=ADVANCED_FACE('',(#1520),#1495,.T.);
#1522=CARTESIAN_POINT('',(-0.080000000022749,2.224999999998772,0.0));
#1523=DIRECTION('',(0.0,1.0,0.0));
#1524=DIRECTION('',(0.0,0.0,1.0));
#1525=AXIS2_PLACEMENT_3D('',#1522,#1523,#1524);
#1526=PLANE('',#1525);
#1527=CARTESIAN_POINT('',(0.154999999999405,2.224999999998772,0.25));
#1528=VERTEX_POINT('',#1527);
#1529=CARTESIAN_POINT('',(-0.080000000022749,2.224999999998772,0.25));
#1530=DIRECTION('',(1.0,0.0,0.0));
#1531=VECTOR('',#1530,0.235000000022154);
#1532=LINE('',#1529,#1531);
#1533=EDGE_CURVE('',#1497,#1528,#1532,.T.);
#1534=ORIENTED_EDGE('',*,*,#1533,.T.);
#1535=CARTESIAN_POINT('',(0.154999999999405,2.224999999998772,0.0));
#1536=VERTEX_POINT('',#1535);
#1537=CARTESIAN_POINT('',(0.154999999999405,2.224999999998772,0.0));
#1538=DIRECTION('',(0.0,0.0,1.0));
#1539=VECTOR('',#1538,0.25);
#1540=LINE('',#1537,#1539);
#1541=EDGE_CURVE('',#1536,#1528,#1540,.T.);
#1542=ORIENTED_EDGE('',*,*,#1541,.F.);
#1543=CARTESIAN_POINT('',(-0.080000000022749,2.224999999998772,0.0));
#1544=DIRECTION('',(1.0,0.0,0.0));
#1545=VECTOR('',#1544,0.235000000022154);
#1546=LINE('',#1543,#1545);
#1547=EDGE_CURVE('',#1505,#1536,#1546,.T.);
#1548=ORIENTED_EDGE('',*,*,#1547,.F.);
#1549=ORIENTED_EDGE('',*,*,#1510,.T.);
#1550=EDGE_LOOP('',(#1534,#1542,#1548,#1549));
#1551=FACE_OUTER_BOUND('',#1550,.T.);
#1552=ADVANCED_FACE('',(#1551),#1526,.T.);
#1553=CARTESIAN_POINT('',(0.154999999999405,2.224999999998772,0.0));
#1554=DIRECTION('',(1.0,0.0,0.0));
#1555=DIRECTION('',(0.0,0.0,1.0));
#1556=AXIS2_PLACEMENT_3D('',#1553,#1554,#1555);
#1557=PLANE('',#1556);
#1558=CARTESIAN_POINT('',(0.154999999999405,2.154999999999063,0.25));
#1559=VERTEX_POINT('',#1558);
#1560=CARTESIAN_POINT('',(0.154999999999405,2.224999999998772,0.25));
#1561=DIRECTION('',(0.0,-1.0,0.0));
#1562=VECTOR('',#1561,0.069999999999709);
#1563=LINE('',#1560,#1562);
#1564=EDGE_CURVE('',#1528,#1559,#1563,.T.);
#1565=ORIENTED_EDGE('',*,*,#1564,.T.);
#1566=CARTESIAN_POINT('',(0.154999999999405,2.154999999999063,0.0));
#1567=VERTEX_POINT('',#1566);
#1568=CARTESIAN_POINT('',(0.154999999999405,2.154999999999063,0.0));
#1569=DIRECTION('',(0.0,0.0,1.0));
#1570=VECTOR('',#1569,0.25);
#1571=LINE('',#1568,#1570);
#1572=EDGE_CURVE('',#1567,#1559,#1571,.T.);
#1573=ORIENTED_EDGE('',*,*,#1572,.F.);
#1574=CARTESIAN_POINT('',(0.154999999999405,2.224999999998772,0.0));
#1575=DIRECTION('',(0.0,-1.0,0.0));
#1576=VECTOR('',#1575,0.069999999999709);
#1577=LINE('',#1574,#1576);
#1578=EDGE_CURVE('',#1536,#1567,#1577,.T.);
#1579=ORIENTED_EDGE('',*,*,#1578,.F.);
#1580=ORIENTED_EDGE('',*,*,#1541,.T.);
#1581=EDGE_LOOP('',(#1565,#1573,#1579,#1580));
#1582=FACE_OUTER_BOUND('',#1581,.T.);
#1583=ADVANCED_FACE('',(#1582),#1557,.T.);
#1584=CARTESIAN_POINT('',(0.154999999999405,2.154999999999063,0.0));
#1585=DIRECTION('',(0.0,1.0,0.0));
#1586=DIRECTION('',(0.0,0.0,1.0));
#1587=AXIS2_PLACEMENT_3D('',#1584,#1585,#1586);
#1588=PLANE('',#1587);
#1589=CARTESIAN_POINT('',(2.355000000014485,2.154999999998949,0.25));
#1590=VERTEX_POINT('',#1589);
#1591=CARTESIAN_POINT('',(0.154999999999405,2.154999999999063,0.25));
#1592=DIRECTION('',(1.0,0.0,0.0));
#1593=VECTOR('',#1592,2.200000000015081);
#1594=LINE('',#1591,#1593);
#1595=EDGE_CURVE('',#1559,#1590,#1594,.T.);
#1596=ORIENTED_EDGE('',*,*,#1595,.T.);
#1597=CARTESIAN_POINT('',(2.355000000014485,2.154999999998949,0.0));
#1598=VERTEX_POINT('',#1597);
#1599=CARTESIAN_POINT('',(2.355000000014485,2.154999999998949,0.0));
#1600=DIRECTION('',(0.0,0.0,1.0));
#1601=VECTOR('',#1600,0.25);
#1602=LINE('',#1599,#1601);
#1603=EDGE_CURVE('',#1598,#1590,#1602,.T.);
#1604=ORIENTED_EDGE('',*,*,#1603,.F.);
#1605=CARTESIAN_POINT('',(0.154999999999405,2.154999999999063,0.0));
#1606=DIRECTION('',(1.0,0.0,0.0));
#1607=VECTOR('',#1606,2.200000000015081);
#1608=LINE('',#1605,#1607);
#1609=EDGE_CURVE('',#1567,#1598,#1608,.T.);
#1610=ORIENTED_EDGE('',*,*,#1609,.F.);
#1611=ORIENTED_EDGE('',*,*,#1572,.T.);
#1612=EDGE_LOOP('',(#1596,#1604,#1610,#1611));
#1613=FACE_OUTER_BOUND('',#1612,.T.);
#1614=ADVANCED_FACE('',(#1613),#1588,.T.);
#1615=CARTESIAN_POINT('',(2.355000000014485,2.154999999998949,0.0));
#1616=DIRECTION('',(-1.0,0.0,0.0));
#1617=DIRECTION('',(0.0,0.0,-1.0));
#1618=AXIS2_PLACEMENT_3D('',#1615,#1616,#1617);
#1619=PLANE('',#1618);
#1620=CARTESIAN_POINT('',(2.355000000014485,2.224999999997749,0.25));
#1621=VERTEX_POINT('',#1620);
#1622=CARTESIAN_POINT('',(2.355000000014485,2.154999999998949,0.25));
#1623=DIRECTION('',(0.0,1.0,0.0));
#1624=VECTOR('',#1623,0.069999999998799);
#1625=LINE('',#1622,#1624);
#1626=EDGE_CURVE('',#1590,#1621,#1625,.T.);
#1627=ORIENTED_EDGE('',*,*,#1626,.T.);
#1628=CARTESIAN_POINT('',(2.355000000014485,2.224999999997749,0.0));
#1629=VERTEX_POINT('',#1628);
#1630=CARTESIAN_POINT('',(2.355000000014485,2.224999999997749,0.0));
#1631=DIRECTION('',(0.0,0.0,1.0));
#1632=VECTOR('',#1631,0.25);
#1633=LINE('',#1630,#1632);
#1634=EDGE_CURVE('',#1629,#1621,#1633,.T.);
#1635=ORIENTED_EDGE('',*,*,#1634,.F.);
#1636=CARTESIAN_POINT('',(2.355000000014485,2.154999999998949,0.0));
#1637=DIRECTION('',(0.0,1.0,0.0));
#1638=VECTOR('',#1637,0.069999999998799);
#1639=LINE('',#1636,#1638);
#1640=EDGE_CURVE('',#1598,#1629,#1639,.T.);
#1641=ORIENTED_EDGE('',*,*,#1640,.F.);
#1642=ORIENTED_EDGE('',*,*,#1603,.T.);
#1643=EDGE_LOOP('',(#1627,#1635,#1641,#1642));
#1644=FACE_OUTER_BOUND('',#1643,.T.);
#1645=ADVANCED_FACE('',(#1644),#1619,.T.);
#1646=CARTESIAN_POINT('',(2.355000000014485,2.224999999997749,0.0));
#1647=DIRECTION('',(0.0,1.0,0.0));
#1648=DIRECTION('',(0.0,0.0,1.0));
#1649=AXIS2_PLACEMENT_3D('',#1646,#1647,#1648);
#1650=PLANE('',#1649);
#1651=CARTESIAN_POINT('',(2.433578643779697,2.224999999997749,0.25));
#1652=VERTEX_POINT('',#1651);
#1653=CARTESIAN_POINT('',(2.355000000014485,2.224999999997749,0.25));
#1654=DIRECTION('',(1.0,0.0,0.0));
#1655=VECTOR('',#1654,0.078578643765212);
#1656=LINE('',#1653,#1655);
#1657=EDGE_CURVE('',#1621,#1652,#1656,.T.);
#1658=ORIENTED_EDGE('',*,*,#1657,.T.);
#1659=CARTESIAN_POINT('',(2.433578643779697,2.224999999997749,0.0));
#1660=VERTEX_POINT('',#1659);
#1661=CARTESIAN_POINT('',(2.433578643779697,2.224999999997749,0.0));
#1662=DIRECTION('',(0.0,0.0,1.0));
#1663=VECTOR('',#1662,0.25);
#1664=LINE('',#1661,#1663);
#1665=EDGE_CURVE('',#1660,#1652,#1664,.T.);
#1666=ORIENTED_EDGE('',*,*,#1665,.F.);
#1667=CARTESIAN_POINT('',(2.355000000014485,2.224999999997749,0.0));
#1668=DIRECTION('',(1.0,0.0,0.0));
#1669=VECTOR('',#1668,0.078578643765212);
#1670=LINE('',#1667,#1669);
#1671=EDGE_CURVE('',#1629,#1660,#1670,.T.);
#1672=ORIENTED_EDGE('',*,*,#1671,.F.);
#1673=ORIENTED_EDGE('',*,*,#1634,.T.);
#1674=EDGE_LOOP('',(#1658,#1666,#1672,#1673));
#1675=FACE_OUTER_BOUND('',#1674,.T.);
#1676=ADVANCED_FACE('',(#1675),#1650,.T.);
#1677=CARTESIAN_POINT('',(2.57500000001724,2.274999999997021,0.0));
#1678=DIRECTION('',(0.0,0.0,1.0));
#1679=DIRECTION('',(-0.577350269192707,-0.816496580925547,0.0));
#1680=AXIS2_PLACEMENT_3D('',#1677,#1678,#1679);
#1681=CYLINDRICAL_SURFACE('',#1680,0.149999999999978);
#1682=CARTESIAN_POINT('',(2.575000000016872,2.124999999997044,0.25));
#1683=VERTEX_POINT('',#1682);
#1684=CARTESIAN_POINT('',(2.57500000001724,2.274999999997021,0.25));
#1685=DIRECTION('',(0.0,0.0,1.0));
#1686=DIRECTION('',(-0.577350269192707,-0.816496580925547,0.0));
#1687=AXIS2_PLACEMENT_3D('',#1684,#1685,#1686);
#1688=CIRCLE('',#1687,0.149999999999978);
#1689=EDGE_CURVE('',#1652,#1683,#1688,.T.);
#1690=ORIENTED_EDGE('',*,*,#1689,.T.);
#1691=CARTESIAN_POINT('',(2.575000000016872,2.124999999997044,0.0));
#1692=VERTEX_POINT('',#1691);
#1693=CARTESIAN_POINT('',(2.575000000016872,2.124999999997044,0.0));
#1694=DIRECTION('',(0.0,0.0,1.0));
#1695=VECTOR('',#1694,0.25);
#1696=LINE('',#1693,#1695);
#1697=EDGE_CURVE('',#1692,#1683,#1696,.T.);
#1698=ORIENTED_EDGE('',*,*,#1697,.F.);
#1699=CARTESIAN_POINT('',(2.57500000001724,2.274999999997021,0.0));
#1700=DIRECTION('',(0.0,0.0,1.0));
#1701=DIRECTION('',(-0.577350269192707,-0.816496580925547,0.0));
#1702=AXIS2_PLACEMENT_3D('',#1699,#1700,#1701);
#1703=CIRCLE('',#1702,0.149999999999978);
#1704=EDGE_CURVE('',#1660,#1692,#1703,.T.);
#1705=ORIENTED_EDGE('',*,*,#1704,.F.);
#1706=ORIENTED_EDGE('',*,*,#1665,.T.);
#1707=EDGE_LOOP('',(#1690,#1698,#1705,#1706));
#1708=FACE_OUTER_BOUND('',#1707,.T.);
#1709=ADVANCED_FACE('',(#1708),#1681,.F.);
#1710=CARTESIAN_POINT('',(2.575000000016872,2.124999999997044,0.0));
#1711=DIRECTION('',(6.891948E-013,1.0,0.0));
#1712=DIRECTION('',(0.0,0.0,1.0));
#1713=AXIS2_PLACEMENT_3D('',#1710,#1711,#1712);
#1714=PLANE('',#1713);
#1715=CARTESIAN_POINT('',(2.740000000000038,2.12499999999693,0.25));
#1716=VERTEX_POINT('',#1715);
#1717=CARTESIAN_POINT('',(2.575000000016872,2.124999999997044,0.25));
#1718=DIRECTION('',(1.0,-6.890111E-013,0.0));
#1719=VECTOR('',#1718,0.164999999983166);
#1720=LINE('',#1717,#1719);
#1721=EDGE_CURVE('',#1683,#1716,#1720,.T.);
#1722=ORIENTED_EDGE('',*,*,#1721,.T.);
#1723=CARTESIAN_POINT('',(2.740000000000038,2.12499999999693,0.0));
#1724=VERTEX_POINT('',#1723);
#1725=CARTESIAN_POINT('',(2.740000000000038,2.12499999999693,0.0));
#1726=DIRECTION('',(0.0,0.0,1.0));
#1727=VECTOR('',#1726,0.25);
#1728=LINE('',#1725,#1727);
#1729=EDGE_CURVE('',#1724,#1716,#1728,.T.);
#1730=ORIENTED_EDGE('',*,*,#1729,.F.);
#1731=CARTESIAN_POINT('',(2.575000000016872,2.124999999997044,0.0));
#1732=DIRECTION('',(1.0,-6.890111E-013,0.0));
#1733=VECTOR('',#1732,0.164999999983166);
#1734=LINE('',#1731,#1733);
#1735=EDGE_CURVE('',#1692,#1724,#1734,.T.);
#1736=ORIENTED_EDGE('',*,*,#1735,.F.);
#1737=ORIENTED_EDGE('',*,*,#1697,.T.);
#1738=EDGE_LOOP('',(#1722,#1730,#1736,#1737));
#1739=FACE_OUTER_BOUND('',#1738,.T.);
#1740=ADVANCED_FACE('',(#1739),#1714,.T.);
#1741=CARTESIAN_POINT('',(2.740000000000038,2.12499999999693,0.0));
#1742=DIRECTION('',(1.0,0.0,0.0));
#1743=DIRECTION('',(0.0,0.0,1.0));
#1744=AXIS2_PLACEMENT_3D('',#1741,#1742,#1743);
#1745=PLANE('',#1744);
#1746=CARTESIAN_POINT('',(2.740000000000038,1.684999999998581,0.25));
#1747=VERTEX_POINT('',#1746);
#1748=CARTESIAN_POINT('',(2.740000000000038,2.12499999999693,0.25));
#1749=DIRECTION('',(0.0,-1.0,0.0));
#1750=VECTOR('',#1749,0.439999999998349);
#1751=LINE('',#1748,#1750);
#1752=EDGE_CURVE('',#1716,#1747,#1751,.T.);
#1753=ORIENTED_EDGE('',*,*,#1752,.T.);
#1754=CARTESIAN_POINT('',(2.740000000000038,1.684999999998581,0.0));
#1755=VERTEX_POINT('',#1754);
#1756=CARTESIAN_POINT('',(2.740000000000038,1.684999999998581,0.0));
#1757=DIRECTION('',(0.0,0.0,1.0));
#1758=VECTOR('',#1757,0.25);
#1759=LINE('',#1756,#1758);
#1760=EDGE_CURVE('',#1755,#1747,#1759,.T.);
#1761=ORIENTED_EDGE('',*,*,#1760,.F.);
#1762=CARTESIAN_POINT('',(2.740000000000038,2.12499999999693,0.0));
#1763=DIRECTION('',(0.0,-1.0,0.0));
#1764=VECTOR('',#1763,0.439999999998349);
#1765=LINE('',#1762,#1764);
#1766=EDGE_CURVE('',#1724,#1755,#1765,.T.);
#1767=ORIENTED_EDGE('',*,*,#1766,.F.);
#1768=ORIENTED_EDGE('',*,*,#1729,.T.);
#1769=EDGE_LOOP('',(#1753,#1761,#1767,#1768));
#1770=FACE_OUTER_BOUND('',#1769,.T.);
#1771=ADVANCED_FACE('',(#1770),#1745,.T.);
#1772=CARTESIAN_POINT('',(2.740000000000038,1.684999999998581,0.0));
#1773=DIRECTION('',(-6.201284E-012,-1.0,0.0));
#1774=DIRECTION('',(0.0,0.0,-1.0));
#1775=AXIS2_PLACEMENT_3D('',#1772,#1773,#1774);
#1776=PLANE('',#1775);
#1777=CARTESIAN_POINT('',(2.575000000014911,1.684999999999604,0.25));
#1778=VERTEX_POINT('',#1777);
#1779=CARTESIAN_POINT('',(2.740000000000038,1.684999999998581,0.25));
#1780=DIRECTION('',(-1.0,6.201100E-012,0.0));
#1781=VECTOR('',#1780,0.164999999985127);
#1782=LINE('',#1779,#1781);
#1783=EDGE_CURVE('',#1747,#1778,#1782,.T.);
#1784=ORIENTED_EDGE('',*,*,#1783,.T.);
#1785=CARTESIAN_POINT('',(2.575000000014911,1.684999999999604,0.0));
#1786=VERTEX_POINT('',#1785);
#1787=CARTESIAN_POINT('',(2.575000000014911,1.684999999999604,0.0));
#1788=DIRECTION('',(0.0,0.0,1.0));
#1789=VECTOR('',#1788,0.25);
#1790=LINE('',#1787,#1789);
#1791=EDGE_CURVE('',#1786,#1778,#1790,.T.);
#1792=ORIENTED_EDGE('',*,*,#1791,.F.);
#1793=CARTESIAN_POINT('',(2.740000000000038,1.684999999998581,0.0));
#1794=DIRECTION('',(-1.0,6.201100E-012,0.0));
#1795=VECTOR('',#1794,0.164999999985127);
#1796=LINE('',#1793,#1795);
#1797=EDGE_CURVE('',#1755,#1786,#1796,.T.);
#1798=ORIENTED_EDGE('',*,*,#1797,.F.);
#1799=ORIENTED_EDGE('',*,*,#1760,.T.);
#1800=EDGE_LOOP('',(#1784,#1792,#1798,#1799));
#1801=FACE_OUTER_BOUND('',#1800,.T.);
#1802=ADVANCED_FACE('',(#1801),#1776,.T.);
#1803=CARTESIAN_POINT('',(2.575000000014555,1.534999999999499,0.0));
#1804=DIRECTION('',(0.0,0.0,1.0));
#1805=DIRECTION('',(-0.707106781185676,0.707106781187419,0.0));
#1806=AXIS2_PLACEMENT_3D('',#1803,#1804,#1805);
#1807=CYLINDRICAL_SURFACE('',#1806,0.150000000000105);
#1808=CARTESIAN_POINT('',(2.42500000001445,1.534999999999513,0.25));
#1809=VERTEX_POINT('',#1808);
#1810=CARTESIAN_POINT('',(2.575000000014555,1.534999999999499,0.25));
#1811=DIRECTION('',(0.0,0.0,1.0));
#1812=DIRECTION('',(-0.707106781185676,0.707106781187419,0.0));
#1813=AXIS2_PLACEMENT_3D('',#1810,#1811,#1812);
#1814=CIRCLE('',#1813,0.150000000000105);
#1815=EDGE_CURVE('',#1778,#1809,#1814,.T.);
#1816=ORIENTED_EDGE('',*,*,#1815,.T.);
#1817=CARTESIAN_POINT('',(2.42500000001445,1.534999999999513,0.0));
#1818=VERTEX_POINT('',#1817);
#1819=CARTESIAN_POINT('',(2.42500000001445,1.534999999999513,0.0));
#1820=DIRECTION('',(0.0,0.0,1.0));
#1821=VECTOR('',#1820,0.25);
#1822=LINE('',#1819,#1821);
#1823=EDGE_CURVE('',#1818,#1809,#1822,.T.);
#1824=ORIENTED_EDGE('',*,*,#1823,.F.);
#1825=CARTESIAN_POINT('',(2.575000000014555,1.534999999999499,0.0));
#1826=DIRECTION('',(0.0,0.0,1.0));
#1827=DIRECTION('',(-0.707106781185676,0.707106781187419,0.0));
#1828=AXIS2_PLACEMENT_3D('',#1825,#1826,#1827);
#1829=CIRCLE('',#1828,0.150000000000105);
#1830=EDGE_CURVE('',#1786,#1818,#1829,.T.);
#1831=ORIENTED_EDGE('',*,*,#1830,.F.);
#1832=ORIENTED_EDGE('',*,*,#1791,.T.);
#1833=EDGE_LOOP('',(#1816,#1824,#1831,#1832));
#1834=FACE_OUTER_BOUND('',#1833,.T.);
#1835=ADVANCED_FACE('',(#1834),#1807,.F.);
#1836=CARTESIAN_POINT('',(2.42500000001445,1.534999999999513,0.0));
#1837=DIRECTION('',(1.0,1.894597E-012,0.0));
#1838=DIRECTION('',(0.0,0.0,1.0));
#1839=AXIS2_PLACEMENT_3D('',#1836,#1837,#1838);
#1840=PLANE('',#1839);
#1841=CARTESIAN_POINT('',(2.425000000014479,1.519999999997821,0.25));
#1842=VERTEX_POINT('',#1841);
#1843=CARTESIAN_POINT('',(2.42500000001445,1.534999999999513,0.25));
#1844=DIRECTION('',(1.894781E-012,-1.0,0.0));
#1845=VECTOR('',#1844,0.015000000001692);
#1846=LINE('',#1843,#1845);
#1847=EDGE_CURVE('',#1809,#1842,#1846,.T.);
#1848=ORIENTED_EDGE('',*,*,#1847,.T.);
#1849=CARTESIAN_POINT('',(2.425000000014479,1.519999999997821,0.0));
#1850=VERTEX_POINT('',#1849);
#1851=CARTESIAN_POINT('',(2.425000000014479,1.519999999997821,0.0));
#1852=DIRECTION('',(0.0,0.0,1.0));
#1853=VECTOR('',#1852,0.25);
#1854=LINE('',#1851,#1853);
#1855=EDGE_CURVE('',#1850,#1842,#1854,.T.);
#1856=ORIENTED_EDGE('',*,*,#1855,.F.);
#1857=CARTESIAN_POINT('',(2.42500000001445,1.534999999999513,0.0));
#1858=DIRECTION('',(1.894781E-012,-1.0,0.0));
#1859=VECTOR('',#1858,0.015000000001692);
#1860=LINE('',#1857,#1859);
#1861=EDGE_CURVE('',#1818,#1850,#1860,.T.);
#1862=ORIENTED_EDGE('',*,*,#1861,.F.);
#1863=ORIENTED_EDGE('',*,*,#1823,.T.);
#1864=EDGE_LOOP('',(#1848,#1856,#1862,#1863));
#1865=FACE_OUTER_BOUND('',#1864,.T.);
#1866=ADVANCED_FACE('',(#1865),#1840,.T.);
#1867=CARTESIAN_POINT('',(2.425000000014479,1.519999999997821,0.0));
#1868=DIRECTION('',(0.0,-1.0,0.0));
#1869=DIRECTION('',(0.0,0.0,-1.0));
#1870=AXIS2_PLACEMENT_3D('',#1867,#1868,#1869);
#1871=PLANE('',#1870);
#1872=CARTESIAN_POINT('',(2.374999999997158,1.519999999997821,0.25));
#1873=VERTEX_POINT('',#1872);
#1874=CARTESIAN_POINT('',(2.425000000014479,1.519999999997821,0.25));
#1875=DIRECTION('',(-1.0,0.0,0.0));
#1876=VECTOR('',#1875,0.05000000001732);
#1877=LINE('',#1874,#1876);
#1878=EDGE_CURVE('',#1842,#1873,#1877,.T.);
#1879=ORIENTED_EDGE('',*,*,#1878,.T.);
#1880=CARTESIAN_POINT('',(2.374999999997158,1.519999999997821,0.0));
#1881=VERTEX_POINT('',#1880);
#1882=CARTESIAN_POINT('',(2.374999999997158,1.519999999997821,0.0));
#1883=DIRECTION('',(0.0,0.0,1.0));
#1884=VECTOR('',#1883,0.25);
#1885=LINE('',#1882,#1884);
#1886=EDGE_CURVE('',#1881,#1873,#1885,.T.);
#1887=ORIENTED_EDGE('',*,*,#1886,.F.);
#1888=CARTESIAN_POINT('',(2.425000000014479,1.519999999997821,0.0));
#1889=DIRECTION('',(-1.0,0.0,0.0));
#1890=VECTOR('',#1889,0.05000000001732);
#1891=LINE('',#1888,#1890);
#1892=EDGE_CURVE('',#1850,#1881,#1891,.T.);
#1893=ORIENTED_EDGE('',*,*,#1892,.F.);
#1894=ORIENTED_EDGE('',*,*,#1855,.T.);
#1895=EDGE_LOOP('',(#1879,#1887,#1893,#1894));
#1896=FACE_OUTER_BOUND('',#1895,.T.);
#1897=ADVANCED_FACE('',(#1896),#1871,.T.);
#1898=CARTESIAN_POINT('',(2.374999999997158,1.519999999997821,0.0));
#1899=DIRECTION('',(1.0,0.0,0.0));
#1900=DIRECTION('',(0.0,0.0,1.0));
#1901=AXIS2_PLACEMENT_3D('',#1898,#1899,#1900);
#1902=PLANE('',#1901);
#1903=CARTESIAN_POINT('',(2.374999999997129,1.019999999997821,0.25));
#1904=VERTEX_POINT('',#1903);
#1905=CARTESIAN_POINT('',(2.374999999997158,1.519999999997821,0.25));
#1906=DIRECTION('',(0.0,-1.0,0.0));
#1907=VECTOR('',#1906,0.5);
#1908=LINE('',#1905,#1907);
#1909=EDGE_CURVE('',#1873,#1904,#1908,.T.);
#1910=ORIENTED_EDGE('',*,*,#1909,.T.);
#1911=CARTESIAN_POINT('',(2.374999999997129,1.019999999997821,0.0));
#1912=VERTEX_POINT('',#1911);
#1913=CARTESIAN_POINT('',(2.374999999997129,1.019999999997821,0.0));
#1914=DIRECTION('',(0.0,0.0,1.0));
#1915=VECTOR('',#1914,0.25);
#1916=LINE('',#1913,#1915);
#1917=EDGE_CURVE('',#1912,#1904,#1916,.T.);
#1918=ORIENTED_EDGE('',*,*,#1917,.F.);
#1919=CARTESIAN_POINT('',(2.374999999997158,1.519999999997821,0.0));
#1920=DIRECTION('',(0.0,-1.0,0.0));
#1921=VECTOR('',#1920,0.5);
#1922=LINE('',#1919,#1921);
#1923=EDGE_CURVE('',#1881,#1912,#1922,.T.);
#1924=ORIENTED_EDGE('',*,*,#1923,.F.);
#1925=ORIENTED_EDGE('',*,*,#1886,.T.);
#1926=EDGE_LOOP('',(#1910,#1918,#1924,#1925));
#1927=FACE_OUTER_BOUND('',#1926,.T.);
#1928=ADVANCED_FACE('',(#1927),#1902,.T.);
#1929=CARTESIAN_POINT('',(2.374999999997129,1.019999999997821,0.0));
#1930=DIRECTION('',(0.0,1.0,0.0));
#1931=DIRECTION('',(0.0,0.0,1.0));
#1932=AXIS2_PLACEMENT_3D('',#1929,#1930,#1931);
#1933=PLANE('',#1932);
#1934=CARTESIAN_POINT('',(2.424999999997169,1.019999999997821,0.25));
#1935=VERTEX_POINT('',#1934);
#1936=CARTESIAN_POINT('',(2.374999999997129,1.019999999997821,0.25));
#1937=DIRECTION('',(1.0,0.0,0.0));
#1938=VECTOR('',#1937,0.05000000000004);
#1939=LINE('',#1936,#1938);
#1940=EDGE_CURVE('',#1904,#1935,#1939,.T.);
#1941=ORIENTED_EDGE('',*,*,#1940,.T.);
#1942=CARTESIAN_POINT('',(2.424999999997169,1.019999999997821,0.0));
#1943=VERTEX_POINT('',#1942);
#1944=CARTESIAN_POINT('',(2.424999999997169,1.019999999997821,0.0));
#1945=DIRECTION('',(0.0,0.0,1.0));
#1946=VECTOR('',#1945,0.25);
#1947=LINE('',#1944,#1946);
#1948=EDGE_CURVE('',#1943,#1935,#1947,.T.);
#1949=ORIENTED_EDGE('',*,*,#1948,.F.);
#1950=CARTESIAN_POINT('',(2.374999999997129,1.019999999997821,0.0));
#1951=DIRECTION('',(1.0,0.0,0.0));
#1952=VECTOR('',#1951,0.05000000000004);
#1953=LINE('',#1950,#1952);
#1954=EDGE_CURVE('',#1912,#1943,#1953,.T.);
#1955=ORIENTED_EDGE('',*,*,#1954,.F.);
#1956=ORIENTED_EDGE('',*,*,#1917,.T.);
#1957=EDGE_LOOP('',(#1941,#1949,#1955,#1956));
#1958=FACE_OUTER_BOUND('',#1957,.T.);
#1959=ADVANCED_FACE('',(#1958),#1933,.T.);
#1960=CARTESIAN_POINT('',(2.424999999997169,1.019999999997821,0.0));
#1961=DIRECTION('',(1.0,1.174764E-009,0.0));
#1962=DIRECTION('',(0.0,0.0,1.0));
#1963=AXIS2_PLACEMENT_3D('',#1960,#1961,#1962);
#1964=PLANE('',#1963);
#1965=CARTESIAN_POINT('',(2.425000000014791,1.004999999998858,0.25));
#1966=VERTEX_POINT('',#1965);
#1967=CARTESIAN_POINT('',(2.424999999997169,1.019999999997821,0.25));
#1968=DIRECTION('',(1.174764E-009,-1.0,0.0));
#1969=VECTOR('',#1968,0.014999999998963);
#1970=LINE('',#1967,#1969);
#1971=EDGE_CURVE('',#1935,#1966,#1970,.T.);
#1972=ORIENTED_EDGE('',*,*,#1971,.T.);
#1973=CARTESIAN_POINT('',(2.425000000014791,1.004999999998858,0.0));
#1974=VERTEX_POINT('',#1973);
#1975=CARTESIAN_POINT('',(2.425000000014791,1.004999999998858,0.0));
#1976=DIRECTION('',(0.0,0.0,1.0));
#1977=VECTOR('',#1976,0.25);
#1978=LINE('',#1975,#1977);
#1979=EDGE_CURVE('',#1974,#1966,#1978,.T.);
#1980=ORIENTED_EDGE('',*,*,#1979,.F.);
#1981=CARTESIAN_POINT('',(2.424999999997169,1.019999999997821,0.0));
#1982=DIRECTION('',(1.174764E-009,-1.0,0.0));
#1983=VECTOR('',#1982,0.014999999998963);
#1984=LINE('',#1981,#1983);
#1985=EDGE_CURVE('',#1943,#1974,#1984,.T.);
#1986=ORIENTED_EDGE('',*,*,#1985,.F.);
#1987=ORIENTED_EDGE('',*,*,#1948,.T.);
#1988=EDGE_LOOP('',(#1972,#1980,#1986,#1987));
#1989=FACE_OUTER_BOUND('',#1988,.T.);
#1990=ADVANCED_FACE('',(#1989),#1964,.T.);
#1991=CARTESIAN_POINT('',(2.575000000014768,1.004999999998858,0.0));
#1992=DIRECTION('',(0.0,0.0,1.0));
#1993=DIRECTION('',(-0.707106781187352,-0.707106781185744,0.0));
#1994=AXIS2_PLACEMENT_3D('',#1991,#1992,#1993);
#1995=CYLINDRICAL_SURFACE('',#1994,0.149999999999977);
#1996=CARTESIAN_POINT('',(2.575000000014427,0.854999999998881,0.25));
#1997=VERTEX_POINT('',#1996);
#1998=CARTESIAN_POINT('',(2.575000000014768,1.004999999998858,0.25));
#1999=DIRECTION('',(0.0,0.0,1.0));
#2000=DIRECTION('',(-0.707106781187352,-0.707106781185744,0.0));
#2001=AXIS2_PLACEMENT_3D('',#1998,#1999,#2000);
#2002=CIRCLE('',#2001,0.149999999999977);
#2003=EDGE_CURVE('',#1966,#1997,#2002,.T.);
#2004=ORIENTED_EDGE('',*,*,#2003,.T.);
#2005=CARTESIAN_POINT('',(2.575000000014427,0.854999999998881,0.0));
#2006=VERTEX_POINT('',#2005);
#2007=CARTESIAN_POINT('',(2.575000000014427,0.854999999998881,0.0));
#2008=DIRECTION('',(0.0,0.0,1.0));
#2009=VECTOR('',#2008,0.25);
#2010=LINE('',#2007,#2009);
#2011=EDGE_CURVE('',#2006,#1997,#2010,.T.);
#2012=ORIENTED_EDGE('',*,*,#2011,.F.);
#2013=CARTESIAN_POINT('',(2.575000000014768,1.004999999998858,0.0));
#2014=DIRECTION('',(0.0,0.0,1.0));
#2015=DIRECTION('',(-0.707106781187352,-0.707106781185744,0.0));
#2016=AXIS2_PLACEMENT_3D('',#2013,#2014,#2015);
#2017=CIRCLE('',#2016,0.149999999999977);
#2018=EDGE_CURVE('',#1974,#2006,#2017,.T.);
#2019=ORIENTED_EDGE('',*,*,#2018,.F.);
#2020=ORIENTED_EDGE('',*,*,#1979,.T.);
#2021=EDGE_LOOP('',(#2004,#2012,#2019,#2020));
#2022=FACE_OUTER_BOUND('',#2021,.T.);
#2023=ADVANCED_FACE('',(#2022),#1995,.F.);
#2024=CARTESIAN_POINT('',(2.575000000014427,0.854999999998881,0.0));
#2025=DIRECTION('',(1.722712E-012,1.0,0.0));
#2026=DIRECTION('',(0.0,0.0,1.0));
#2027=AXIS2_PLACEMENT_3D('',#2024,#2025,#2026);
#2028=PLANE('',#2027);
#2029=CARTESIAN_POINT('',(2.740000000000038,0.854999999998597,0.25));
#2030=VERTEX_POINT('',#2029);
#2031=CARTESIAN_POINT('',(2.575000000014427,0.854999999998881,0.25));
#2032=DIRECTION('',(1.0,-1.722528E-012,0.0));
#2033=VECTOR('',#2032,0.164999999985611);
#2034=LINE('',#2031,#2033);
#2035=EDGE_CURVE('',#1997,#2030,#2034,.T.);
#2036=ORIENTED_EDGE('',*,*,#2035,.T.);
#2037=CARTESIAN_POINT('',(2.740000000000038,0.854999999998597,0.0));
#2038=VERTEX_POINT('',#2037);
#2039=CARTESIAN_POINT('',(2.740000000000038,0.854999999998597,0.0));
#2040=DIRECTION('',(0.0,0.0,1.0));
#2041=VECTOR('',#2040,0.25);
#2042=LINE('',#2039,#2041);
#2043=EDGE_CURVE('',#2038,#2030,#2042,.T.);
#2044=ORIENTED_EDGE('',*,*,#2043,.F.);
#2045=CARTESIAN_POINT('',(2.575000000014427,0.854999999998881,0.0));
#2046=DIRECTION('',(1.0,-1.722528E-012,0.0));
#2047=VECTOR('',#2046,0.164999999985611);
#2048=LINE('',#2045,#2047);
#2049=EDGE_CURVE('',#2006,#2038,#2048,.T.);
#2050=ORIENTED_EDGE('',*,*,#2049,.F.);
#2051=ORIENTED_EDGE('',*,*,#2011,.T.);
#2052=EDGE_LOOP('',(#2036,#2044,#2050,#2051));
#2053=FACE_OUTER_BOUND('',#2052,.T.);
#2054=ADVANCED_FACE('',(#2053),#2028,.T.);
#2055=CARTESIAN_POINT('',(2.740000000000038,0.854999999998597,0.0));
#2056=DIRECTION('',(1.0,0.0,0.0));
#2057=DIRECTION('',(0.0,0.0,1.0));
#2058=AXIS2_PLACEMENT_3D('',#2055,#2056,#2057);
#2059=PLANE('',#2058);
#2060=CARTESIAN_POINT('',(2.740000000000038,0.414999999999167,0.25));
#2061=VERTEX_POINT('',#2060);
#2062=CARTESIAN_POINT('',(2.740000000000038,0.854999999998597,0.25));
#2063=DIRECTION('',(0.0,-1.0,0.0));
#2064=VECTOR('',#2063,0.439999999999429);
#2065=LINE('',#2062,#2064);
#2066=EDGE_CURVE('',#2030,#2061,#2065,.T.);
#2067=ORIENTED_EDGE('',*,*,#2066,.T.);
#2068=CARTESIAN_POINT('',(2.740000000000038,0.414999999999167,0.0));
#2069=VERTEX_POINT('',#2068);
#2070=CARTESIAN_POINT('',(2.740000000000038,0.414999999999167,0.0));
#2071=DIRECTION('',(0.0,0.0,1.0));
#2072=VECTOR('',#2071,0.25);
#2073=LINE('',#2070,#2072);
#2074=EDGE_CURVE('',#2069,#2061,#2073,.T.);
#2075=ORIENTED_EDGE('',*,*,#2074,.F.);
#2076=CARTESIAN_POINT('',(2.740000000000038,0.854999999998597,0.0));
#2077=DIRECTION('',(0.0,-1.0,0.0));
#2078=VECTOR('',#2077,0.439999999999429);
#2079=LINE('',#2076,#2078);
#2080=EDGE_CURVE('',#2038,#2069,#2079,.T.);
#2081=ORIENTED_EDGE('',*,*,#2080,.F.);
#2082=ORIENTED_EDGE('',*,*,#2043,.T.);
#2083=EDGE_LOOP('',(#2067,#2075,#2081,#2082));
#2084=FACE_OUTER_BOUND('',#2083,.T.);
#2085=ADVANCED_FACE('',(#2084),#2059,.T.);
#2086=CARTESIAN_POINT('',(2.740000000000038,0.414999999999167,0.0));
#2087=DIRECTION('',(-2.756228E-012,-1.0,0.0));
#2088=DIRECTION('',(0.0,0.0,-1.0));
#2089=AXIS2_PLACEMENT_3D('',#2086,#2087,#2088);
#2090=PLANE('',#2089);
#2091=CARTESIAN_POINT('',(2.575000000014512,0.414999999999622,0.25));
#2092=VERTEX_POINT('',#2091);
#2093=CARTESIAN_POINT('',(2.740000000000038,0.414999999999167,0.25));
#2094=DIRECTION('',(-1.0,2.756381E-012,0.0));
#2095=VECTOR('',#2094,0.164999999985525);
#2096=LINE('',#2093,#2095);
#2097=EDGE_CURVE('',#2061,#2092,#2096,.T.);
#2098=ORIENTED_EDGE('',*,*,#2097,.T.);
#2099=CARTESIAN_POINT('',(2.575000000014512,0.414999999999622,0.0));
#2100=VERTEX_POINT('',#2099);
#2101=CARTESIAN_POINT('',(2.575000000014512,0.414999999999622,0.0));
#2102=DIRECTION('',(0.0,0.0,1.0));
#2103=VECTOR('',#2102,0.25);
#2104=LINE('',#2101,#2103);
#2105=EDGE_CURVE('',#2100,#2092,#2104,.T.);
#2106=ORIENTED_EDGE('',*,*,#2105,.F.);
#2107=CARTESIAN_POINT('',(2.740000000000038,0.414999999999167,0.0));
#2108=DIRECTION('',(-1.0,2.756381E-012,0.0));
#2109=VECTOR('',#2108,0.164999999985525);
#2110=LINE('',#2107,#2109);
#2111=EDGE_CURVE('',#2069,#2100,#2110,.T.);
#2112=ORIENTED_EDGE('',*,*,#2111,.F.);
#2113=ORIENTED_EDGE('',*,*,#2074,.T.);
#2114=EDGE_LOOP('',(#2098,#2106,#2112,#2113));
#2115=FACE_OUTER_BOUND('',#2114,.T.);
#2116=ADVANCED_FACE('',(#2115),#2090,.T.);
#2117=CARTESIAN_POINT('',(2.575000000014114,0.264999999999531,0.0));
#2118=DIRECTION('',(0.0,0.0,1.0));
#2119=DIRECTION('',(-0.70710678118561,0.707106781187485,0.0));
#2120=AXIS2_PLACEMENT_3D('',#2117,#2118,#2119);
#2121=CYLINDRICAL_SURFACE('',#2120,0.150000000000091);
#2122=CARTESIAN_POINT('',(2.425000000014023,0.264999999999531,0.25));
#2123=VERTEX_POINT('',#2122);
#2124=CARTESIAN_POINT('',(2.575000000014114,0.264999999999531,0.25));
#2125=DIRECTION('',(0.0,0.0,1.0));
#2126=DIRECTION('',(-0.70710678118561,0.707106781187485,0.0));
#2127=AXIS2_PLACEMENT_3D('',#2124,#2125,#2126);
#2128=CIRCLE('',#2127,0.150000000000091);
#2129=EDGE_CURVE('',#2092,#2123,#2128,.T.);
#2130=ORIENTED_EDGE('',*,*,#2129,.T.);
#2131=CARTESIAN_POINT('',(2.425000000014023,0.264999999999531,0.0));
#2132=VERTEX_POINT('',#2131);
#2133=CARTESIAN_POINT('',(2.425000000014023,0.264999999999531,0.0));
#2134=DIRECTION('',(0.0,0.0,1.0));
#2135=VECTOR('',#2134,0.25);
#2136=LINE('',#2133,#2135);
#2137=EDGE_CURVE('',#2132,#2123,#2136,.T.);
#2138=ORIENTED_EDGE('',*,*,#2137,.F.);
#2139=CARTESIAN_POINT('',(2.575000000014114,0.264999999999531,0.0));
#2140=DIRECTION('',(0.0,0.0,1.0));
#2141=DIRECTION('',(-0.70710678118561,0.707106781187485,0.0));
#2142=AXIS2_PLACEMENT_3D('',#2139,#2140,#2141);
#2143=CIRCLE('',#2142,0.150000000000091);
#2144=EDGE_CURVE('',#2100,#2132,#2143,.T.);
#2145=ORIENTED_EDGE('',*,*,#2144,.F.);
#2146=ORIENTED_EDGE('',*,*,#2105,.T.);
#2147=EDGE_LOOP('',(#2130,#2138,#2145,#2146));
#2148=FACE_OUTER_BOUND('',#2147,.T.);
#2149=ADVANCED_FACE('',(#2148),#2121,.F.);
#2150=CARTESIAN_POINT('',(2.425000000014023,0.264999999999531,0.0));
#2151=DIRECTION('',(1.0,3.789378E-012,0.0));
#2152=DIRECTION('',(0.0,0.0,1.0));
#2153=AXIS2_PLACEMENT_3D('',#2150,#2151,#2152);
#2154=PLANE('',#2153);
#2155=CARTESIAN_POINT('',(2.42500000001408,0.24999999999784,0.25));
#2156=VERTEX_POINT('',#2155);
#2157=CARTESIAN_POINT('',(2.425000000014023,0.264999999999531,0.25));
#2158=DIRECTION('',(3.789561E-012,-1.0,0.0));
#2159=VECTOR('',#2158,0.015000000001692);
#2160=LINE('',#2157,#2159);
#2161=EDGE_CURVE('',#2123,#2156,#2160,.T.);
#2162=ORIENTED_EDGE('',*,*,#2161,.T.);
#2163=CARTESIAN_POINT('',(2.42500000001408,0.24999999999784,0.0));
#2164=VERTEX_POINT('',#2163);
#2165=CARTESIAN_POINT('',(2.42500000001408,0.24999999999784,0.0));
#2166=DIRECTION('',(0.0,0.0,1.0));
#2167=VECTOR('',#2166,0.25);
#2168=LINE('',#2165,#2167);
#2169=EDGE_CURVE('',#2164,#2156,#2168,.T.);
#2170=ORIENTED_EDGE('',*,*,#2169,.F.);
#2171=CARTESIAN_POINT('',(2.425000000014023,0.264999999999531,0.0));
#2172=DIRECTION('',(3.789561E-012,-1.0,0.0));
#2173=VECTOR('',#2172,0.015000000001692);
#2174=LINE('',#2171,#2173);
#2175=EDGE_CURVE('',#2132,#2164,#2174,.T.);
#2176=ORIENTED_EDGE('',*,*,#2175,.F.);
#2177=ORIENTED_EDGE('',*,*,#2137,.T.);
#2178=EDGE_LOOP('',(#2162,#2170,#2176,#2177));
#2179=FACE_OUTER_BOUND('',#2178,.T.);
#2180=ADVANCED_FACE('',(#2179),#2154,.T.);
#2181=CARTESIAN_POINT('',(2.42500000001408,0.24999999999784,0.0));
#2182=DIRECTION('',(0.0,-1.0,0.0));
#2183=DIRECTION('',(0.0,0.0,-1.0));
#2184=AXIS2_PLACEMENT_3D('',#2181,#2182,#2183);
#2185=PLANE('',#2184);
#2186=CARTESIAN_POINT('',(2.374999999996931,0.24999999999784,0.25));
#2187=VERTEX_POINT('',#2186);
#2188=CARTESIAN_POINT('',(2.42500000001408,0.24999999999784,0.25));
#2189=DIRECTION('',(-1.0,0.0,0.0));
#2190=VECTOR('',#2189,0.05000000001715);
#2191=LINE('',#2188,#2190);
#2192=EDGE_CURVE('',#2156,#2187,#2191,.T.);
#2193=ORIENTED_EDGE('',*,*,#2192,.T.);
#2194=CARTESIAN_POINT('',(2.374999999996931,0.24999999999784,0.0));
#2195=VERTEX_POINT('',#2194);
#2196=CARTESIAN_POINT('',(2.374999999996931,0.24999999999784,0.0));
#2197=DIRECTION('',(0.0,0.0,1.0));
#2198=VECTOR('',#2197,0.25);
#2199=LINE('',#2196,#2198);
#2200=EDGE_CURVE('',#2195,#2187,#2199,.T.);
#2201=ORIENTED_EDGE('',*,*,#2200,.F.);
#2202=CARTESIAN_POINT('',(2.42500000001408,0.24999999999784,0.0));
#2203=DIRECTION('',(-1.0,0.0,0.0));
#2204=VECTOR('',#2203,0.05000000001715);
#2205=LINE('',#2202,#2204);
#2206=EDGE_CURVE('',#2164,#2195,#2205,.T.);
#2207=ORIENTED_EDGE('',*,*,#2206,.F.);
#2208=ORIENTED_EDGE('',*,*,#2169,.T.);
#2209=EDGE_LOOP('',(#2193,#2201,#2207,#2208));
#2210=FACE_OUTER_BOUND('',#2209,.T.);
#2211=ADVANCED_FACE('',(#2210),#2185,.T.);
#2212=CARTESIAN_POINT('',(2.374999999996931,0.24999999999784,0.0));
#2213=DIRECTION('',(1.0,2.840334E-013,0.0));
#2214=DIRECTION('',(0.0,0.0,1.0));
#2215=AXIS2_PLACEMENT_3D('',#2212,#2213,#2214);
#2216=PLANE('',#2215);
#2217=CARTESIAN_POINT('',(2.374999999997073,-0.25000000000216,0.25));
#2218=VERTEX_POINT('',#2217);
#2219=CARTESIAN_POINT('',(2.374999999996931,0.24999999999784,0.25));
#2220=DIRECTION('',(2.842171E-013,-1.0,0.0));
#2221=VECTOR('',#2220,0.5);
#2222=LINE('',#2219,#2221);
#2223=EDGE_CURVE('',#2187,#2218,#2222,.T.);
#2224=ORIENTED_EDGE('',*,*,#2223,.T.);
#2225=CARTESIAN_POINT('',(2.374999999997073,-0.25000000000216,0.0));
#2226=VERTEX_POINT('',#2225);
#2227=CARTESIAN_POINT('',(2.374999999997073,-0.25000000000216,0.0));
#2228=DIRECTION('',(0.0,0.0,1.0));
#2229=VECTOR('',#2228,0.25);
#2230=LINE('',#2227,#2229);
#2231=EDGE_CURVE('',#2226,#2218,#2230,.T.);
#2232=ORIENTED_EDGE('',*,*,#2231,.F.);
#2233=CARTESIAN_POINT('',(2.374999999996931,0.24999999999784,0.0));
#2234=DIRECTION('',(2.842171E-013,-1.0,0.0));
#2235=VECTOR('',#2234,0.5);
#2236=LINE('',#2233,#2235);
#2237=EDGE_CURVE('',#2195,#2226,#2236,.T.);
#2238=ORIENTED_EDGE('',*,*,#2237,.F.);
#2239=ORIENTED_EDGE('',*,*,#2200,.T.);
#2240=EDGE_LOOP('',(#2224,#2232,#2238,#2239));
#2241=FACE_OUTER_BOUND('',#2240,.T.);
#2242=ADVANCED_FACE('',(#2241),#2216,.T.);
#2243=CARTESIAN_POINT('',(2.374999999997073,-0.25000000000216,0.0));
#2244=DIRECTION('',(0.0,1.0,0.0));
#2245=DIRECTION('',(0.0,0.0,1.0));
#2246=AXIS2_PLACEMENT_3D('',#2243,#2244,#2245);
#2247=PLANE('',#2246);
#2248=CARTESIAN_POINT('',(2.424999999996658,-0.25000000000216,0.25));
#2249=VERTEX_POINT('',#2248);
#2250=CARTESIAN_POINT('',(2.374999999997073,-0.25000000000216,0.25));
#2251=DIRECTION('',(1.0,0.0,0.0));
#2252=VECTOR('',#2251,0.049999999999585);
#2253=LINE('',#2250,#2252);
#2254=EDGE_CURVE('',#2218,#2249,#2253,.T.);
#2255=ORIENTED_EDGE('',*,*,#2254,.T.);
#2256=CARTESIAN_POINT('',(2.424999999996658,-0.25000000000216,0.0));
#2257=VERTEX_POINT('',#2256);
#2258=CARTESIAN_POINT('',(2.424999999996658,-0.25000000000216,0.0));
#2259=DIRECTION('',(0.0,0.0,1.0));
#2260=VECTOR('',#2259,0.25);
#2261=LINE('',#2258,#2260);
#2262=EDGE_CURVE('',#2257,#2249,#2261,.T.);
#2263=ORIENTED_EDGE('',*,*,#2262,.F.);
#2264=CARTESIAN_POINT('',(2.374999999997073,-0.25000000000216,0.0));
#2265=DIRECTION('',(1.0,0.0,0.0));
#2266=VECTOR('',#2265,0.049999999999585);
#2267=LINE('',#2264,#2266);
#2268=EDGE_CURVE('',#2226,#2257,#2267,.T.);
#2269=ORIENTED_EDGE('',*,*,#2268,.F.);
#2270=ORIENTED_EDGE('',*,*,#2231,.T.);
#2271=EDGE_LOOP('',(#2255,#2263,#2269,#2270));
#2272=FACE_OUTER_BOUND('',#2271,.T.);
#2273=ADVANCED_FACE('',(#2272),#2247,.T.);
#2274=CARTESIAN_POINT('',(2.424999999996658,-0.25000000000216,0.0));
#2275=DIRECTION('',(1.0,1.172869E-009,0.0));
#2276=DIRECTION('',(0.0,0.0,1.0));
#2277=AXIS2_PLACEMENT_3D('',#2274,#2275,#2276);
#2278=PLANE('',#2277);
#2279=CARTESIAN_POINT('',(2.425000000014251,-0.265000000001578,0.25));
#2280=VERTEX_POINT('',#2279);
#2281=CARTESIAN_POINT('',(2.424999999996658,-0.25000000000216,0.25));
#2282=DIRECTION('',(1.172869E-009,-1.0,0.0));
#2283=VECTOR('',#2282,0.014999999999418);
#2284=LINE('',#2281,#2283);
#2285=EDGE_CURVE('',#2249,#2280,#2284,.T.);
#2286=ORIENTED_EDGE('',*,*,#2285,.T.);
#2287=CARTESIAN_POINT('',(2.425000000014251,-0.265000000001578,0.0));
#2288=VERTEX_POINT('',#2287);
#2289=CARTESIAN_POINT('',(2.425000000014251,-0.265000000001578,0.0));
#2290=DIRECTION('',(0.0,0.0,1.0));
#2291=VECTOR('',#2290,0.25);
#2292=LINE('',#2289,#2291);
#2293=EDGE_CURVE('',#2288,#2280,#2292,.T.);
#2294=ORIENTED_EDGE('',*,*,#2293,.F.);
#2295=CARTESIAN_POINT('',(2.424999999996658,-0.25000000000216,0.0));
#2296=DIRECTION('',(1.172869E-009,-1.0,0.0));
#2297=VECTOR('',#2296,0.014999999999418);
#2298=LINE('',#2295,#2297);
#2299=EDGE_CURVE('',#2257,#2288,#2298,.T.);
#2300=ORIENTED_EDGE('',*,*,#2299,.F.);
#2301=ORIENTED_EDGE('',*,*,#2262,.T.);
#2302=EDGE_LOOP('',(#2286,#2294,#2300,#2301));
#2303=FACE_OUTER_BOUND('',#2302,.T.);
#2304=ADVANCED_FACE('',(#2303),#2278,.T.);
#2305=CARTESIAN_POINT('',(2.575000000014512,-0.265000000001863,0.0));
#2306=DIRECTION('',(0.0,0.0,1.0));
#2307=DIRECTION('',(-0.707106781187887,-0.707106781185208,0.0));
#2308=AXIS2_PLACEMENT_3D('',#2305,#2306,#2307);
#2309=CYLINDRICAL_SURFACE('',#2308,0.150000000000261);
#2310=CARTESIAN_POINT('',(2.575000000014228,-0.415000000002124,0.25));
#2311=VERTEX_POINT('',#2310);
#2312=CARTESIAN_POINT('',(2.575000000014512,-0.265000000001863,0.25));
#2313=DIRECTION('',(0.0,0.0,1.0));
#2314=DIRECTION('',(-0.707106781187887,-0.707106781185208,0.0));
#2315=AXIS2_PLACEMENT_3D('',#2312,#2313,#2314);
#2316=CIRCLE('',#2315,0.150000000000261);
#2317=EDGE_CURVE('',#2280,#2311,#2316,.T.);
#2318=ORIENTED_EDGE('',*,*,#2317,.T.);
#2319=CARTESIAN_POINT('',(2.575000000014228,-0.415000000002124,0.0));
#2320=VERTEX_POINT('',#2319);
#2321=CARTESIAN_POINT('',(2.575000000014228,-0.415000000002124,0.0));
#2322=DIRECTION('',(0.0,0.0,1.0));
#2323=VECTOR('',#2322,0.25);
#2324=LINE('',#2321,#2323);
#2325=EDGE_CURVE('',#2320,#2311,#2324,.T.);
#2326=ORIENTED_EDGE('',*,*,#2325,.F.);
#2327=CARTESIAN_POINT('',(2.575000000014512,-0.265000000001863,0.0));
#2328=DIRECTION('',(0.0,0.0,1.0));
#2329=DIRECTION('',(-0.707106781187887,-0.707106781185208,0.0));
#2330=AXIS2_PLACEMENT_3D('',#2327,#2328,#2329);
#2331=CIRCLE('',#2330,0.150000000000261);
#2332=EDGE_CURVE('',#2288,#2320,#2331,.T.);
#2333=ORIENTED_EDGE('',*,*,#2332,.F.);
#2334=ORIENTED_EDGE('',*,*,#2293,.T.);
#2335=EDGE_LOOP('',(#2318,#2326,#2333,#2334));
#2336=FACE_OUTER_BOUND('',#2335,.T.);
#2337=ADVANCED_FACE('',(#2336),#2309,.F.);
#2338=CARTESIAN_POINT('',(2.575000000014228,-0.415000000002124,0.0));
#2339=DIRECTION('',(6.891948E-013,1.0,0.0));
#2340=DIRECTION('',(0.0,0.0,1.0));
#2341=AXIS2_PLACEMENT_3D('',#2338,#2339,#2340);
#2342=PLANE('',#2341);
#2343=CARTESIAN_POINT('',(2.740000000000038,-0.415000000002238,0.25));
#2344=VERTEX_POINT('',#2343);
#2345=CARTESIAN_POINT('',(2.575000000014228,-0.415000000002124,0.25));
#2346=DIRECTION('',(1.0,-6.893476E-013,0.0));
#2347=VECTOR('',#2346,0.16499999998581);
#2348=LINE('',#2345,#2347);
#2349=EDGE_CURVE('',#2311,#2344,#2348,.T.);
#2350=ORIENTED_EDGE('',*,*,#2349,.T.);
#2351=CARTESIAN_POINT('',(2.740000000000038,-0.415000000002238,0.0));
#2352=VERTEX_POINT('',#2351);
#2353=CARTESIAN_POINT('',(2.740000000000038,-0.415000000002238,0.0));
#2354=DIRECTION('',(0.0,0.0,1.0));
#2355=VECTOR('',#2354,0.25);
#2356=LINE('',#2353,#2355);
#2357=EDGE_CURVE('',#2352,#2344,#2356,.T.);
#2358=ORIENTED_EDGE('',*,*,#2357,.F.);
#2359=CARTESIAN_POINT('',(2.575000000014228,-0.415000000002124,0.0));
#2360=DIRECTION('',(1.0,-6.893476E-013,0.0));
#2361=VECTOR('',#2360,0.16499999998581);
#2362=LINE('',#2359,#2361);
#2363=EDGE_CURVE('',#2320,#2352,#2362,.T.);
#2364=ORIENTED_EDGE('',*,*,#2363,.F.);
#2365=ORIENTED_EDGE('',*,*,#2325,.T.);
#2366=EDGE_LOOP('',(#2350,#2358,#2364,#2365));
#2367=FACE_OUTER_BOUND('',#2366,.T.);
#2368=ADVANCED_FACE('',(#2367),#2342,.T.);
#2369=CARTESIAN_POINT('',(2.740000000000038,-0.415000000002238,0.0));
#2370=DIRECTION('',(1.0,0.0,0.0));
#2371=DIRECTION('',(0.0,0.0,1.0));
#2372=AXIS2_PLACEMENT_3D('',#2369,#2370,#2371);
#2373=PLANE('',#2372);
#2374=CARTESIAN_POINT('',(2.740000000000038,-0.855000000000587,0.25));
#2375=VERTEX_POINT('',#2374);
#2376=CARTESIAN_POINT('',(2.740000000000038,-0.415000000002238,0.25));
#2377=DIRECTION('',(0.0,-1.0,0.0));
#2378=VECTOR('',#2377,0.439999999998349);
#2379=LINE('',#2376,#2378);
#2380=EDGE_CURVE('',#2344,#2375,#2379,.T.);
#2381=ORIENTED_EDGE('',*,*,#2380,.T.);
#2382=CARTESIAN_POINT('',(2.740000000000038,-0.855000000000587,0.0));
#2383=VERTEX_POINT('',#2382);
#2384=CARTESIAN_POINT('',(2.740000000000038,-0.855000000000587,0.0));
#2385=DIRECTION('',(0.0,0.0,1.0));
#2386=VECTOR('',#2385,0.25);
#2387=LINE('',#2384,#2386);
#2388=EDGE_CURVE('',#2383,#2375,#2387,.T.);
#2389=ORIENTED_EDGE('',*,*,#2388,.F.);
#2390=CARTESIAN_POINT('',(2.740000000000038,-0.415000000002238,0.0));
#2391=DIRECTION('',(0.0,-1.0,0.0));
#2392=VECTOR('',#2391,0.439999999998349);
#2393=LINE('',#2390,#2392);
#2394=EDGE_CURVE('',#2352,#2383,#2393,.T.);
#2395=ORIENTED_EDGE('',*,*,#2394,.F.);
#2396=ORIENTED_EDGE('',*,*,#2357,.T.);
#2397=EDGE_LOOP('',(#2381,#2389,#2395,#2396));
#2398=FACE_OUTER_BOUND('',#2397,.T.);
#2399=ADVANCED_FACE('',(#2398),#2373,.T.);
#2400=CARTESIAN_POINT('',(2.740000000000038,-0.855000000000587,0.0));
#2401=DIRECTION('',(-6.891948E-013,-1.0,0.0));
#2402=DIRECTION('',(0.0,0.0,-1.0));
#2403=AXIS2_PLACEMENT_3D('',#2400,#2401,#2402);
#2404=PLANE('',#2403);
#2405=CARTESIAN_POINT('',(2.575000000014654,-0.855000000000473,0.25));
#2406=VERTEX_POINT('',#2405);
#2407=CARTESIAN_POINT('',(2.740000000000038,-0.855000000000587,0.25));
#2408=DIRECTION('',(-1.0,6.890111E-013,0.0));
#2409=VECTOR('',#2408,0.164999999985383);
#2410=LINE('',#2407,#2409);
#2411=EDGE_CURVE('',#2375,#2406,#2410,.T.);
#2412=ORIENTED_EDGE('',*,*,#2411,.T.);
#2413=CARTESIAN_POINT('',(2.575000000014654,-0.855000000000473,0.0));
#2414=VERTEX_POINT('',#2413);
#2415=CARTESIAN_POINT('',(2.575000000014654,-0.855000000000473,0.0));
#2416=DIRECTION('',(0.0,0.0,1.0));
#2417=VECTOR('',#2416,0.25);
#2418=LINE('',#2415,#2417);
#2419=EDGE_CURVE('',#2414,#2406,#2418,.T.);
#2420=ORIENTED_EDGE('',*,*,#2419,.F.);
#2421=CARTESIAN_POINT('',(2.740000000000038,-0.855000000000587,0.0));
#2422=DIRECTION('',(-1.0,6.890111E-013,0.0));
#2423=VECTOR('',#2422,0.164999999985383);
#2424=LINE('',#2421,#2423);
#2425=EDGE_CURVE('',#2383,#2414,#2424,.T.);
#2426=ORIENTED_EDGE('',*,*,#2425,.F.);
#2427=ORIENTED_EDGE('',*,*,#2388,.T.);
#2428=EDGE_LOOP('',(#2412,#2420,#2426,#2427));
#2429=FACE_OUTER_BOUND('',#2428,.T.);
#2430=ADVANCED_FACE('',(#2429),#2404,.T.);
#2431=CARTESIAN_POINT('',(2.575000000014654,-1.005000000000451,0.0));
#2432=DIRECTION('',(0.0,0.0,1.0));
#2433=DIRECTION('',(-0.707106781186547,0.707106781186548,0.0));
#2434=AXIS2_PLACEMENT_3D('',#2431,#2432,#2433);
#2435=CYLINDRICAL_SURFACE('',#2434,0.149999999999977);
#2436=CARTESIAN_POINT('',(2.425000000014677,-1.005000000000451,0.25));
#2437=VERTEX_POINT('',#2436);
#2438=CARTESIAN_POINT('',(2.575000000014654,-1.005000000000451,0.25));
#2439=DIRECTION('',(0.0,0.0,1.0));
#2440=DIRECTION('',(-0.707106781186547,0.707106781186548,0.0));
#2441=AXIS2_PLACEMENT_3D('',#2438,#2439,#2440);
#2442=CIRCLE('',#2441,0.149999999999977);
#2443=EDGE_CURVE('',#2406,#2437,#2442,.T.);
#2444=ORIENTED_EDGE('',*,*,#2443,.T.);
#2445=CARTESIAN_POINT('',(2.425000000014677,-1.005000000000451,0.0));
#2446=VERTEX_POINT('',#2445);
#2447=CARTESIAN_POINT('',(2.425000000014677,-1.005000000000451,0.0));
#2448=DIRECTION('',(0.0,0.0,1.0));
#2449=VECTOR('',#2448,0.25);
#2450=LINE('',#2447,#2449);
#2451=EDGE_CURVE('',#2446,#2437,#2450,.T.);
#2452=ORIENTED_EDGE('',*,*,#2451,.F.);
#2453=CARTESIAN_POINT('',(2.575000000014654,-1.005000000000451,0.0));
#2454=DIRECTION('',(0.0,0.0,1.0));
#2455=DIRECTION('',(-0.707106781186547,0.707106781186548,0.0));
#2456=AXIS2_PLACEMENT_3D('',#2453,#2454,#2455);
#2457=CIRCLE('',#2456,0.149999999999977);
#2458=EDGE_CURVE('',#2414,#2446,#2457,.T.);
#2459=ORIENTED_EDGE('',*,*,#2458,.F.);
#2460=ORIENTED_EDGE('',*,*,#2419,.T.);
#2461=EDGE_LOOP('',(#2444,#2452,#2459,#2460));
#2462=FACE_OUTER_BOUND('',#2461,.T.);
#2463=ADVANCED_FACE('',(#2462),#2435,.F.);
#2464=CARTESIAN_POINT('',(2.425000000014677,-1.005000000000451,0.0));
#2465=DIRECTION('',(1.0,-1.165290E-009,0.0));
#2466=DIRECTION('',(0.0,0.0,1.0));
#2467=AXIS2_PLACEMENT_3D('',#2464,#2465,#2466);
#2468=PLANE('',#2467);
#2469=CARTESIAN_POINT('',(2.424999999997198,-1.020000000002142,0.25));
#2470=VERTEX_POINT('',#2469);
#2471=CARTESIAN_POINT('',(2.425000000014677,-1.005000000000451,0.25));
#2472=DIRECTION('',(-1.165290E-009,-1.0,0.0));
#2473=VECTOR('',#2472,0.015000000001692);
#2474=LINE('',#2471,#2473);
#2475=EDGE_CURVE('',#2437,#2470,#2474,.T.);
#2476=ORIENTED_EDGE('',*,*,#2475,.T.);
#2477=CARTESIAN_POINT('',(2.424999999997198,-1.020000000002142,0.0));
#2478=VERTEX_POINT('',#2477);
#2479=CARTESIAN_POINT('',(2.424999999997198,-1.020000000002142,0.0));
#2480=DIRECTION('',(0.0,0.0,1.0));
#2481=VECTOR('',#2480,0.25);
#2482=LINE('',#2479,#2481);
#2483=EDGE_CURVE('',#2478,#2470,#2482,.T.);
#2484=ORIENTED_EDGE('',*,*,#2483,.F.);
#2485=CARTESIAN_POINT('',(2.425000000014677,-1.005000000000451,0.0));
#2486=DIRECTION('',(-1.165290E-009,-1.0,0.0));
#2487=VECTOR('',#2486,0.015000000001692);
#2488=LINE('',#2485,#2487);
#2489=EDGE_CURVE('',#2446,#2478,#2488,.T.);
#2490=ORIENTED_EDGE('',*,*,#2489,.F.);
#2491=ORIENTED_EDGE('',*,*,#2451,.T.);
#2492=EDGE_LOOP('',(#2476,#2484,#2490,#2491));
#2493=FACE_OUTER_BOUND('',#2492,.T.);
#2494=ADVANCED_FACE('',(#2493),#2468,.T.);
#2495=CARTESIAN_POINT('',(2.424999999997198,-1.020000000002142,0.0));
#2496=DIRECTION('',(0.0,-1.0,0.0));
#2497=DIRECTION('',(0.0,0.0,-1.0));
#2498=AXIS2_PLACEMENT_3D('',#2495,#2496,#2497);
#2499=PLANE('',#2498);
#2500=CARTESIAN_POINT('',(2.374999999997016,-1.020000000002142,0.25));
#2501=VERTEX_POINT('',#2500);
#2502=CARTESIAN_POINT('',(2.424999999997198,-1.020000000002142,0.25));
#2503=DIRECTION('',(-1.0,0.0,0.0));
#2504=VECTOR('',#2503,0.050000000000182);
#2505=LINE('',#2502,#2504);
#2506=EDGE_CURVE('',#2470,#2501,#2505,.T.);
#2507=ORIENTED_EDGE('',*,*,#2506,.T.);
#2508=CARTESIAN_POINT('',(2.374999999997016,-1.020000000002142,0.0));
#2509=VERTEX_POINT('',#2508);
#2510=CARTESIAN_POINT('',(2.374999999997016,-1.020000000002142,0.0));
#2511=DIRECTION('',(0.0,0.0,1.0));
#2512=VECTOR('',#2511,0.25);
#2513=LINE('',#2510,#2512);
#2514=EDGE_CURVE('',#2509,#2501,#2513,.T.);
#2515=ORIENTED_EDGE('',*,*,#2514,.F.);
#2516=CARTESIAN_POINT('',(2.424999999997198,-1.020000000002142,0.0));
#2517=DIRECTION('',(-1.0,0.0,0.0));
#2518=VECTOR('',#2517,0.050000000000182);
#2519=LINE('',#2516,#2518);
#2520=EDGE_CURVE('',#2478,#2509,#2519,.T.);
#2521=ORIENTED_EDGE('',*,*,#2520,.F.);
#2522=ORIENTED_EDGE('',*,*,#2483,.T.);
#2523=EDGE_LOOP('',(#2507,#2515,#2521,#2522));
#2524=FACE_OUTER_BOUND('',#2523,.T.);
#2525=ADVANCED_FACE('',(#2524),#2499,.T.);
#2526=CARTESIAN_POINT('',(2.374999999997016,-1.020000000002142,0.0));
#2527=DIRECTION('',(1.0,0.0,0.0));
#2528=DIRECTION('',(0.0,0.0,1.0));
#2529=AXIS2_PLACEMENT_3D('',#2526,#2527,#2528);
#2530=PLANE('',#2529);
#2531=CARTESIAN_POINT('',(2.374999999996987,-1.520000000002142,0.25));
#2532=VERTEX_POINT('',#2531);
#2533=CARTESIAN_POINT('',(2.374999999997016,-1.020000000002142,0.25));
#2534=DIRECTION('',(0.0,-1.0,0.0));
#2535=VECTOR('',#2534,0.5);
#2536=LINE('',#2533,#2535);
#2537=EDGE_CURVE('',#2501,#2532,#2536,.T.);
#2538=ORIENTED_EDGE('',*,*,#2537,.T.);
#2539=CARTESIAN_POINT('',(2.374999999996987,-1.520000000002142,0.0));
#2540=VERTEX_POINT('',#2539);
#2541=CARTESIAN_POINT('',(2.374999999996987,-1.520000000002142,0.0));
#2542=DIRECTION('',(0.0,0.0,1.0));
#2543=VECTOR('',#2542,0.25);
#2544=LINE('',#2541,#2543);
#2545=EDGE_CURVE('',#2540,#2532,#2544,.T.);
#2546=ORIENTED_EDGE('',*,*,#2545,.F.);
#2547=CARTESIAN_POINT('',(2.374999999997016,-1.020000000002142,0.0));
#2548=DIRECTION('',(0.0,-1.0,0.0));
#2549=VECTOR('',#2548,0.5);
#2550=LINE('',#2547,#2549);
#2551=EDGE_CURVE('',#2509,#2540,#2550,.T.);
#2552=ORIENTED_EDGE('',*,*,#2551,.F.);
#2553=ORIENTED_EDGE('',*,*,#2514,.T.);
#2554=EDGE_LOOP('',(#2538,#2546,#2552,#2553));
#2555=FACE_OUTER_BOUND('',#2554,.T.);
#2556=ADVANCED_FACE('',(#2555),#2530,.T.);
#2557=CARTESIAN_POINT('',(2.374999999996987,-1.520000000002142,0.0));
#2558=DIRECTION('',(0.0,1.0,0.0));
#2559=DIRECTION('',(0.0,0.0,1.0));
#2560=AXIS2_PLACEMENT_3D('',#2557,#2558,#2559);
#2561=PLANE('',#2560);
#2562=CARTESIAN_POINT('',(2.425000000014648,-1.520000000002142,0.25));
#2563=VERTEX_POINT('',#2562);
#2564=CARTESIAN_POINT('',(2.374999999996987,-1.520000000002142,0.25));
#2565=DIRECTION('',(1.0,0.0,0.0));
#2566=VECTOR('',#2565,0.050000000017661);
#2567=LINE('',#2564,#2566);
#2568=EDGE_CURVE('',#2532,#2563,#2567,.T.);
#2569=ORIENTED_EDGE('',*,*,#2568,.T.);
#2570=CARTESIAN_POINT('',(2.425000000014648,-1.520000000002142,0.0));
#2571=VERTEX_POINT('',#2570);
#2572=CARTESIAN_POINT('',(2.425000000014648,-1.520000000002142,0.0));
#2573=DIRECTION('',(0.0,0.0,1.0));
#2574=VECTOR('',#2573,0.25);
#2575=LINE('',#2572,#2574);
#2576=EDGE_CURVE('',#2571,#2563,#2575,.T.);
#2577=ORIENTED_EDGE('',*,*,#2576,.F.);
#2578=CARTESIAN_POINT('',(2.374999999996987,-1.520000000002142,0.0));
#2579=DIRECTION('',(1.0,0.0,0.0));
#2580=VECTOR('',#2579,0.050000000017661);
#2581=LINE('',#2578,#2580);
#2582=EDGE_CURVE('',#2540,#2571,#2581,.T.);
#2583=ORIENTED_EDGE('',*,*,#2582,.F.);
#2584=ORIENTED_EDGE('',*,*,#2545,.T.);
#2585=EDGE_LOOP('',(#2569,#2577,#2583,#2584));
#2586=FACE_OUTER_BOUND('',#2585,.T.);
#2587=ADVANCED_FACE('',(#2586),#2561,.T.);
#2588=CARTESIAN_POINT('',(2.425000000014648,-1.520000000002142,0.0));
#2589=DIRECTION('',(1.0,0.0,0.0));
#2590=DIRECTION('',(0.0,0.0,1.0));
#2591=AXIS2_PLACEMENT_3D('',#2588,#2589,#2590);
#2592=PLANE('',#2591);
#2593=CARTESIAN_POINT('',(2.425000000014648,-1.535000000002015,0.25));
#2594=VERTEX_POINT('',#2593);
#2595=CARTESIAN_POINT('',(2.425000000014648,-1.520000000002142,0.25));
#2596=DIRECTION('',(0.0,-1.0,0.0));
#2597=VECTOR('',#2596,0.014999999999873);
#2598=LINE('',#2595,#2597);
#2599=EDGE_CURVE('',#2563,#2594,#2598,.T.);
#2600=ORIENTED_EDGE('',*,*,#2599,.T.);
#2601=CARTESIAN_POINT('',(2.425000000014648,-1.535000000002015,0.0));
#2602=VERTEX_POINT('',#2601);
#2603=CARTESIAN_POINT('',(2.425000000014648,-1.535000000002015,0.0));
#2604=DIRECTION('',(0.0,0.0,1.0));
#2605=VECTOR('',#2604,0.25);
#2606=LINE('',#2603,#2605);
#2607=EDGE_CURVE('',#2602,#2594,#2606,.T.);
#2608=ORIENTED_EDGE('',*,*,#2607,.F.);
#2609=CARTESIAN_POINT('',(2.425000000014648,-1.520000000002142,0.0));
#2610=DIRECTION('',(0.0,-1.0,0.0));
#2611=VECTOR('',#2610,0.014999999999873);
#2612=LINE('',#2609,#2611);
#2613=EDGE_CURVE('',#2571,#2602,#2612,.T.);
#2614=ORIENTED_EDGE('',*,*,#2613,.F.);
#2615=ORIENTED_EDGE('',*,*,#2576,.T.);
#2616=EDGE_LOOP('',(#2600,#2608,#2614,#2615));
#2617=FACE_OUTER_BOUND('',#2616,.T.);
#2618=ADVANCED_FACE('',(#2617),#2592,.T.);
#2619=CARTESIAN_POINT('',(2.575000000014455,-1.535000000001844,0.0));
#2620=DIRECTION('',(0.0,0.0,1.0));
#2621=DIRECTION('',(-0.707106781186548,-0.707106781186547,0.0));
#2622=AXIS2_PLACEMENT_3D('',#2619,#2620,#2621);
#2623=CYLINDRICAL_SURFACE('',#2622,0.149999999999807);
#2624=CARTESIAN_POINT('',(2.575000000014284,-1.685000000001651,0.25));
#2625=VERTEX_POINT('',#2624);
#2626=CARTESIAN_POINT('',(2.575000000014455,-1.535000000001844,0.25));
#2627=DIRECTION('',(0.0,0.0,1.0));
#2628=DIRECTION('',(-0.707106781186548,-0.707106781186547,0.0));
#2629=AXIS2_PLACEMENT_3D('',#2626,#2627,#2628);
#2630=CIRCLE('',#2629,0.149999999999807);
#2631=EDGE_CURVE('',#2594,#2625,#2630,.T.);
#2632=ORIENTED_EDGE('',*,*,#2631,.T.);
#2633=CARTESIAN_POINT('',(2.575000000014284,-1.685000000001651,0.0));
#2634=VERTEX_POINT('',#2633);
#2635=CARTESIAN_POINT('',(2.575000000014284,-1.685000000001651,0.0));
#2636=DIRECTION('',(0.0,0.0,1.0));
#2637=VECTOR('',#2636,0.25);
#2638=LINE('',#2635,#2637);
#2639=EDGE_CURVE('',#2634,#2625,#2638,.T.);
#2640=ORIENTED_EDGE('',*,*,#2639,.F.);
#2641=CARTESIAN_POINT('',(2.575000000014455,-1.535000000001844,0.0));
#2642=DIRECTION('',(0.0,0.0,1.0));
#2643=DIRECTION('',(-0.707106781186548,-0.707106781186547,0.0));
#2644=AXIS2_PLACEMENT_3D('',#2641,#2642,#2643);
#2645=CIRCLE('',#2644,0.149999999999807);
#2646=EDGE_CURVE('',#2602,#2634,#2645,.T.);
#2647=ORIENTED_EDGE('',*,*,#2646,.F.);
#2648=ORIENTED_EDGE('',*,*,#2607,.T.);
#2649=EDGE_LOOP('',(#2632,#2640,#2647,#2648));
#2650=FACE_OUTER_BOUND('',#2649,.T.);
#2651=ADVANCED_FACE('',(#2650),#2623,.F.);
#2652=CARTESIAN_POINT('',(2.575000000014284,-1.685000000001651,0.0));
#2653=DIRECTION('',(5.167767E-012,1.0,0.0));
#2654=DIRECTION('',(0.0,0.0,1.0));
#2655=AXIS2_PLACEMENT_3D('',#2652,#2653,#2654);
#2656=PLANE('',#2655);
#2657=CARTESIAN_POINT('',(2.740000000000037,-1.685000000002504,0.25));
#2658=VERTEX_POINT('',#2657);
#2659=CARTESIAN_POINT('',(2.575000000014284,-1.685000000001651,0.25));
#2660=DIRECTION('',(1.0,-5.167584E-012,0.0));
#2661=VECTOR('',#2660,0.164999999985753);
#2662=LINE('',#2659,#2661);
#2663=EDGE_CURVE('',#2625,#2658,#2662,.T.);
#2664=ORIENTED_EDGE('',*,*,#2663,.T.);
#2665=CARTESIAN_POINT('',(2.740000000000037,-1.685000000002504,0.0));
#2666=VERTEX_POINT('',#2665);
#2667=CARTESIAN_POINT('',(2.740000000000037,-1.685000000002504,0.0));
#2668=DIRECTION('',(0.0,0.0,1.0));
#2669=VECTOR('',#2668,0.25);
#2670=LINE('',#2667,#2669);
#2671=EDGE_CURVE('',#2666,#2658,#2670,.T.);
#2672=ORIENTED_EDGE('',*,*,#2671,.F.);
#2673=CARTESIAN_POINT('',(2.575000000014284,-1.685000000001651,0.0));
#2674=DIRECTION('',(1.0,-5.167584E-012,0.0));
#2675=VECTOR('',#2674,0.164999999985753);
#2676=LINE('',#2673,#2675);
#2677=EDGE_CURVE('',#2634,#2666,#2676,.T.);
#2678=ORIENTED_EDGE('',*,*,#2677,.F.);
#2679=ORIENTED_EDGE('',*,*,#2639,.T.);
#2680=EDGE_LOOP('',(#2664,#2672,#2678,#2679));
#2681=FACE_OUTER_BOUND('',#2680,.T.);
#2682=ADVANCED_FACE('',(#2681),#2656,.T.);
#2683=CARTESIAN_POINT('',(2.740000000000037,-1.685000000002504,0.0));
#2684=DIRECTION('',(1.0,0.0,0.0));
#2685=DIRECTION('',(0.0,0.0,1.0));
#2686=AXIS2_PLACEMENT_3D('',#2683,#2684,#2685);
#2687=PLANE('',#2686);
#2688=CARTESIAN_POINT('',(2.740000000000037,-2.125000000001933,0.25));
#2689=VERTEX_POINT('',#2688);
#2690=CARTESIAN_POINT('',(2.740000000000037,-1.685000000002504,0.25));
#2691=DIRECTION('',(0.0,-1.0,0.0));
#2692=VECTOR('',#2691,0.439999999999429);
#2693=LINE('',#2690,#2692);
#2694=EDGE_CURVE('',#2658,#2689,#2693,.T.);
#2695=ORIENTED_EDGE('',*,*,#2694,.T.);
#2696=CARTESIAN_POINT('',(2.740000000000037,-2.125000000001933,0.0));
#2697=VERTEX_POINT('',#2696);
#2698=CARTESIAN_POINT('',(2.740000000000037,-2.125000000001933,0.0));
#2699=DIRECTION('',(0.0,0.0,1.0));
#2700=VECTOR('',#2699,0.25);
#2701=LINE('',#2698,#2700);
#2702=EDGE_CURVE('',#2697,#2689,#2701,.T.);
#2703=ORIENTED_EDGE('',*,*,#2702,.F.);
#2704=CARTESIAN_POINT('',(2.740000000000037,-1.685000000002504,0.0));
#2705=DIRECTION('',(0.0,-1.0,0.0));
#2706=VECTOR('',#2705,0.439999999999429);
#2707=LINE('',#2704,#2706);
#2708=EDGE_CURVE('',#2666,#2697,#2707,.T.);
#2709=ORIENTED_EDGE('',*,*,#2708,.F.);
#2710=ORIENTED_EDGE('',*,*,#2671,.T.);
#2711=EDGE_LOOP('',(#2695,#2703,#2709,#2710));
#2712=FACE_OUTER_BOUND('',#2711,.T.);
#2713=ADVANCED_FACE('',(#2712),#2687,.T.);
#2714=CARTESIAN_POINT('',(2.740000000000037,-2.125000000001933,0.0));
#2715=DIRECTION('',(-6.891948E-013,-1.0,0.0));
#2716=DIRECTION('',(0.0,0.0,-1.0));
#2717=AXIS2_PLACEMENT_3D('',#2714,#2715,#2716);
#2718=PLANE('',#2717);
#2719=CARTESIAN_POINT('',(2.575000000016871,-2.125000000001819,0.25));
#2720=VERTEX_POINT('',#2719);
#2721=CARTESIAN_POINT('',(2.740000000000037,-2.125000000001933,0.25));
#2722=DIRECTION('',(-1.0,6.890111E-013,0.0));
#2723=VECTOR('',#2722,0.164999999983166);
#2724=LINE('',#2721,#2723);
#2725=EDGE_CURVE('',#2689,#2720,#2724,.T.);
#2726=ORIENTED_EDGE('',*,*,#2725,.T.);
#2727=CARTESIAN_POINT('',(2.575000000016871,-2.125000000001819,0.0));
#2728=VERTEX_POINT('',#2727);
#2729=CARTESIAN_POINT('',(2.575000000016871,-2.125000000001819,0.0));
#2730=DIRECTION('',(0.0,0.0,1.0));
#2731=VECTOR('',#2730,0.25);
#2732=LINE('',#2729,#2731);
#2733=EDGE_CURVE('',#2728,#2720,#2732,.T.);
#2734=ORIENTED_EDGE('',*,*,#2733,.F.);
#2735=CARTESIAN_POINT('',(2.740000000000037,-2.125000000001933,0.0));
#2736=DIRECTION('',(-1.0,6.890111E-013,0.0));
#2737=VECTOR('',#2736,0.164999999983166);
#2738=LINE('',#2735,#2737);
#2739=EDGE_CURVE('',#2697,#2728,#2738,.T.);
#2740=ORIENTED_EDGE('',*,*,#2739,.F.);
#2741=ORIENTED_EDGE('',*,*,#2702,.T.);
#2742=EDGE_LOOP('',(#2726,#2734,#2740,#2741));
#2743=FACE_OUTER_BOUND('',#2742,.T.);
#2744=ADVANCED_FACE('',(#2743),#2718,.T.);
#2745=CARTESIAN_POINT('',(2.575000000016898,-2.275000000001797,0.0));
#2746=DIRECTION('',(0.0,0.0,1.0));
#2747=DIRECTION('',(-0.577350269191778,0.816496580926204,0.0));
#2748=AXIS2_PLACEMENT_3D('',#2745,#2746,#2747);
#2749=CYLINDRICAL_SURFACE('',#2748,0.149999999999978);
#2750=CARTESIAN_POINT('',(2.433578643779355,-2.225000000002524,0.25));
#2751=VERTEX_POINT('',#2750);
#2752=CARTESIAN_POINT('',(2.575000000016898,-2.275000000001797,0.25));
#2753=DIRECTION('',(0.0,0.0,1.0));
#2754=DIRECTION('',(-0.577350269191778,0.816496580926204,0.0));
#2755=AXIS2_PLACEMENT_3D('',#2752,#2753,#2754);
#2756=CIRCLE('',#2755,0.149999999999978);
#2757=EDGE_CURVE('',#2720,#2751,#2756,.T.);
#2758=ORIENTED_EDGE('',*,*,#2757,.T.);
#2759=CARTESIAN_POINT('',(2.433578643779355,-2.225000000002524,0.0));
#2760=VERTEX_POINT('',#2759);
#2761=CARTESIAN_POINT('',(2.433578643779355,-2.225000000002524,0.0));
#2762=DIRECTION('',(0.0,0.0,1.0));
#2763=VECTOR('',#2762,0.25);
#2764=LINE('',#2761,#2763);
#2765=EDGE_CURVE('',#2760,#2751,#2764,.T.);
#2766=ORIENTED_EDGE('',*,*,#2765,.F.);
#2767=CARTESIAN_POINT('',(2.575000000016898,-2.275000000001797,0.0));
#2768=DIRECTION('',(0.0,0.0,1.0));
#2769=DIRECTION('',(-0.577350269191778,0.816496580926204,0.0));
#2770=AXIS2_PLACEMENT_3D('',#2767,#2768,#2769);
#2771=CIRCLE('',#2770,0.149999999999978);
#2772=EDGE_CURVE('',#2728,#2760,#2771,.T.);
#2773=ORIENTED_EDGE('',*,*,#2772,.F.);
#2774=ORIENTED_EDGE('',*,*,#2733,.T.);
#2775=EDGE_LOOP('',(#2758,#2766,#2773,#2774));
#2776=FACE_OUTER_BOUND('',#2775,.T.);
#2777=ADVANCED_FACE('',(#2776),#2749,.F.);
#2778=CARTESIAN_POINT('',(2.433578643779355,-2.225000000002524,0.0));
#2779=DIRECTION('',(0.0,-1.0,0.0));
#2780=DIRECTION('',(0.0,0.0,-1.0));
#2781=AXIS2_PLACEMENT_3D('',#2778,#2779,#2780);
#2782=PLANE('',#2781);
#2783=CARTESIAN_POINT('',(2.355000000014257,-2.225000000002524,0.25));
#2784=VERTEX_POINT('',#2783);
#2785=CARTESIAN_POINT('',(2.433578643779355,-2.225000000002524,0.25));
#2786=DIRECTION('',(-1.0,0.0,0.0));
#2787=VECTOR('',#2786,0.078578643765098);
#2788=LINE('',#2785,#2787);
#2789=EDGE_CURVE('',#2751,#2784,#2788,.T.);
#2790=ORIENTED_EDGE('',*,*,#2789,.T.);
#2791=CARTESIAN_POINT('',(2.355000000014257,-2.225000000002524,0.0));
#2792=VERTEX_POINT('',#2791);
#2793=CARTESIAN_POINT('',(2.355000000014257,-2.225000000002524,0.0));
#2794=DIRECTION('',(0.0,0.0,1.0));
#2795=VECTOR('',#2794,0.25);
#2796=LINE('',#2793,#2795);
#2797=EDGE_CURVE('',#2792,#2784,#2796,.T.);
#2798=ORIENTED_EDGE('',*,*,#2797,.F.);
#2799=CARTESIAN_POINT('',(2.433578643779355,-2.225000000002524,0.0));
#2800=DIRECTION('',(-1.0,0.0,0.0));
#2801=VECTOR('',#2800,0.078578643765098);
#2802=LINE('',#2799,#2801);
#2803=EDGE_CURVE('',#2760,#2792,#2802,.T.);
#2804=ORIENTED_EDGE('',*,*,#2803,.F.);
#2805=ORIENTED_EDGE('',*,*,#2765,.T.);
#2806=EDGE_LOOP('',(#2790,#2798,#2804,#2805));
#2807=FACE_OUTER_BOUND('',#2806,.T.);
#2808=ADVANCED_FACE('',(#2807),#2782,.T.);
#2809=CARTESIAN_POINT('',(2.355000000014257,-2.225000000002524,0.0));
#2810=DIRECTION('',(-1.0,0.0,0.0));
#2811=DIRECTION('',(0.0,0.0,-1.0));
#2812=AXIS2_PLACEMENT_3D('',#2809,#2810,#2811);
#2813=PLANE('',#2812);
#2814=CARTESIAN_POINT('',(2.355000000014257,-2.155000000001451,0.25));
#2815=VERTEX_POINT('',#2814);
#2816=CARTESIAN_POINT('',(2.355000000014257,-2.225000000002524,0.25));
#2817=DIRECTION('',(0.0,1.0,0.0));
#2818=VECTOR('',#2817,0.070000000001073);
#2819=LINE('',#2816,#2818);
#2820=EDGE_CURVE('',#2784,#2815,#2819,.T.);
#2821=ORIENTED_EDGE('',*,*,#2820,.T.);
#2822=CARTESIAN_POINT('',(2.355000000014257,-2.155000000001451,0.0));
#2823=VERTEX_POINT('',#2822);
#2824=CARTESIAN_POINT('',(2.355000000014257,-2.155000000001451,0.0));
#2825=DIRECTION('',(0.0,0.0,1.0));
#2826=VECTOR('',#2825,0.25);
#2827=LINE('',#2824,#2826);
#2828=EDGE_CURVE('',#2823,#2815,#2827,.T.);
#2829=ORIENTED_EDGE('',*,*,#2828,.F.);
#2830=CARTESIAN_POINT('',(2.355000000014257,-2.225000000002524,0.0));
#2831=DIRECTION('',(0.0,1.0,0.0));
#2832=VECTOR('',#2831,0.070000000001073);
#2833=LINE('',#2830,#2832);
#2834=EDGE_CURVE('',#2792,#2823,#2833,.T.);
#2835=ORIENTED_EDGE('',*,*,#2834,.F.);
#2836=ORIENTED_EDGE('',*,*,#2797,.T.);
#2837=EDGE_LOOP('',(#2821,#2829,#2835,#2836));
#2838=FACE_OUTER_BOUND('',#2837,.T.);
#2839=ADVANCED_FACE('',(#2838),#2813,.T.);
#2840=CARTESIAN_POINT('',(2.355000000014257,-2.155000000001451,0.0));
#2841=DIRECTION('',(0.0,-1.0,0.0));
#2842=DIRECTION('',(0.0,0.0,-1.0));
#2843=AXIS2_PLACEMENT_3D('',#2840,#2841,#2842);
#2844=PLANE('',#2843);
#2845=CARTESIAN_POINT('',(0.154999999999177,-2.155000000001337,0.25));
#2846=VERTEX_POINT('',#2845);
#2847=CARTESIAN_POINT('',(2.355000000014257,-2.155000000001451,0.25));
#2848=DIRECTION('',(-1.0,0.0,0.0));
#2849=VECTOR('',#2848,2.200000000015081);
#2850=LINE('',#2847,#2849);
#2851=EDGE_CURVE('',#2815,#2846,#2850,.T.);
#2852=ORIENTED_EDGE('',*,*,#2851,.T.);
#2853=CARTESIAN_POINT('',(0.154999999999177,-2.155000000001337,0.0));
#2854=VERTEX_POINT('',#2853);
#2855=CARTESIAN_POINT('',(0.154999999999177,-2.155000000001337,0.0));
#2856=DIRECTION('',(0.0,0.0,1.0));
#2857=VECTOR('',#2856,0.25);
#2858=LINE('',#2855,#2857);
#2859=EDGE_CURVE('',#2854,#2846,#2858,.T.);
#2860=ORIENTED_EDGE('',*,*,#2859,.F.);
#2861=CARTESIAN_POINT('',(2.355000000014257,-2.155000000001451,0.0));
#2862=DIRECTION('',(-1.0,0.0,0.0));
#2863=VECTOR('',#2862,2.200000000015081);
#2864=LINE('',#2861,#2863);
#2865=EDGE_CURVE('',#2823,#2854,#2864,.T.);
#2866=ORIENTED_EDGE('',*,*,#2865,.F.);
#2867=ORIENTED_EDGE('',*,*,#2828,.T.);
#2868=EDGE_LOOP('',(#2852,#2860,#2866,#2867));
#2869=FACE_OUTER_BOUND('',#2868,.T.);
#2870=ADVANCED_FACE('',(#2869),#2844,.T.);
#2871=CARTESIAN_POINT('',(0.154999999999177,-2.155000000001337,0.0));
#2872=DIRECTION('',(1.0,0.0,0.0));
#2873=DIRECTION('',(0.0,0.0,1.0));
#2874=AXIS2_PLACEMENT_3D('',#2871,#2872,#2873);
#2875=PLANE('',#2874);
#2876=CARTESIAN_POINT('',(0.154999999999176,-2.225000000001501,0.25));
#2877=VERTEX_POINT('',#2876);
#2878=CARTESIAN_POINT('',(0.154999999999177,-2.155000000001337,0.25));
#2879=DIRECTION('',(0.0,-1.0,0.0));
#2880=VECTOR('',#2879,0.070000000000164);
#2881=LINE('',#2878,#2880);
#2882=EDGE_CURVE('',#2846,#2877,#2881,.T.);
#2883=ORIENTED_EDGE('',*,*,#2882,.T.);
#2884=CARTESIAN_POINT('',(0.154999999999176,-2.225000000001501,0.0));
#2885=VERTEX_POINT('',#2884);
#2886=CARTESIAN_POINT('',(0.154999999999176,-2.225000000001501,0.0));
#2887=DIRECTION('',(0.0,0.0,1.0));
#2888=VECTOR('',#2887,0.25);
#2889=LINE('',#2886,#2888);
#2890=EDGE_CURVE('',#2885,#2877,#2889,.T.);
#2891=ORIENTED_EDGE('',*,*,#2890,.F.);
#2892=CARTESIAN_POINT('',(0.154999999999177,-2.155000000001337,0.0));
#2893=DIRECTION('',(0.0,-1.0,0.0));
#2894=VECTOR('',#2893,0.070000000000164);
#2895=LINE('',#2892,#2894);
#2896=EDGE_CURVE('',#2854,#2885,#2895,.T.);
#2897=ORIENTED_EDGE('',*,*,#2896,.F.);
#2898=ORIENTED_EDGE('',*,*,#2859,.T.);
#2899=EDGE_LOOP('',(#2883,#2891,#2897,#2898));
#2900=FACE_OUTER_BOUND('',#2899,.T.);
#2901=ADVANCED_FACE('',(#2900),#2875,.T.);
#2902=CARTESIAN_POINT('',(0.154999999999176,-2.225000000001501,0.0));
#2903=DIRECTION('',(0.0,-1.0,0.0));
#2904=DIRECTION('',(0.0,0.0,-1.0));
#2905=AXIS2_PLACEMENT_3D('',#2902,#2903,#2904);
#2906=PLANE('',#2905);
#2907=CARTESIAN_POINT('',(-0.080000000022978,-2.225000000001501,0.25));
#2908=VERTEX_POINT('',#2907);
#2909=CARTESIAN_POINT('',(0.154999999999176,-2.225000000001501,0.25));
#2910=DIRECTION('',(-1.0,0.0,0.0));
#2911=VECTOR('',#2910,0.235000000022154);
#2912=LINE('',#2909,#2911);
#2913=EDGE_CURVE('',#2877,#2908,#2912,.T.);
#2914=ORIENTED_EDGE('',*,*,#2913,.T.);
#2915=CARTESIAN_POINT('',(-0.080000000022978,-2.225000000001501,0.0));
#2916=VERTEX_POINT('',#2915);
#2917=CARTESIAN_POINT('',(-0.080000000022978,-2.225000000001501,0.0));
#2918=DIRECTION('',(0.0,0.0,1.0));
#2919=VECTOR('',#2918,0.25);
#2920=LINE('',#2917,#2919);
#2921=EDGE_CURVE('',#2916,#2908,#2920,.T.);
#2922=ORIENTED_EDGE('',*,*,#2921,.F.);
#2923=CARTESIAN_POINT('',(0.154999999999176,-2.225000000001501,0.0));
#2924=DIRECTION('',(-1.0,0.0,0.0));
#2925=VECTOR('',#2924,0.235000000022154);
#2926=LINE('',#2923,#2925);
#2927=EDGE_CURVE('',#2885,#2916,#2926,.T.);
#2928=ORIENTED_EDGE('',*,*,#2927,.F.);
#2929=ORIENTED_EDGE('',*,*,#2890,.T.);
#2930=EDGE_LOOP('',(#2914,#2922,#2928,#2929));
#2931=FACE_OUTER_BOUND('',#2930,.T.);
#2932=ADVANCED_FACE('',(#2931),#2906,.T.);
#2933=CARTESIAN_POINT('',(-0.080000000022978,-2.225000000001501,0.0));
#2934=DIRECTION('',(1.0,0.0,0.0));
#2935=DIRECTION('',(0.0,0.0,1.0));
#2936=AXIS2_PLACEMENT_3D('',#2933,#2934,#2935);
#2937=PLANE('',#2936);
#2938=CARTESIAN_POINT('',(-0.080000000022978,-2.377098005439393,0.25));
#2939=VERTEX_POINT('',#2938);
#2940=CARTESIAN_POINT('',(-0.080000000022978,-2.225000000001501,0.25));
#2941=DIRECTION('',(0.0,-1.0,0.0));
#2942=VECTOR('',#2941,0.152098005437892);
#2943=LINE('',#2940,#2942);
#2944=EDGE_CURVE('',#2908,#2939,#2943,.T.);
#2945=ORIENTED_EDGE('',*,*,#2944,.T.);
#2946=CARTESIAN_POINT('',(-0.080000000022978,-2.377098005439393,0.0));
#2947=VERTEX_POINT('',#2946);
#2948=CARTESIAN_POINT('',(-0.080000000022978,-2.377098005439393,0.0));
#2949=DIRECTION('',(0.0,0.0,1.0));
#2950=VECTOR('',#2949,0.25);
#2951=LINE('',#2948,#2950);
#2952=EDGE_CURVE('',#2947,#2939,#2951,.T.);
#2953=ORIENTED_EDGE('',*,*,#2952,.F.);
#2954=CARTESIAN_POINT('',(-0.080000000022978,-2.225000000001501,0.0));
#2955=DIRECTION('',(0.0,-1.0,0.0));
#2956=VECTOR('',#2955,0.152098005437892);
#2957=LINE('',#2954,#2956);
#2958=EDGE_CURVE('',#2916,#2947,#2957,.T.);
#2959=ORIENTED_EDGE('',*,*,#2958,.F.);
#2960=ORIENTED_EDGE('',*,*,#2921,.T.);
#2961=EDGE_LOOP('',(#2945,#2953,#2959,#2960));
#2962=FACE_OUTER_BOUND('',#2961,.T.);
#2963=ADVANCED_FACE('',(#2962),#2937,.T.);
#2964=CARTESIAN_POINT('',(-0.080000000022978,-2.377098005439393,0.0));
#2965=DIRECTION('',(0.707106781187954,-0.707106781185141,0.0));
#2966=DIRECTION('',(0.0,0.0,-1.0));
#2967=AXIS2_PLACEMENT_3D('',#2964,#2965,#2966);
#2968=PLANE('',#2967);
#2969=CARTESIAN_POINT('',(-0.080000000022978,-2.377098005439393,0.25));
#2970=DIRECTION('',(-0.707106781185141,-0.707106781187954,0.0));
#2971=VECTOR('',#2970,0.141421356237543);
#2972=LINE('',#2969,#2971);
#2973=EDGE_CURVE('',#2939,#1054,#2972,.T.);
#2974=ORIENTED_EDGE('',*,*,#2973,.T.);
#2975=ORIENTED_EDGE('',*,*,#1083,.F.);
#2976=CARTESIAN_POINT('',(-0.080000000022978,-2.377098005439393,0.0));
#2977=DIRECTION('',(-0.707106781185141,-0.707106781187954,0.0));
#2978=VECTOR('',#2977,0.141421356237543);
#2979=LINE('',#2976,#2978);
#2980=EDGE_CURVE('',#2947,#1072,#2979,.T.);
#2981=ORIENTED_EDGE('',*,*,#2980,.F.);
#2982=ORIENTED_EDGE('',*,*,#2952,.T.);
#2983=EDGE_LOOP('',(#2974,#2975,#2981,#2982));
#2984=FACE_OUTER_BOUND('',#2983,.T.);
#2985=ADVANCED_FACE('',(#2984),#2968,.T.);
#2986=CARTESIAN_POINT('',(0.870046663695656,-8.297046E-013,0.25));
#2987=DIRECTION('',(0.0,0.0,1.0));
#2988=DIRECTION('',(0.0,-1.0,0.0));
#2989=AXIS2_PLACEMENT_3D('',#2986,#2987,#2988);
#2990=PLANE('',#2989);
#2991=ORIENTED_EDGE('',*,*,#1061,.F.);
#2992=ORIENTED_EDGE('',*,*,#2973,.F.);
#2993=ORIENTED_EDGE('',*,*,#2944,.F.);
#2994=ORIENTED_EDGE('',*,*,#2913,.F.);
#2995=ORIENTED_EDGE('',*,*,#2882,.F.);
#2996=ORIENTED_EDGE('',*,*,#2851,.F.);
#2997=ORIENTED_EDGE('',*,*,#2820,.F.);
#2998=ORIENTED_EDGE('',*,*,#2789,.F.);
#2999=ORIENTED_EDGE('',*,*,#2757,.F.);
#3000=ORIENTED_EDGE('',*,*,#2725,.F.);
#3001=ORIENTED_EDGE('',*,*,#2694,.F.);
#3002=ORIENTED_EDGE('',*,*,#2663,.F.);
#3003=ORIENTED_EDGE('',*,*,#2631,.F.);
#3004=ORIENTED_EDGE('',*,*,#2599,.F.);
#3005=ORIENTED_EDGE('',*,*,#2568,.F.);
#3006=ORIENTED_EDGE('',*,*,#2537,.F.);
#3007=ORIENTED_EDGE('',*,*,#2506,.F.);
#3008=ORIENTED_EDGE('',*,*,#2475,.F.);
#3009=ORIENTED_EDGE('',*,*,#2443,.F.);
#3010=ORIENTED_EDGE('',*,*,#2411,.F.);
#3011=ORIENTED_EDGE('',*,*,#2380,.F.);
#3012=ORIENTED_EDGE('',*,*,#2349,.F.);
#3013=ORIENTED_EDGE('',*,*,#2317,.F.);
#3014=ORIENTED_EDGE('',*,*,#2285,.F.);
#3015=ORIENTED_EDGE('',*,*,#2254,.F.);
#3016=ORIENTED_EDGE('',*,*,#2223,.F.);
#3017=ORIENTED_EDGE('',*,*,#2192,.F.);
#3018=ORIENTED_EDGE('',*,*,#2161,.F.);
#3019=ORIENTED_EDGE('',*,*,#2129,.F.);
#3020=ORIENTED_EDGE('',*,*,#2097,.F.);
#3021=ORIENTED_EDGE('',*,*,#2066,.F.);
#3022=ORIENTED_EDGE('',*,*,#2035,.F.);
#3023=ORIENTED_EDGE('',*,*,#2003,.F.);
#3024=ORIENTED_EDGE('',*,*,#1971,.F.);
#3025=ORIENTED_EDGE('',*,*,#1940,.F.);
#3026=ORIENTED_EDGE('',*,*,#1909,.F.);
#3027=ORIENTED_EDGE('',*,*,#1878,.F.);
#3028=ORIENTED_EDGE('',*,*,#1847,.F.);
#3029=ORIENTED_EDGE('',*,*,#1815,.F.);
#3030=ORIENTED_EDGE('',*,*,#1783,.F.);
#3031=ORIENTED_EDGE('',*,*,#1752,.F.);
#3032=ORIENTED_EDGE('',*,*,#1721,.F.);
#3033=ORIENTED_EDGE('',*,*,#1689,.F.);
#3034=ORIENTED_EDGE('',*,*,#1657,.F.);
#3035=ORIENTED_EDGE('',*,*,#1626,.F.);
#3036=ORIENTED_EDGE('',*,*,#1595,.F.);
#3037=ORIENTED_EDGE('',*,*,#1564,.F.);
#3038=ORIENTED_EDGE('',*,*,#1533,.F.);
#3039=ORIENTED_EDGE('',*,*,#1502,.F.);
#3040=ORIENTED_EDGE('',*,*,#1471,.F.);
#3041=ORIENTED_EDGE('',*,*,#1440,.F.);
#3042=ORIENTED_EDGE('',*,*,#1409,.F.);
#3043=ORIENTED_EDGE('',*,*,#1378,.F.);
#3044=ORIENTED_EDGE('',*,*,#1347,.F.);
#3045=ORIENTED_EDGE('',*,*,#1316,.F.);
#3046=ORIENTED_EDGE('',*,*,#1285,.F.);
#3047=ORIENTED_EDGE('',*,*,#1254,.F.);
#3048=ORIENTED_EDGE('',*,*,#1223,.F.);
#3049=ORIENTED_EDGE('',*,*,#1192,.F.);
#3050=ORIENTED_EDGE('',*,*,#1161,.F.);
#3051=ORIENTED_EDGE('',*,*,#1130,.F.);
#3052=ORIENTED_EDGE('',*,*,#1099,.F.);
#3053=EDGE_LOOP('',(#2991,#2992,#2993,#2994,#2995,#2996,#2997,#2998,#2999,#3000,#3001,#3002,#3003,#3004,#3005,#3006,#3007,#3008,#3009,#3010,#3011,#3012,#3013,#3014,#3015,#3016,#3017,#3018,#3019,#3020,#3021,#3022,#3023,#3024,#3025,#3026,#3027,#3028,#3029,#3030,#3031,#3032,#3033,#3034,#3035,#3036,#3037,#3038,#3039,#3040,#3041,#3042,#3043,#3044,#3045,#3046,#3047,#3048,#3049,#3050,#3051,#3052));
#3054=FACE_OUTER_BOUND('',#3053,.T.);
#3055=ADVANCED_FACE('',(#3054),#2990,.T.);
#3056=CARTESIAN_POINT('',(0.870046663695655,-8.295970E-013,0.0));
#3057=DIRECTION('',(0.0,0.0,1.0));
#3058=DIRECTION('',(0.0,-1.0,0.0));
#3059=AXIS2_PLACEMENT_3D('',#3056,#3057,#3058);
#3060=PLANE('',#3059);
#3061=ORIENTED_EDGE('',*,*,#2980,.T.);
#3062=ORIENTED_EDGE('',*,*,#1077,.T.);
#3063=ORIENTED_EDGE('',*,*,#1113,.T.);
#3064=ORIENTED_EDGE('',*,*,#1144,.T.);
#3065=ORIENTED_EDGE('',*,*,#1175,.T.);
#3066=ORIENTED_EDGE('',*,*,#1206,.T.);
#3067=ORIENTED_EDGE('',*,*,#1237,.T.);
#3068=ORIENTED_EDGE('',*,*,#1268,.T.);
#3069=ORIENTED_EDGE('',*,*,#1299,.T.);
#3070=ORIENTED_EDGE('',*,*,#1330,.T.);
#3071=ORIENTED_EDGE('',*,*,#1361,.T.);
#3072=ORIENTED_EDGE('',*,*,#1392,.T.);
#3073=ORIENTED_EDGE('',*,*,#1423,.T.);
#3074=ORIENTED_EDGE('',*,*,#1454,.T.);
#3075=ORIENTED_EDGE('',*,*,#1485,.T.);
#3076=ORIENTED_EDGE('',*,*,#1516,.T.);
#3077=ORIENTED_EDGE('',*,*,#1547,.T.);
#3078=ORIENTED_EDGE('',*,*,#1578,.T.);
#3079=ORIENTED_EDGE('',*,*,#1609,.T.);
#3080=ORIENTED_EDGE('',*,*,#1640,.T.);
#3081=ORIENTED_EDGE('',*,*,#1671,.T.);
#3082=ORIENTED_EDGE('',*,*,#1704,.T.);
#3083=ORIENTED_EDGE('',*,*,#1735,.T.);
#3084=ORIENTED_EDGE('',*,*,#1766,.T.);
#3085=ORIENTED_EDGE('',*,*,#1797,.T.);
#3086=ORIENTED_EDGE('',*,*,#1830,.T.);
#3087=ORIENTED_EDGE('',*,*,#1861,.T.);
#3088=ORIENTED_EDGE('',*,*,#1892,.T.);
#3089=ORIENTED_EDGE('',*,*,#1923,.T.);
#3090=ORIENTED_EDGE('',*,*,#1954,.T.);
#3091=ORIENTED_EDGE('',*,*,#1985,.T.);
#3092=ORIENTED_EDGE('',*,*,#2018,.T.);
#3093=ORIENTED_EDGE('',*,*,#2049,.T.);
#3094=ORIENTED_EDGE('',*,*,#2080,.T.);
#3095=ORIENTED_EDGE('',*,*,#2111,.T.);
#3096=ORIENTED_EDGE('',*,*,#2144,.T.);
#3097=ORIENTED_EDGE('',*,*,#2175,.T.);
#3098=ORIENTED_EDGE('',*,*,#2206,.T.);
#3099=ORIENTED_EDGE('',*,*,#2237,.T.);
#3100=ORIENTED_EDGE('',*,*,#2268,.T.);
#3101=ORIENTED_EDGE('',*,*,#2299,.T.);
#3102=ORIENTED_EDGE('',*,*,#2332,.T.);
#3103=ORIENTED_EDGE('',*,*,#2363,.T.);
#3104=ORIENTED_EDGE('',*,*,#2394,.T.);
#3105=ORIENTED_EDGE('',*,*,#2425,.T.);
#3106=ORIENTED_EDGE('',*,*,#2458,.T.);
#3107=ORIENTED_EDGE('',*,*,#2489,.T.);
#3108=ORIENTED_EDGE('',*,*,#2520,.T.);
#3109=ORIENTED_EDGE('',*,*,#2551,.T.);
#3110=ORIENTED_EDGE('',*,*,#2582,.T.);
#3111=ORIENTED_EDGE('',*,*,#2613,.T.);
#3112=ORIENTED_EDGE('',*,*,#2646,.T.);
#3113=ORIENTED_EDGE('',*,*,#2677,.T.);
#3114=ORIENTED_EDGE('',*,*,#2708,.T.);
#3115=ORIENTED_EDGE('',*,*,#2739,.T.);
#3116=ORIENTED_EDGE('',*,*,#2772,.T.);
#3117=ORIENTED_EDGE('',*,*,#2803,.T.);
#3118=ORIENTED_EDGE('',*,*,#2834,.T.);
#3119=ORIENTED_EDGE('',*,*,#2865,.T.);
#3120=ORIENTED_EDGE('',*,*,#2896,.T.);
#3121=ORIENTED_EDGE('',*,*,#2927,.T.);
#3122=ORIENTED_EDGE('',*,*,#2958,.T.);
#3123=EDGE_LOOP('',(#3061,#3062,#3063,#3064,#3065,#3066,#3067,#3068,#3069,#3070,#3071,#3072,#3073,#3074,#3075,#3076,#3077,#3078,#3079,#3080,#3081,#3082,#3083,#3084,#3085,#3086,#3087,#3088,#3089,#3090,#3091,#3092,#3093,#3094,#3095,#3096,#3097,#3098,#3099,#3100,#3101,#3102,#3103,#3104,#3105,#3106,#3107,#3108,#3109,#3110,#3111,#3112,#3113,#3114,#3115,#3116,#3117,#3118,#3119,#3120,#3121,#3122));
#3124=FACE_OUTER_BOUND('',#3123,.T.);
#3125=ADVANCED_FACE('',(#3124),#3060,.F.);
#3126=CLOSED_SHELL('',(#1087,#1118,#1149,#1180,#1211,#1242,#1273,#1304,#1335,#1366,#1397,#1428,#1459,#1490,#1521,#1552,#1583,#1614,#1645,#1676,#1709,#1740,#1771,#1802,#1835,#1866,#1897,#1928,#1959,#1990,#2023,#2054,#2085,#2116,#2149,#2180,#2211,#2242,#2273,#2304,#2337,#2368,#2399,#2430,#2463,#2494,#2525,#2556,#2587,#2618,#2651,#2682,#2713,#2744,#2777,#2808,#2839,#2870,#2901,#2932,#2963,#2985,#3055,#3125));
#3127=MANIFOLD_SOLID_BREP('D4D',#3126);
#3128=STYLED_ITEM('NONE',(#319),#3127);
#3129=CARTESIAN_POINT('',(-2.919903810535545,-2.200000000001011,0.0));
#3130=DIRECTION('',(0.0,-1.0,0.0));
#3131=DIRECTION('',(0.0,0.0,-1.0));
#3132=AXIS2_PLACEMENT_3D('',#3129,#3130,#3131);
#3133=PLANE('',#3132);
#3134=CARTESIAN_POINT('',(-2.919903810535545,-2.200000000001011,0.25));
#3135=VERTEX_POINT('',#3134);
#3136=CARTESIAN_POINT('',(-3.220000000018104,-2.200000000001011,0.25));
#3137=VERTEX_POINT('',#3136);
#3138=CARTESIAN_POINT('',(-2.919903810535545,-2.200000000001011,0.25));
#3139=DIRECTION('',(-1.0,0.0,0.0));
#3140=VECTOR('',#3139,0.300096189482559);
#3141=LINE('',#3138,#3140);
#3142=EDGE_CURVE('',#3135,#3137,#3141,.T.);
#3143=ORIENTED_EDGE('',*,*,#3142,.T.);
#3144=CARTESIAN_POINT('',(-3.220000000018104,-2.200000000001011,0.0));
#3145=VERTEX_POINT('',#3144);
#3146=CARTESIAN_POINT('',(-3.220000000018104,-2.200000000001011,0.0));
#3147=DIRECTION('',(0.0,0.0,1.0));
#3148=VECTOR('',#3147,0.25);
#3149=LINE('',#3146,#3148);
#3150=EDGE_CURVE('',#3145,#3137,#3149,.T.);
#3151=ORIENTED_EDGE('',*,*,#3150,.F.);
#3152=CARTESIAN_POINT('',(-2.919903810535545,-2.200000000001011,0.0));
#3153=VERTEX_POINT('',#3152);
#3154=CARTESIAN_POINT('',(-2.919903810535545,-2.200000000001011,0.0));
#3155=DIRECTION('',(-1.0,0.0,0.0));
#3156=VECTOR('',#3155,0.300096189482559);
#3157=LINE('',#3154,#3156);
#3158=EDGE_CURVE('',#3153,#3145,#3157,.T.);
#3159=ORIENTED_EDGE('',*,*,#3158,.F.);
#3160=CARTESIAN_POINT('',(-2.919903810535545,-2.200000000001011,0.0));
#3161=DIRECTION('',(0.0,0.0,1.0));
#3162=VECTOR('',#3161,0.25);
#3163=LINE('',#3160,#3162);
#3164=EDGE_CURVE('',#3153,#3135,#3163,.T.);
#3165=ORIENTED_EDGE('',*,*,#3164,.T.);
#3166=EDGE_LOOP('',(#3143,#3151,#3159,#3165));
#3167=FACE_OUTER_BOUND('',#3166,.T.);
#3168=ADVANCED_FACE('',(#3167),#3133,.T.);
#3169=CARTESIAN_POINT('',(-3.220000000018104,-2.200000000001011,0.0));
#3170=DIRECTION('',(-1.0,0.0,0.0));
#3171=DIRECTION('',(0.0,0.0,-1.0));
#3172=AXIS2_PLACEMENT_3D('',#3169,#3170,#3171);
#3173=PLANE('',#3172);
#3174=CARTESIAN_POINT('',(-3.220000000018076,-1.610000000001718,0.25));
#3175=VERTEX_POINT('',#3174);
#3176=CARTESIAN_POINT('',(-3.220000000018104,-2.200000000001011,0.25));
#3177=DIRECTION('',(0.0,1.0,0.0));
#3178=VECTOR('',#3177,0.589999999999293);
#3179=LINE('',#3176,#3178);
#3180=EDGE_CURVE('',#3137,#3175,#3179,.T.);
#3181=ORIENTED_EDGE('',*,*,#3180,.T.);
#3182=CARTESIAN_POINT('',(-3.220000000018076,-1.610000000001718,0.0));
#3183=VERTEX_POINT('',#3182);
#3184=CARTESIAN_POINT('',(-3.220000000018076,-1.610000000001718,0.0));
#3185=DIRECTION('',(0.0,0.0,1.0));
#3186=VECTOR('',#3185,0.25);
#3187=LINE('',#3184,#3186);
#3188=EDGE_CURVE('',#3183,#3175,#3187,.T.);
#3189=ORIENTED_EDGE('',*,*,#3188,.F.);
#3190=CARTESIAN_POINT('',(-3.220000000018104,-2.200000000001011,0.0));
#3191=DIRECTION('',(0.0,1.0,0.0));
#3192=VECTOR('',#3191,0.589999999999293);
#3193=LINE('',#3190,#3192);
#3194=EDGE_CURVE('',#3145,#3183,#3193,.T.);
#3195=ORIENTED_EDGE('',*,*,#3194,.F.);
#3196=ORIENTED_EDGE('',*,*,#3150,.T.);
#3197=EDGE_LOOP('',(#3181,#3189,#3195,#3196));
#3198=FACE_OUTER_BOUND('',#3197,.T.);
#3199=ADVANCED_FACE('',(#3198),#3173,.T.);
#3200=CARTESIAN_POINT('',(-3.220000000018076,-1.610000000001718,0.0));
#3201=DIRECTION('',(0.0,1.0,0.0));
#3202=DIRECTION('',(0.0,0.0,1.0));
#3203=AXIS2_PLACEMENT_3D('',#3200,#3201,#3202);
#3204=PLANE('',#3203);
#3205=CARTESIAN_POINT('',(-2.91990381053617,-1.610000000001719,0.25));
#3206=VERTEX_POINT('',#3205);
#3207=CARTESIAN_POINT('',(-3.220000000018076,-1.610000000001718,0.25));
#3208=DIRECTION('',(1.0,0.0,0.0));
#3209=VECTOR('',#3208,0.300096189481906);
#3210=LINE('',#3207,#3209);
#3211=EDGE_CURVE('',#3175,#3206,#3210,.T.);
#3212=ORIENTED_EDGE('',*,*,#3211,.T.);
#3213=CARTESIAN_POINT('',(-2.91990381053617,-1.610000000001719,0.0));
#3214=VERTEX_POINT('',#3213);
#3215=CARTESIAN_POINT('',(-2.91990381053617,-1.610000000001719,0.0));
#3216=DIRECTION('',(0.0,0.0,1.0));
#3217=VECTOR('',#3216,0.25);
#3218=LINE('',#3215,#3217);
#3219=EDGE_CURVE('',#3214,#3206,#3218,.T.);
#3220=ORIENTED_EDGE('',*,*,#3219,.F.);
#3221=CARTESIAN_POINT('',(-3.220000000018076,-1.610000000001718,0.0));
#3222=DIRECTION('',(1.0,0.0,0.0));
#3223=VECTOR('',#3222,0.300096189481906);
#3224=LINE('',#3221,#3223);
#3225=EDGE_CURVE('',#3183,#3214,#3224,.T.);
#3226=ORIENTED_EDGE('',*,*,#3225,.F.);
#3227=ORIENTED_EDGE('',*,*,#3188,.T.);
#3228=EDGE_LOOP('',(#3212,#3220,#3226,#3227));
#3229=FACE_OUTER_BOUND('',#3228,.T.);
#3230=ADVANCED_FACE('',(#3229),#3204,.T.);
#3231=CARTESIAN_POINT('',(-2.789999999976433,-1.535000000015087,0.0));
#3232=DIRECTION('',(0.0,0.0,1.0));
#3233=DIRECTION('',(-0.500000000089826,-0.866025403732578,0.0));
#3234=AXIS2_PLACEMENT_3D('',#3231,#3232,#3233);
#3235=CYLINDRICAL_SURFACE('',#3234,0.149999999986449);
#3236=CARTESIAN_POINT('',(-2.789999999999936,-1.685000000001537,0.25));
#3237=VERTEX_POINT('',#3236);
#3238=CARTESIAN_POINT('',(-2.789999999976433,-1.535000000015087,0.25));
#3239=DIRECTION('',(0.0,0.0,1.0));
#3240=DIRECTION('',(-0.500000000089826,-0.866025403732578,0.0));
#3241=AXIS2_PLACEMENT_3D('',#3238,#3239,#3240);
#3242=CIRCLE('',#3241,0.149999999986449);
#3243=EDGE_CURVE('',#3206,#3237,#3242,.T.);
#3244=ORIENTED_EDGE('',*,*,#3243,.T.);
#3245=CARTESIAN_POINT('',(-2.789999999999936,-1.685000000001537,0.0));
#3246=VERTEX_POINT('',#3245);
#3247=CARTESIAN_POINT('',(-2.789999999999936,-1.685000000001537,0.0));
#3248=DIRECTION('',(0.0,0.0,1.0));
#3249=VECTOR('',#3248,0.25);
#3250=LINE('',#3247,#3249);
#3251=EDGE_CURVE('',#3246,#3237,#3250,.T.);
#3252=ORIENTED_EDGE('',*,*,#3251,.F.);
#3253=CARTESIAN_POINT('',(-2.789999999976433,-1.535000000015087,0.0));
#3254=DIRECTION('',(0.0,0.0,1.0));
#3255=DIRECTION('',(-0.500000000089826,-0.866025403732578,0.0));
#3256=AXIS2_PLACEMENT_3D('',#3253,#3254,#3255);
#3257=CIRCLE('',#3256,0.149999999986449);
#3258=EDGE_CURVE('',#3214,#3246,#3257,.T.);
#3259=ORIENTED_EDGE('',*,*,#3258,.F.);
#3260=ORIENTED_EDGE('',*,*,#3219,.T.);
#3261=EDGE_LOOP('',(#3244,#3252,#3259,#3260));
#3262=FACE_OUTER_BOUND('',#3261,.T.);
#3263=ADVANCED_FACE('',(#3262),#3235,.F.);
#3264=CARTESIAN_POINT('',(-2.789999999999936,-1.685000000001537,0.0));
#3265=DIRECTION('',(0.0,1.0,0.0));
#3266=DIRECTION('',(0.0,0.0,1.0));
#3267=AXIS2_PLACEMENT_3D('',#3264,#3265,#3266);
#3268=PLANE('',#3267);
#3269=CARTESIAN_POINT('',(-2.739999999999953,-1.685000000001537,0.25));
#3270=VERTEX_POINT('',#3269);
#3271=CARTESIAN_POINT('',(-2.789999999999936,-1.685000000001537,0.25));
#3272=DIRECTION('',(1.0,0.0,0.0));
#3273=VECTOR('',#3272,0.049999999999983);
#3274=LINE('',#3271,#3273);
#3275=EDGE_CURVE('',#3237,#3270,#3274,.T.);
#3276=ORIENTED_EDGE('',*,*,#3275,.T.);
#3277=CARTESIAN_POINT('',(-2.739999999999953,-1.685000000001537,0.0));
#3278=VERTEX_POINT('',#3277);
#3279=CARTESIAN_POINT('',(-2.739999999999953,-1.685000000001537,0.0));
#3280=DIRECTION('',(0.0,0.0,1.0));
#3281=VECTOR('',#3280,0.25);
#3282=LINE('',#3279,#3281);
#3283=EDGE_CURVE('',#3278,#3270,#3282,.T.);
#3284=ORIENTED_EDGE('',*,*,#3283,.F.);
#3285=CARTESIAN_POINT('',(-2.789999999999936,-1.685000000001537,0.0));
#3286=DIRECTION('',(1.0,0.0,0.0));
#3287=VECTOR('',#3286,0.049999999999983);
#3288=LINE('',#3285,#3287);
#3289=EDGE_CURVE('',#3246,#3278,#3288,.T.);
#3290=ORIENTED_EDGE('',*,*,#3289,.F.);
#3291=ORIENTED_EDGE('',*,*,#3251,.T.);
#3292=EDGE_LOOP('',(#3276,#3284,#3290,#3291));
#3293=FACE_OUTER_BOUND('',#3292,.T.);
#3294=ADVANCED_FACE('',(#3293),#3268,.T.);
#3295=CARTESIAN_POINT('',(-2.739999999999953,-1.685000000001537,0.0));
#3296=DIRECTION('',(1.0,0.0,0.0));
#3297=DIRECTION('',(0.0,0.0,1.0));
#3298=AXIS2_PLACEMENT_3D('',#3295,#3296,#3297);
#3299=PLANE('',#3298);
#3300=CARTESIAN_POINT('',(-2.739999999999953,-2.12500000000233,0.25));
#3301=VERTEX_POINT('',#3300);
#3302=CARTESIAN_POINT('',(-2.739999999999953,-1.685000000001537,0.25));
#3303=DIRECTION('',(0.0,-1.0,0.0));
#3304=VECTOR('',#3303,0.440000000000794);
#3305=LINE('',#3302,#3304);
#3306=EDGE_CURVE('',#3270,#3301,#3305,.T.);
#3307=ORIENTED_EDGE('',*,*,#3306,.T.);
#3308=CARTESIAN_POINT('',(-2.739999999999953,-2.12500000000233,0.0));
#3309=VERTEX_POINT('',#3308);
#3310=CARTESIAN_POINT('',(-2.739999999999953,-2.12500000000233,0.0));
#3311=DIRECTION('',(0.0,0.0,1.0));
#3312=VECTOR('',#3311,0.25);
#3313=LINE('',#3310,#3312);
#3314=EDGE_CURVE('',#3309,#3301,#3313,.T.);
#3315=ORIENTED_EDGE('',*,*,#3314,.F.);
#3316=CARTESIAN_POINT('',(-2.739999999999953,-1.685000000001537,0.0));
#3317=DIRECTION('',(0.0,-1.0,0.0));
#3318=VECTOR('',#3317,0.440000000000794);
#3319=LINE('',#3316,#3318);
#3320=EDGE_CURVE('',#3278,#3309,#3319,.T.);
#3321=ORIENTED_EDGE('',*,*,#3320,.F.);
#3322=ORIENTED_EDGE('',*,*,#3283,.T.);
#3323=EDGE_LOOP('',(#3307,#3315,#3321,#3322));
#3324=FACE_OUTER_BOUND('',#3323,.T.);
#3325=ADVANCED_FACE('',(#3324),#3299,.T.);
#3326=CARTESIAN_POINT('',(-2.739999999999953,-2.12500000000233,0.0));
#3327=DIRECTION('',(-1.137052E-012,-1.0,0.0));
#3328=DIRECTION('',(0.0,0.0,-1.0));
#3329=AXIS2_PLACEMENT_3D('',#3326,#3327,#3328);
#3330=PLANE('',#3329);
#3331=CARTESIAN_POINT('',(-2.789999999999623,-2.125000000002273,0.25));
#3332=VERTEX_POINT('',#3331);
#3333=CARTESIAN_POINT('',(-2.739999999999953,-2.12500000000233,0.25));
#3334=DIRECTION('',(-1.0,1.136868E-012,0.0));
#3335=VECTOR('',#3334,0.04999999999967);
#3336=LINE('',#3333,#3335);
#3337=EDGE_CURVE('',#3301,#3332,#3336,.T.);
#3338=ORIENTED_EDGE('',*,*,#3337,.T.);
#3339=CARTESIAN_POINT('',(-2.789999999999623,-2.125000000002273,0.0));
#3340=VERTEX_POINT('',#3339);
#3341=CARTESIAN_POINT('',(-2.789999999999623,-2.125000000002273,0.0));
#3342=DIRECTION('',(0.0,0.0,1.0));
#3343=VECTOR('',#3342,0.25);
#3344=LINE('',#3341,#3343);
#3345=EDGE_CURVE('',#3340,#3332,#3344,.T.);
#3346=ORIENTED_EDGE('',*,*,#3345,.F.);
#3347=CARTESIAN_POINT('',(-2.739999999999953,-2.12500000000233,0.0));
#3348=DIRECTION('',(-1.0,1.136868E-012,0.0));
#3349=VECTOR('',#3348,0.04999999999967);
#3350=LINE('',#3347,#3349);
#3351=EDGE_CURVE('',#3309,#3340,#3350,.T.);
#3352=ORIENTED_EDGE('',*,*,#3351,.F.);
#3353=ORIENTED_EDGE('',*,*,#3314,.T.);
#3354=EDGE_LOOP('',(#3338,#3346,#3352,#3353));
#3355=FACE_OUTER_BOUND('',#3354,.T.);
#3356=ADVANCED_FACE('',(#3355),#3330,.T.);
#3357=CARTESIAN_POINT('',(-2.789999999976502,-2.2749999999886,0.0));
#3358=DIRECTION('',(0.0,0.0,1.0));
#3359=DIRECTION('',(-0.500000000085328,0.866025403735175,0.0));
#3360=AXIS2_PLACEMENT_3D('',#3357,#3358,#3359);
#3361=CYLINDRICAL_SURFACE('',#3360,0.149999999986327);
#3362=CARTESIAN_POINT('',(-2.789999999976502,-2.2749999999886,0.25));
#3363=DIRECTION('',(0.0,0.0,1.0));
#3364=DIRECTION('',(-0.500000000085328,0.866025403735175,0.0));
#3365=AXIS2_PLACEMENT_3D('',#3362,#3363,#3364);
#3366=CIRCLE('',#3365,0.149999999986327);
#3367=EDGE_CURVE('',#3332,#3135,#3366,.T.);
#3368=ORIENTED_EDGE('',*,*,#3367,.T.);
#3369=ORIENTED_EDGE('',*,*,#3164,.F.);
#3370=CARTESIAN_POINT('',(-2.789999999976502,-2.2749999999886,0.0));
#3371=DIRECTION('',(0.0,0.0,1.0));
#3372=DIRECTION('',(-0.500000000085328,0.866025403735175,0.0));
#3373=AXIS2_PLACEMENT_3D('',#3370,#3371,#3372);
#3374=CIRCLE('',#3373,0.149999999986327);
#3375=EDGE_CURVE('',#3340,#3153,#3374,.T.);
#3376=ORIENTED_EDGE('',*,*,#3375,.F.);
#3377=ORIENTED_EDGE('',*,*,#3345,.T.);
#3378=EDGE_LOOP('',(#3368,#3369,#3376,#3377));
#3379=FACE_OUTER_BOUND('',#3378,.T.);
#3380=ADVANCED_FACE('',(#3379),#3361,.F.);
#3381=CARTESIAN_POINT('',(-2.995207295370983,-1.905000000001511,0.25));
#3382=DIRECTION('',(0.0,0.0,1.0));
#3383=DIRECTION('',(0.0,-1.0,0.0));
#3384=AXIS2_PLACEMENT_3D('',#3381,#3382,#3383);
#3385=PLANE('',#3384);
#3386=ORIENTED_EDGE('',*,*,#3142,.F.);
#3387=ORIENTED_EDGE('',*,*,#3367,.F.);
#3388=ORIENTED_EDGE('',*,*,#3337,.F.);
#3389=ORIENTED_EDGE('',*,*,#3306,.F.);
#3390=ORIENTED_EDGE('',*,*,#3275,.F.);
#3391=ORIENTED_EDGE('',*,*,#3243,.F.);
#3392=ORIENTED_EDGE('',*,*,#3211,.F.);
#3393=ORIENTED_EDGE('',*,*,#3180,.F.);
#3394=EDGE_LOOP('',(#3386,#3387,#3388,#3389,#3390,#3391,#3392,#3393));
#3395=FACE_OUTER_BOUND('',#3394,.T.);
#3396=ADVANCED_FACE('',(#3395),#3385,.T.);
#3397=CARTESIAN_POINT('',(-2.995207295370983,-1.905000000001511,0.0));
#3398=DIRECTION('',(0.0,0.0,1.0));
#3399=DIRECTION('',(0.0,-1.0,0.0));
#3400=AXIS2_PLACEMENT_3D('',#3397,#3398,#3399);
#3401=PLANE('',#3400);
#3402=ORIENTED_EDGE('',*,*,#3375,.T.);
#3403=ORIENTED_EDGE('',*,*,#3158,.T.);
#3404=ORIENTED_EDGE('',*,*,#3194,.T.);
#3405=ORIENTED_EDGE('',*,*,#3225,.T.);
#3406=ORIENTED_EDGE('',*,*,#3258,.T.);
#3407=ORIENTED_EDGE('',*,*,#3289,.T.);
#3408=ORIENTED_EDGE('',*,*,#3320,.T.);
#3409=ORIENTED_EDGE('',*,*,#3351,.T.);
#3410=EDGE_LOOP('',(#3402,#3403,#3404,#3405,#3406,#3407,#3408,#3409));
#3411=FACE_OUTER_BOUND('',#3410,.T.);
#3412=ADVANCED_FACE('',(#3411),#3401,.F.);
#3413=CLOSED_SHELL('',(#3168,#3199,#3230,#3263,#3294,#3325,#3356,#3380,#3396,#3412));
#3414=MANIFOLD_SOLID_BREP('D49',#3413);
#3415=STYLED_ITEM('NONE',(#319),#3414);
#3416=PRESENTATION_LAYER_ASSIGNMENT('3D_Pins','None',(#3414,#3737,#4094,#4416,#4703,#4990,#5277,#5564));
#3417=CARTESIAN_POINT('',(-2.765000000045023,1.534999999998322,0.0));
#3418=DIRECTION('',(0.0,0.0,1.0));
#3419=DIRECTION('',(0.08362626041787,0.996497189443364,0.0));
#3420=AXIS2_PLACEMENT_3D('',#3417,#3418,#3419);
#3421=CYLINDRICAL_SURFACE('',#3420,0.150000000000033);
#3422=CARTESIAN_POINT('',(-2.739999999999952,1.682901994568227,0.25));
#3423=VERTEX_POINT('',#3422);
#3424=CARTESIAN_POINT('',(-2.765000000049127,1.684999999998354,0.25));
#3425=VERTEX_POINT('',#3424);
#3426=CARTESIAN_POINT('',(-2.765000000045023,1.534999999998322,0.25));
#3427=DIRECTION('',(0.0,0.0,1.0));
#3428=DIRECTION('',(0.08362626041787,0.996497189443364,0.0));
#3429=AXIS2_PLACEMENT_3D('',#3426,#3427,#3428);
#3430=CIRCLE('',#3429,0.150000000000033);
#3431=EDGE_CURVE('',#3423,#3425,#3430,.T.);
#3432=ORIENTED_EDGE('',*,*,#3431,.T.);
#3433=CARTESIAN_POINT('',(-2.765000000049127,1.684999999998354,0.0));
#3434=VERTEX_POINT('',#3433);
#3435=CARTESIAN_POINT('',(-2.765000000049127,1.684999999998354,0.0));
#3436=DIRECTION('',(0.0,0.0,1.0));
#3437=VECTOR('',#3436,0.25);
#3438=LINE('',#3435,#3437);
#3439=EDGE_CURVE('',#3434,#3425,#3438,.T.);
#3440=ORIENTED_EDGE('',*,*,#3439,.F.);
#3441=CARTESIAN_POINT('',(-2.739999999999952,1.682901994568227,0.0));
#3442=VERTEX_POINT('',#3441);
#3443=CARTESIAN_POINT('',(-2.765000000045023,1.534999999998322,0.0));
#3444=DIRECTION('',(0.0,0.0,-1.0));
#3445=DIRECTION('',(0.08362626041787,0.996497189443364,0.0));
#3446=AXIS2_PLACEMENT_3D('',#3443,#3444,#3445);
#3447=CIRCLE('',#3446,0.150000000000033);
#3448=EDGE_CURVE('',#3434,#3442,#3447,.T.);
#3449=ORIENTED_EDGE('',*,*,#3448,.T.);
#3450=CARTESIAN_POINT('',(-2.739999999999952,1.682901994568227,0.0));
#3451=DIRECTION('',(0.0,0.0,1.0));
#3452=VECTOR('',#3451,0.25);
#3453=LINE('',#3450,#3452);
#3454=EDGE_CURVE('',#3442,#3423,#3453,.T.);
#3455=ORIENTED_EDGE('',*,*,#3454,.T.);
#3456=EDGE_LOOP('',(#3432,#3440,#3449,#3455));
#3457=FACE_OUTER_BOUND('',#3456,.T.);
#3458=ADVANCED_FACE('',(#3457),#3421,.F.);
#3459=CARTESIAN_POINT('',(-2.765000000049127,1.684999999998354,0.0));
#3460=DIRECTION('',(2.728466E-011,-1.0,0.0));
#3461=DIRECTION('',(0.0,0.0,-1.0));
#3462=AXIS2_PLACEMENT_3D('',#3459,#3460,#3461);
#3463=PLANE('',#3462);
#3464=CARTESIAN_POINT('',(-2.789999999999878,1.684999999997672,0.25));
#3465=VERTEX_POINT('',#3464);
#3466=CARTESIAN_POINT('',(-2.765000000049127,1.684999999998354,0.25));
#3467=DIRECTION('',(-1.0,-2.728484E-011,0.0));
#3468=VECTOR('',#3467,0.024999999950751);
#3469=LINE('',#3466,#3468);
#3470=EDGE_CURVE('',#3425,#3465,#3469,.T.);
#3471=ORIENTED_EDGE('',*,*,#3470,.T.);
#3472=CARTESIAN_POINT('',(-2.789999999999878,1.684999999997672,0.0));
#3473=VERTEX_POINT('',#3472);
#3474=CARTESIAN_POINT('',(-2.789999999999878,1.684999999997672,0.0));
#3475=DIRECTION('',(0.0,0.0,1.0));
#3476=VECTOR('',#3475,0.25);
#3477=LINE('',#3474,#3476);
#3478=EDGE_CURVE('',#3473,#3465,#3477,.T.);
#3479=ORIENTED_EDGE('',*,*,#3478,.F.);
#3480=CARTESIAN_POINT('',(-2.789999999999878,1.684999999997672,0.0));
#3481=DIRECTION('',(1.0,2.728484E-011,0.0));
#3482=VECTOR('',#3481,0.024999999950751);
#3483=LINE('',#3480,#3482);
#3484=EDGE_CURVE('',#3473,#3434,#3483,.T.);
#3485=ORIENTED_EDGE('',*,*,#3484,.T.);
#3486=ORIENTED_EDGE('',*,*,#3439,.T.);
#3487=EDGE_LOOP('',(#3471,#3479,#3485,#3486));
#3488=FACE_OUTER_BOUND('',#3487,.T.);
#3489=ADVANCED_FACE('',(#3488),#3463,.T.);
#3490=CARTESIAN_POINT('',(-2.789999999971217,1.535000000009469,0.0));
#3491=DIRECTION('',(0.0,0.0,1.0));
#3492=DIRECTION('',(-0.500000000101602,0.866025403725779,0.0));
#3493=AXIS2_PLACEMENT_3D('',#3490,#3491,#3492);
#3494=CYLINDRICAL_SURFACE('',#3493,0.149999999988204);
#3495=CARTESIAN_POINT('',(-2.919903810531934,1.609999999997911,0.25));
#3496=VERTEX_POINT('',#3495);
#3497=CARTESIAN_POINT('',(-2.789999999971217,1.535000000009469,0.25));
#3498=DIRECTION('',(0.0,0.0,1.0));
#3499=DIRECTION('',(-0.500000000101602,0.866025403725779,0.0));
#3500=AXIS2_PLACEMENT_3D('',#3497,#3498,#3499);
#3501=CIRCLE('',#3500,0.149999999988204);
#3502=EDGE_CURVE('',#3465,#3496,#3501,.T.);
#3503=ORIENTED_EDGE('',*,*,#3502,.T.);
#3504=CARTESIAN_POINT('',(-2.919903810531934,1.609999999997911,0.0));
#3505=VERTEX_POINT('',#3504);
#3506=CARTESIAN_POINT('',(-2.919903810531934,1.609999999997911,0.0));
#3507=DIRECTION('',(0.0,0.0,1.0));
#3508=VECTOR('',#3507,0.25);
#3509=LINE('',#3506,#3508);
#3510=EDGE_CURVE('',#3505,#3496,#3509,.T.);
#3511=ORIENTED_EDGE('',*,*,#3510,.F.);
#3512=CARTESIAN_POINT('',(-2.789999999971217,1.535000000009469,0.0));
#3513=DIRECTION('',(0.0,0.0,-1.0));
#3514=DIRECTION('',(-0.500000000101602,0.866025403725779,0.0));
#3515=AXIS2_PLACEMENT_3D('',#3512,#3513,#3514);
#3516=CIRCLE('',#3515,0.149999999988204);
#3517=EDGE_CURVE('',#3505,#3473,#3516,.T.);
#3518=ORIENTED_EDGE('',*,*,#3517,.T.);
#3519=ORIENTED_EDGE('',*,*,#3478,.T.);
#3520=EDGE_LOOP('',(#3503,#3511,#3518,#3519));
#3521=FACE_OUTER_BOUND('',#3520,.T.);
#3522=ADVANCED_FACE('',(#3521),#3494,.F.);
#3523=CARTESIAN_POINT('',(-2.919903810531934,1.609999999997911,0.0));
#3524=DIRECTION('',(0.0,-1.0,0.0));
#3525=DIRECTION('',(0.0,0.0,-1.0));
#3526=AXIS2_PLACEMENT_3D('',#3523,#3524,#3525);
#3527=PLANE('',#3526);
#3528=CARTESIAN_POINT('',(-3.220000000017904,1.609999999997911,0.25));
#3529=VERTEX_POINT('',#3528);
#3530=CARTESIAN_POINT('',(-2.919903810531934,1.609999999997911,0.25));
#3531=DIRECTION('',(-1.0,0.0,0.0));
#3532=VECTOR('',#3531,0.30009618948597);
#3533=LINE('',#3530,#3532);
#3534=EDGE_CURVE('',#3496,#3529,#3533,.T.);
#3535=ORIENTED_EDGE('',*,*,#3534,.T.);
#3536=CARTESIAN_POINT('',(-3.220000000017904,1.609999999997911,0.0));
#3537=VERTEX_POINT('',#3536);
#3538=CARTESIAN_POINT('',(-3.220000000017904,1.609999999997911,0.0));
#3539=DIRECTION('',(0.0,0.0,1.0));
#3540=VECTOR('',#3539,0.25);
#3541=LINE('',#3538,#3540);
#3542=EDGE_CURVE('',#3537,#3529,#3541,.T.);
#3543=ORIENTED_EDGE('',*,*,#3542,.F.);
#3544=CARTESIAN_POINT('',(-3.220000000017904,1.609999999997911,0.0));
#3545=DIRECTION('',(1.0,0.0,0.0));
#3546=VECTOR('',#3545,0.30009618948597);
#3547=LINE('',#3544,#3546);
#3548=EDGE_CURVE('',#3537,#3505,#3547,.T.);
#3549=ORIENTED_EDGE('',*,*,#3548,.T.);
#3550=ORIENTED_EDGE('',*,*,#3510,.T.);
#3551=EDGE_LOOP('',(#3535,#3543,#3549,#3550));
#3552=FACE_OUTER_BOUND('',#3551,.T.);
#3553=ADVANCED_FACE('',(#3552),#3527,.T.);
#3554=CARTESIAN_POINT('',(-3.220000000017904,1.609999999997911,0.0));
#3555=DIRECTION('',(-1.0,0.0,0.0));
#3556=DIRECTION('',(0.0,0.0,-1.0));
#3557=AXIS2_PLACEMENT_3D('',#3554,#3555,#3556);
#3558=PLANE('',#3557);
#3559=CARTESIAN_POINT('',(-3.220000000017876,2.199999999997261,0.25));
#3560=VERTEX_POINT('',#3559);
#3561=CARTESIAN_POINT('',(-3.220000000017904,1.609999999997911,0.25));
#3562=DIRECTION('',(0.0,1.0,0.0));
#3563=VECTOR('',#3562,0.58999999999935);
#3564=LINE('',#3561,#3563);
#3565=EDGE_CURVE('',#3529,#3560,#3564,.T.);
#3566=ORIENTED_EDGE('',*,*,#3565,.T.);
#3567=CARTESIAN_POINT('',(-3.220000000017876,2.199999999997261,0.0));
#3568=VERTEX_POINT('',#3567);
#3569=CARTESIAN_POINT('',(-3.220000000017876,2.199999999997261,0.0));
#3570=DIRECTION('',(0.0,0.0,1.0));
#3571=VECTOR('',#3570,0.25);
#3572=LINE('',#3569,#3571);
#3573=EDGE_CURVE('',#3568,#3560,#3572,.T.);
#3574=ORIENTED_EDGE('',*,*,#3573,.F.);
#3575=CARTESIAN_POINT('',(-3.220000000017876,2.199999999997261,0.0));
#3576=DIRECTION('',(0.0,-1.0,0.0));
#3577=VECTOR('',#3576,0.58999999999935);
#3578=LINE('',#3575,#3577);
#3579=EDGE_CURVE('',#3568,#3537,#3578,.T.);
#3580=ORIENTED_EDGE('',*,*,#3579,.T.);
#3581=ORIENTED_EDGE('',*,*,#3542,.T.);
#3582=EDGE_LOOP('',(#3566,#3574,#3580,#3581));
#3583=FACE_OUTER_BOUND('',#3582,.T.);
#3584=ADVANCED_FACE('',(#3583),#3558,.T.);
#3585=CARTESIAN_POINT('',(-3.220000000017876,2.199999999997261,0.0));
#3586=DIRECTION('',(5.110500E-011,1.0,0.0));
#3587=DIRECTION('',(0.0,0.0,1.0));
#3588=AXIS2_PLACEMENT_3D('',#3585,#3586,#3587);
#3589=PLANE('',#3588);
#3590=CARTESIAN_POINT('',(-2.919681478489053,2.199999999981913,0.25));
#3591=VERTEX_POINT('',#3590);
#3592=CARTESIAN_POINT('',(-3.220000000017876,2.199999999997261,0.25));
#3593=DIRECTION('',(1.0,-5.110482E-011,0.0));
#3594=VECTOR('',#3593,0.300318521528823);
#3595=LINE('',#3592,#3594);
#3596=EDGE_CURVE('',#3560,#3591,#3595,.T.);
#3597=ORIENTED_EDGE('',*,*,#3596,.T.);
#3598=CARTESIAN_POINT('',(-2.919681478489053,2.199999999981913,0.0));
#3599=VERTEX_POINT('',#3598);
#3600=CARTESIAN_POINT('',(-2.919681478489053,2.199999999981913,0.0));
#3601=DIRECTION('',(0.0,0.0,1.0));
#3602=VECTOR('',#3601,0.25);
#3603=LINE('',#3600,#3602);
#3604=EDGE_CURVE('',#3599,#3591,#3603,.T.);
#3605=ORIENTED_EDGE('',*,*,#3604,.F.);
#3606=CARTESIAN_POINT('',(-2.919681478489053,2.199999999981913,0.0));
#3607=DIRECTION('',(-1.0,5.110482E-011,0.0));
#3608=VECTOR('',#3607,0.300318521528823);
#3609=LINE('',#3606,#3608);
#3610=EDGE_CURVE('',#3599,#3568,#3609,.T.);
#3611=ORIENTED_EDGE('',*,*,#3610,.T.);
#3612=ORIENTED_EDGE('',*,*,#3573,.T.);
#3613=EDGE_LOOP('',(#3597,#3605,#3611,#3612));
#3614=FACE_OUTER_BOUND('',#3613,.T.);
#3615=ADVANCED_FACE('',(#3614),#3589,.T.);
#3616=CARTESIAN_POINT('',(-2.789777667928392,2.275000000001067,0.0));
#3617=DIRECTION('',(0.0,0.0,1.0));
#3618=DIRECTION('',(-0.499999999953691,-0.866025403811175,0.0));
#3619=AXIS2_PLACEMENT_3D('',#3616,#3617,#3618);
#3620=CYLINDRICAL_SURFACE('',#3619,0.150000000003511);
#3621=CARTESIAN_POINT('',(-2.78977766793244,2.124999999997556,0.25));
#3622=VERTEX_POINT('',#3621);
#3623=CARTESIAN_POINT('',(-2.789777667928392,2.275000000001067,0.25));
#3624=DIRECTION('',(0.0,0.0,1.0));
#3625=DIRECTION('',(-0.499999999953691,-0.866025403811175,0.0));
#3626=AXIS2_PLACEMENT_3D('',#3623,#3624,#3625);
#3627=CIRCLE('',#3626,0.150000000003511);
#3628=EDGE_CURVE('',#3591,#3622,#3627,.T.);
#3629=ORIENTED_EDGE('',*,*,#3628,.T.);
#3630=CARTESIAN_POINT('',(-2.78977766793244,2.124999999997556,0.0));
#3631=VERTEX_POINT('',#3630);
#3632=CARTESIAN_POINT('',(-2.78977766793244,2.124999999997556,0.0));
#3633=DIRECTION('',(0.0,0.0,1.0));
#3634=VECTOR('',#3633,0.25);
#3635=LINE('',#3632,#3634);
#3636=EDGE_CURVE('',#3631,#3622,#3635,.T.);
#3637=ORIENTED_EDGE('',*,*,#3636,.F.);
#3638=CARTESIAN_POINT('',(-2.789777667928392,2.275000000001067,0.0));
#3639=DIRECTION('',(0.0,0.0,-1.0));
#3640=DIRECTION('',(-0.499999999953691,-0.866025403811175,0.0));
#3641=AXIS2_PLACEMENT_3D('',#3638,#3639,#3640);
#3642=CIRCLE('',#3641,0.150000000003511);
#3643=EDGE_CURVE('',#3631,#3599,#3642,.T.);
#3644=ORIENTED_EDGE('',*,*,#3643,.T.);
#3645=ORIENTED_EDGE('',*,*,#3604,.T.);
#3646=EDGE_LOOP('',(#3629,#3637,#3644,#3645));
#3647=FACE_OUTER_BOUND('',#3646,.T.);
#3648=ADVANCED_FACE('',(#3647),#3620,.F.);
#3649=CARTESIAN_POINT('',(-2.78977766793244,2.124999999997556,0.0));
#3650=DIRECTION('',(2.740689E-011,1.0,0.0));
#3651=DIRECTION('',(0.0,0.0,1.0));
#3652=AXIS2_PLACEMENT_3D('',#3649,#3650,#3651);
#3653=PLANE('',#3652);
#3654=CARTESIAN_POINT('',(-2.739999999999952,2.124999999996192,0.25));
#3655=VERTEX_POINT('',#3654);
#3656=CARTESIAN_POINT('',(-2.78977766793244,2.124999999997556,0.25));
#3657=DIRECTION('',(1.0,-2.740671E-011,0.0));
#3658=VECTOR('',#3657,0.049777667932489);
#3659=LINE('',#3656,#3658);
#3660=EDGE_CURVE('',#3622,#3655,#3659,.T.);
#3661=ORIENTED_EDGE('',*,*,#3660,.T.);
#3662=CARTESIAN_POINT('',(-2.739999999999952,2.124999999996192,0.0));
#3663=VERTEX_POINT('',#3662);
#3664=CARTESIAN_POINT('',(-2.739999999999952,2.124999999996192,0.0));
#3665=DIRECTION('',(0.0,0.0,1.0));
#3666=VECTOR('',#3665,0.25);
#3667=LINE('',#3664,#3666);
#3668=EDGE_CURVE('',#3663,#3655,#3667,.T.);
#3669=ORIENTED_EDGE('',*,*,#3668,.F.);
#3670=CARTESIAN_POINT('',(-2.739999999999952,2.124999999996192,0.0));
#3671=DIRECTION('',(-1.0,2.740671E-011,0.0));
#3672=VECTOR('',#3671,0.049777667932489);
#3673=LINE('',#3670,#3672);
#3674=EDGE_CURVE('',#3663,#3631,#3673,.T.);
#3675=ORIENTED_EDGE('',*,*,#3674,.T.);
#3676=ORIENTED_EDGE('',*,*,#3636,.T.);
#3677=EDGE_LOOP('',(#3661,#3669,#3675,#3676));
#3678=FACE_OUTER_BOUND('',#3677,.T.);
#3679=ADVANCED_FACE('',(#3678),#3653,.T.);
#3680=CARTESIAN_POINT('',(-2.739999999999952,2.124999999996192,0.0));
#3681=DIRECTION('',(1.0,0.0,0.0));
#3682=DIRECTION('',(0.0,0.0,1.0));
#3683=AXIS2_PLACEMENT_3D('',#3680,#3681,#3682);
#3684=PLANE('',#3683);
#3685=CARTESIAN_POINT('',(-2.739999999999952,2.124999999996192,0.25));
#3686=DIRECTION('',(0.0,-1.0,0.0));
#3687=VECTOR('',#3686,0.442098005427965);
#3688=LINE('',#3685,#3687);
#3689=EDGE_CURVE('',#3655,#3423,#3688,.T.);
#3690=ORIENTED_EDGE('',*,*,#3689,.T.);
#3691=ORIENTED_EDGE('',*,*,#3454,.F.);
#3692=CARTESIAN_POINT('',(-2.739999999999952,1.682901994568227,0.0));
#3693=DIRECTION('',(0.0,1.0,0.0));
#3694=VECTOR('',#3693,0.442098005427965);
#3695=LINE('',#3692,#3694);
#3696=EDGE_CURVE('',#3442,#3663,#3695,.T.);
#3697=ORIENTED_EDGE('',*,*,#3696,.T.);
#3698=ORIENTED_EDGE('',*,*,#3668,.T.);
#3699=EDGE_LOOP('',(#3690,#3691,#3697,#3698));
#3700=FACE_OUTER_BOUND('',#3699,.T.);
#3701=ADVANCED_FACE('',(#3700),#3684,.T.);
#3702=CARTESIAN_POINT('',(-2.994928497430091,1.904759923748887,0.0));
#3703=DIRECTION('',(0.0,0.0,1.0));
#3704=DIRECTION('',(0.0,-1.0,0.0));
#3705=AXIS2_PLACEMENT_3D('',#3702,#3703,#3704);
#3706=PLANE('',#3705);
#3707=ORIENTED_EDGE('',*,*,#3696,.F.);
#3708=ORIENTED_EDGE('',*,*,#3448,.F.);
#3709=ORIENTED_EDGE('',*,*,#3484,.F.);
#3710=ORIENTED_EDGE('',*,*,#3517,.F.);
#3711=ORIENTED_EDGE('',*,*,#3548,.F.);
#3712=ORIENTED_EDGE('',*,*,#3579,.F.);
#3713=ORIENTED_EDGE('',*,*,#3610,.F.);
#3714=ORIENTED_EDGE('',*,*,#3643,.F.);
#3715=ORIENTED_EDGE('',*,*,#3674,.F.);
#3716=EDGE_LOOP('',(#3707,#3708,#3709,#3710,#3711,#3712,#3713,#3714,#3715));
#3717=FACE_OUTER_BOUND('',#3716,.T.);
#3718=ADVANCED_FACE('',(#3717),#3706,.F.);
#3719=CARTESIAN_POINT('',(-2.994928497430091,1.904759923748887,0.25));
#3720=DIRECTION('',(0.0,0.0,1.0));
#3721=DIRECTION('',(0.0,-1.0,0.0));
#3722=AXIS2_PLACEMENT_3D('',#3719,#3720,#3721);
#3723=PLANE('',#3722);
#3724=ORIENTED_EDGE('',*,*,#3431,.F.);
#3725=ORIENTED_EDGE('',*,*,#3689,.F.);
#3726=ORIENTED_EDGE('',*,*,#3660,.F.);
#3727=ORIENTED_EDGE('',*,*,#3628,.F.);
#3728=ORIENTED_EDGE('',*,*,#3596,.F.);
#3729=ORIENTED_EDGE('',*,*,#3565,.F.);
#3730=ORIENTED_EDGE('',*,*,#3534,.F.);
#3731=ORIENTED_EDGE('',*,*,#3502,.F.);
#3732=ORIENTED_EDGE('',*,*,#3470,.F.);
#3733=EDGE_LOOP('',(#3724,#3725,#3726,#3727,#3728,#3729,#3730,#3731,#3732));
#3734=FACE_OUTER_BOUND('',#3733,.T.);
#3735=ADVANCED_FACE('',(#3734),#3723,.T.);
#3736=CLOSED_SHELL('',(#3458,#3489,#3522,#3553,#3584,#3615,#3648,#3679,#3701,#3718,#3735));
#3737=MANIFOLD_SOLID_BREP('D45',#3736);
#3738=STYLED_ITEM('NONE',(#319),#3737);
#3739=CARTESIAN_POINT('',(-2.765000000044356,0.264999999998621,0.0));
#3740=DIRECTION('',(0.0,0.0,1.0));
#3741=DIRECTION('',(0.083626260415447,0.996497189443567,0.0));
#3742=AXIS2_PLACEMENT_3D('',#3739,#3740,#3741);
#3743=CYLINDRICAL_SURFACE('',#3742,0.150000000000093);
#3744=CARTESIAN_POINT('',(-2.739999999999952,0.4129019945687,0.25));
#3745=VERTEX_POINT('',#3744);
#3746=CARTESIAN_POINT('',(-2.765000000048502,0.414999999998714,0.25));
#3747=VERTEX_POINT('',#3746);
#3748=CARTESIAN_POINT('',(-2.765000000044356,0.264999999998621,0.25));
#3749=DIRECTION('',(0.0,0.0,1.0));
#3750=DIRECTION('',(0.083626260415447,0.996497189443567,0.0));
#3751=AXIS2_PLACEMENT_3D('',#3748,#3749,#3750);
#3752=CIRCLE('',#3751,0.150000000000093);
#3753=EDGE_CURVE('',#3745,#3747,#3752,.T.);
#3754=ORIENTED_EDGE('',*,*,#3753,.T.);
#3755=CARTESIAN_POINT('',(-2.765000000048502,0.414999999998714,0.0));
#3756=VERTEX_POINT('',#3755);
#3757=CARTESIAN_POINT('',(-2.765000000048502,0.414999999998714,0.0));
#3758=DIRECTION('',(0.0,0.0,1.0));
#3759=VECTOR('',#3758,0.25);
#3760=LINE('',#3757,#3759);
#3761=EDGE_CURVE('',#3756,#3747,#3760,.T.);
#3762=ORIENTED_EDGE('',*,*,#3761,.F.);
#3763=CARTESIAN_POINT('',(-2.739999999999952,0.4129019945687,0.0));
#3764=VERTEX_POINT('',#3763);
#3765=CARTESIAN_POINT('',(-2.765000000044356,0.264999999998621,0.0));
#3766=DIRECTION('',(0.0,0.0,-1.0));
#3767=DIRECTION('',(0.083626260415447,0.996497189443567,0.0));
#3768=AXIS2_PLACEMENT_3D('',#3765,#3766,#3767);
#3769=CIRCLE('',#3768,0.150000000000093);
#3770=EDGE_CURVE('',#3756,#3764,#3769,.T.);
#3771=ORIENTED_EDGE('',*,*,#3770,.T.);
#3772=CARTESIAN_POINT('',(-2.739999999999952,0.4129019945687,0.0));
#3773=DIRECTION('',(0.0,0.0,1.0));
#3774=VECTOR('',#3773,0.25);
#3775=LINE('',#3772,#3774);
#3776=EDGE_CURVE('',#3764,#3745,#3775,.T.);
#3777=ORIENTED_EDGE('',*,*,#3776,.T.);
#3778=EDGE_LOOP('',(#3754,#3762,#3771,#3777));
#3779=FACE_OUTER_BOUND('',#3778,.T.);
#3780=ADVANCED_FACE('',(#3779),#3743,.F.);
#3781=CARTESIAN_POINT('',(-2.765000000048502,0.414999999998714,0.0));
#3782=DIRECTION('',(2.728466E-011,-1.0,0.0));
#3783=DIRECTION('',(0.0,0.0,-1.0));
#3784=AXIS2_PLACEMENT_3D('',#3781,#3782,#3783);
#3785=PLANE('',#3784);
#3786=CARTESIAN_POINT('',(-2.789999999999253,0.414999999998031,0.25));
#3787=VERTEX_POINT('',#3786);
#3788=CARTESIAN_POINT('',(-2.765000000048502,0.414999999998714,0.25));
#3789=DIRECTION('',(-1.0,-2.728484E-011,0.0));
#3790=VECTOR('',#3789,0.024999999950751);
#3791=LINE('',#3788,#3790);
#3792=EDGE_CURVE('',#3747,#3787,#3791,.T.);
#3793=ORIENTED_EDGE('',*,*,#3792,.T.);
#3794=CARTESIAN_POINT('',(-2.789999999999253,0.414999999998031,0.0));
#3795=VERTEX_POINT('',#3794);
#3796=CARTESIAN_POINT('',(-2.789999999999253,0.414999999998031,0.0));
#3797=DIRECTION('',(0.0,0.0,1.0));
#3798=VECTOR('',#3797,0.25);
#3799=LINE('',#3796,#3798);
#3800=EDGE_CURVE('',#3795,#3787,#3799,.T.);
#3801=ORIENTED_EDGE('',*,*,#3800,.F.);
#3802=CARTESIAN_POINT('',(-2.789999999999253,0.414999999998031,0.0));
#3803=DIRECTION('',(1.0,2.728484E-011,0.0));
#3804=VECTOR('',#3803,0.024999999950751);
#3805=LINE('',#3802,#3804);
#3806=EDGE_CURVE('',#3795,#3756,#3805,.T.);
#3807=ORIENTED_EDGE('',*,*,#3806,.T.);
#3808=ORIENTED_EDGE('',*,*,#3761,.T.);
#3809=EDGE_LOOP('',(#3793,#3801,#3807,#3808));
#3810=FACE_OUTER_BOUND('',#3809,.T.);
#3811=ADVANCED_FACE('',(#3810),#3785,.T.);
#3812=CARTESIAN_POINT('',(-2.789999999970638,0.26500000000976,0.0));
#3813=DIRECTION('',(0.0,0.0,1.0));
#3814=DIRECTION('',(-0.500000000101356,0.866025403725921,0.0));
#3815=AXIS2_PLACEMENT_3D('',#3812,#3813,#3814);
#3816=CYLINDRICAL_SURFACE('',#3815,0.149999999988271);
#3817=CARTESIAN_POINT('',(-2.919903810531395,0.33999999999827,0.25));
#3818=VERTEX_POINT('',#3817);
#3819=CARTESIAN_POINT('',(-2.789999999970638,0.26500000000976,0.25));
#3820=DIRECTION('',(0.0,0.0,1.0));
#3821=DIRECTION('',(-0.500000000101356,0.866025403725921,0.0));
#3822=AXIS2_PLACEMENT_3D('',#3819,#3820,#3821);
#3823=CIRCLE('',#3822,0.149999999988271);
#3824=EDGE_CURVE('',#3787,#3818,#3823,.T.);
#3825=ORIENTED_EDGE('',*,*,#3824,.T.);
#3826=CARTESIAN_POINT('',(-2.919903810531395,0.33999999999827,0.0));
#3827=VERTEX_POINT('',#3826);
#3828=CARTESIAN_POINT('',(-2.919903810531395,0.33999999999827,0.0));
#3829=DIRECTION('',(0.0,0.0,1.0));
#3830=VECTOR('',#3829,0.25);
#3831=LINE('',#3828,#3830);
#3832=EDGE_CURVE('',#3827,#3818,#3831,.T.);
#3833=ORIENTED_EDGE('',*,*,#3832,.F.);
#3834=CARTESIAN_POINT('',(-2.789999999970638,0.26500000000976,0.0));
#3835=DIRECTION('',(0.0,0.0,-1.0));
#3836=DIRECTION('',(-0.500000000101356,0.866025403725921,0.0));
#3837=AXIS2_PLACEMENT_3D('',#3834,#3835,#3836);
#3838=CIRCLE('',#3837,0.149999999988271);
#3839=EDGE_CURVE('',#3827,#3795,#3838,.T.);
#3840=ORIENTED_EDGE('',*,*,#3839,.T.);
#3841=ORIENTED_EDGE('',*,*,#3800,.T.);
#3842=EDGE_LOOP('',(#3825,#3833,#3840,#3841));
#3843=FACE_OUTER_BOUND('',#3842,.T.);
#3844=ADVANCED_FACE('',(#3843),#3816,.F.);
#3845=CARTESIAN_POINT('',(-2.919903810531395,0.33999999999827,0.0));
#3846=DIRECTION('',(0.0,-1.0,0.0));
#3847=DIRECTION('',(0.0,0.0,-1.0));
#3848=AXIS2_PLACEMENT_3D('',#3845,#3846,#3847);
#3849=PLANE('',#3848);
#3850=CARTESIAN_POINT('',(-3.220000000017279,0.33999999999827,0.25));
#3851=VERTEX_POINT('',#3850);
#3852=CARTESIAN_POINT('',(-2.919903810531395,0.33999999999827,0.25));
#3853=DIRECTION('',(-1.0,0.0,0.0));
#3854=VECTOR('',#3853,0.300096189485885);
#3855=LINE('',#3852,#3854);
#3856=EDGE_CURVE('',#3818,#3851,#3855,.T.);
#3857=ORIENTED_EDGE('',*,*,#3856,.T.);
#3858=CARTESIAN_POINT('',(-3.220000000017279,0.33999999999827,0.0));
#3859=VERTEX_POINT('',#3858);
#3860=CARTESIAN_POINT('',(-3.220000000017279,0.33999999999827,0.0));
#3861=DIRECTION('',(0.0,0.0,1.0));
#3862=VECTOR('',#3861,0.25);
#3863=LINE('',#3860,#3862);
#3864=EDGE_CURVE('',#3859,#3851,#3863,.T.);
#3865=ORIENTED_EDGE('',*,*,#3864,.F.);
#3866=CARTESIAN_POINT('',(-3.220000000017279,0.33999999999827,0.0));
#3867=DIRECTION('',(1.0,0.0,0.0));
#3868=VECTOR('',#3867,0.300096189485885);
#3869=LINE('',#3866,#3868);
#3870=EDGE_CURVE('',#3859,#3827,#3869,.T.);
#3871=ORIENTED_EDGE('',*,*,#3870,.T.);
#3872=ORIENTED_EDGE('',*,*,#3832,.T.);
#3873=EDGE_LOOP('',(#3857,#3865,#3871,#3872));
#3874=FACE_OUTER_BOUND('',#3873,.T.);
#3875=ADVANCED_FACE('',(#3874),#3849,.T.);
#3876=CARTESIAN_POINT('',(-3.220000000017279,0.33999999999827,0.0));
#3877=DIRECTION('',(-1.0,0.0,0.0));
#3878=DIRECTION('',(0.0,0.0,-1.0));
#3879=AXIS2_PLACEMENT_3D('',#3876,#3877,#3878);
#3880=PLANE('',#3879);
#3881=CARTESIAN_POINT('',(-3.220000000017251,0.929999999997563,0.25));
#3882=VERTEX_POINT('',#3881);
#3883=CARTESIAN_POINT('',(-3.220000000017279,0.33999999999827,0.25));
#3884=DIRECTION('',(0.0,1.0,0.0));
#3885=VECTOR('',#3884,0.589999999999293);
#3886=LINE('',#3883,#3885);
#3887=EDGE_CURVE('',#3851,#3882,#3886,.T.);
#3888=ORIENTED_EDGE('',*,*,#3887,.T.);
#3889=CARTESIAN_POINT('',(-3.220000000017251,0.929999999997563,0.0));
#3890=VERTEX_POINT('',#3889);
#3891=CARTESIAN_POINT('',(-3.220000000017251,0.929999999997563,0.0));
#3892=DIRECTION('',(0.0,0.0,1.0));
#3893=VECTOR('',#3892,0.25);
#3894=LINE('',#3891,#3893);
#3895=EDGE_CURVE('',#3890,#3882,#3894,.T.);
#3896=ORIENTED_EDGE('',*,*,#3895,.F.);
#3897=CARTESIAN_POINT('',(-3.220000000017251,0.929999999997563,0.0));
#3898=DIRECTION('',(0.0,-1.0,0.0));
#3899=VECTOR('',#3898,0.589999999999293);
#3900=LINE('',#3897,#3899);
#3901=EDGE_CURVE('',#3890,#3859,#3900,.T.);
#3902=ORIENTED_EDGE('',*,*,#3901,.T.);
#3903=ORIENTED_EDGE('',*,*,#3864,.T.);
#3904=EDGE_LOOP('',(#3888,#3896,#3902,#3903));
#3905=FACE_OUTER_BOUND('',#3904,.T.);
#3906=ADVANCED_FACE('',(#3905),#3880,.T.);
#3907=CARTESIAN_POINT('',(-3.220000000017251,0.929999999997563,0.0));
#3908=DIRECTION('',(4.470267E-011,1.0,0.0));
#3909=DIRECTION('',(0.0,0.0,1.0));
#3910=AXIS2_PLACEMENT_3D('',#3907,#3908,#3909);
#3911=PLANE('',#3910);
#3912=CARTESIAN_POINT('',(-2.919903810559447,0.929999999984148,0.25));
#3913=VERTEX_POINT('',#3912);
#3914=CARTESIAN_POINT('',(-3.220000000017251,0.929999999997563,0.25));
#3915=DIRECTION('',(1.0,-4.470249E-011,0.0));
#3916=VECTOR('',#3915,0.300096189457804);
#3917=LINE('',#3914,#3916);
#3918=EDGE_CURVE('',#3882,#3913,#3917,.T.);
#3919=ORIENTED_EDGE('',*,*,#3918,.T.);
#3920=CARTESIAN_POINT('',(-2.919903810559447,0.929999999984148,0.0));
#3921=VERTEX_POINT('',#3920);
#3922=CARTESIAN_POINT('',(-2.919903810559447,0.929999999984148,0.0));
#3923=DIRECTION('',(0.0,0.0,1.0));
#3924=VECTOR('',#3923,0.25);
#3925=LINE('',#3922,#3924);
#3926=EDGE_CURVE('',#3921,#3913,#3925,.T.);
#3927=ORIENTED_EDGE('',*,*,#3926,.F.);
#3928=CARTESIAN_POINT('',(-2.919903810559447,0.929999999984148,0.0));
#3929=DIRECTION('',(-1.0,4.470249E-011,0.0));
#3930=VECTOR('',#3929,0.300096189457804);
#3931=LINE('',#3928,#3930);
#3932=EDGE_CURVE('',#3921,#3890,#3931,.T.);
#3933=ORIENTED_EDGE('',*,*,#3932,.T.);
#3934=ORIENTED_EDGE('',*,*,#3895,.T.);
#3935=EDGE_LOOP('',(#3919,#3927,#3933,#3934));
#3936=FACE_OUTER_BOUND('',#3935,.T.);
#3937=ADVANCED_FACE('',(#3936),#3911,.T.);
#3938=CARTESIAN_POINT('',(-2.789999999999836,1.004999999997617,0.0));
#3939=DIRECTION('',(0.0,0.0,1.0));
#3940=DIRECTION('',(-0.499999999966637,-0.866025403803701,0.0));
#3941=AXIS2_PLACEMENT_3D('',#3938,#3939,#3940);
#3942=CYLINDRICAL_SURFACE('',#3941,0.149999999999758);
#3943=CARTESIAN_POINT('',(-2.790000000003971,0.854999999997859,0.25));
#3944=VERTEX_POINT('',#3943);
#3945=CARTESIAN_POINT('',(-2.789999999999836,1.004999999997617,0.25));
#3946=DIRECTION('',(0.0,0.0,1.0));
#3947=DIRECTION('',(-0.499999999966637,-0.866025403803701,0.0));
#3948=AXIS2_PLACEMENT_3D('',#3945,#3946,#3947);
#3949=CIRCLE('',#3948,0.149999999999758);
#3950=EDGE_CURVE('',#3913,#3944,#3949,.T.);
#3951=ORIENTED_EDGE('',*,*,#3950,.T.);
#3952=CARTESIAN_POINT('',(-2.790000000003971,0.854999999997859,0.0));
#3953=VERTEX_POINT('',#3952);
#3954=CARTESIAN_POINT('',(-2.790000000003971,0.854999999997859,0.0));
#3955=DIRECTION('',(0.0,0.0,1.0));
#3956=VECTOR('',#3955,0.25);
#3957=LINE('',#3954,#3956);
#3958=EDGE_CURVE('',#3953,#3944,#3957,.T.);
#3959=ORIENTED_EDGE('',*,*,#3958,.F.);
#3960=CARTESIAN_POINT('',(-2.789999999999836,1.004999999997617,0.0));
#3961=DIRECTION('',(0.0,0.0,-1.0));
#3962=DIRECTION('',(-0.499999999966637,-0.866025403803701,0.0));
#3963=AXIS2_PLACEMENT_3D('',#3960,#3961,#3962);
#3964=CIRCLE('',#3963,0.149999999999758);
#3965=EDGE_CURVE('',#3953,#3921,#3964,.T.);
#3966=ORIENTED_EDGE('',*,*,#3965,.T.);
#3967=ORIENTED_EDGE('',*,*,#3926,.T.);
#3968=EDGE_LOOP('',(#3951,#3959,#3966,#3967));
#3969=FACE_OUTER_BOUND('',#3968,.T.);
#3970=ADVANCED_FACE('',(#3969),#3942,.F.);
#3971=CARTESIAN_POINT('',(-2.790000000003971,0.854999999997859,0.0));
#3972=DIRECTION('',(2.728502E-011,1.0,0.0));
#3973=DIRECTION('',(0.0,0.0,1.0));
#3974=AXIS2_PLACEMENT_3D('',#3971,#3972,#3973);
#3975=PLANE('',#3974);
#3976=CARTESIAN_POINT('',(-2.765000000045035,0.854999999997177,0.25));
#3977=VERTEX_POINT('',#3976);
#3978=CARTESIAN_POINT('',(-2.790000000003971,0.854999999997859,0.25));
#3979=DIRECTION('',(1.0,-2.728484E-011,0.0));
#3980=VECTOR('',#3979,0.024999999958936);
#3981=LINE('',#3978,#3980);
#3982=EDGE_CURVE('',#3944,#3977,#3981,.T.);
#3983=ORIENTED_EDGE('',*,*,#3982,.T.);
#3984=CARTESIAN_POINT('',(-2.765000000045035,0.854999999997177,0.0));
#3985=VERTEX_POINT('',#3984);
#3986=CARTESIAN_POINT('',(-2.765000000045035,0.854999999997177,0.0));
#3987=DIRECTION('',(0.0,0.0,1.0));
#3988=VECTOR('',#3987,0.25);
#3989=LINE('',#3986,#3988);
#3990=EDGE_CURVE('',#3985,#3977,#3989,.T.);
#3991=ORIENTED_EDGE('',*,*,#3990,.F.);
#3992=CARTESIAN_POINT('',(-2.765000000045035,0.854999999997177,0.0));
#3993=DIRECTION('',(-1.0,2.728484E-011,0.0));
#3994=VECTOR('',#3993,0.024999999958936);
#3995=LINE('',#3992,#3994);
#3996=EDGE_CURVE('',#3985,#3953,#3995,.T.);
#3997=ORIENTED_EDGE('',*,*,#3996,.T.);
#3998=ORIENTED_EDGE('',*,*,#3958,.T.);
#3999=EDGE_LOOP('',(#3983,#3991,#3997,#3998));
#4000=FACE_OUTER_BOUND('',#3999,.T.);
#4001=ADVANCED_FACE('',(#4000),#3975,.T.);
#4002=CARTESIAN_POINT('',(-2.765000000042829,1.004999999995106,0.0));
#4003=DIRECTION('',(0.0,0.0,1.0));
#4004=DIRECTION('',(0.083626260417965,-0.996497189443356,0.0));
#4005=AXIS2_PLACEMENT_3D('',#4002,#4003,#4004);
#4006=CYLINDRICAL_SURFACE('',#4005,0.14999999999793);
#4007=CARTESIAN_POINT('',(-2.739999999999952,0.857098005426963,0.25));
#4008=VERTEX_POINT('',#4007);
#4009=CARTESIAN_POINT('',(-2.765000000042829,1.004999999995106,0.25));
#4010=DIRECTION('',(0.0,0.0,1.0));
#4011=DIRECTION('',(0.083626260417965,-0.996497189443356,0.0));
#4012=AXIS2_PLACEMENT_3D('',#4009,#4010,#4011);
#4013=CIRCLE('',#4012,0.14999999999793);
#4014=EDGE_CURVE('',#3977,#4008,#4013,.T.);
#4015=ORIENTED_EDGE('',*,*,#4014,.T.);
#4016=CARTESIAN_POINT('',(-2.739999999999952,0.857098005426963,0.0));
#4017=VERTEX_POINT('',#4016);
#4018=CARTESIAN_POINT('',(-2.739999999999952,0.857098005426963,0.0));
#4019=DIRECTION('',(0.0,0.0,1.0));
#4020=VECTOR('',#4019,0.25);
#4021=LINE('',#4018,#4020);
#4022=EDGE_CURVE('',#4017,#4008,#4021,.T.);
#4023=ORIENTED_EDGE('',*,*,#4022,.F.);
#4024=CARTESIAN_POINT('',(-2.765000000042829,1.004999999995106,0.0));
#4025=DIRECTION('',(0.0,0.0,-1.0));
#4026=DIRECTION('',(0.083626260417965,-0.996497189443356,0.0));
#4027=AXIS2_PLACEMENT_3D('',#4024,#4025,#4026);
#4028=CIRCLE('',#4027,0.14999999999793);
#4029=EDGE_CURVE('',#4017,#3985,#4028,.T.);
#4030=ORIENTED_EDGE('',*,*,#4029,.T.);
#4031=ORIENTED_EDGE('',*,*,#3990,.T.);
#4032=EDGE_LOOP('',(#4015,#4023,#4030,#4031));
#4033=FACE_OUTER_BOUND('',#4032,.T.);
#4034=ADVANCED_FACE('',(#4033),#4006,.F.);
#4035=CARTESIAN_POINT('',(-2.739999999999952,0.857098005426963,0.0));
#4036=DIRECTION('',(1.0,0.0,0.0));
#4037=DIRECTION('',(0.0,0.0,1.0));
#4038=AXIS2_PLACEMENT_3D('',#4035,#4036,#4037);
#4039=PLANE('',#4038);
#4040=CARTESIAN_POINT('',(-2.739999999999952,0.857098005426963,0.25));
#4041=DIRECTION('',(0.0,-1.0,0.0));
#4042=VECTOR('',#4041,0.444196010858263);
#4043=LINE('',#4040,#4042);
#4044=EDGE_CURVE('',#4008,#3745,#4043,.T.);
#4045=ORIENTED_EDGE('',*,*,#4044,.T.);
#4046=ORIENTED_EDGE('',*,*,#3776,.F.);
#4047=CARTESIAN_POINT('',(-2.739999999999952,0.4129019945687,0.0));
#4048=DIRECTION('',(0.0,1.0,0.0));
#4049=VECTOR('',#4048,0.444196010858263);
#4050=LINE('',#4047,#4049);
#4051=EDGE_CURVE('',#3764,#4017,#4050,.T.);
#4052=ORIENTED_EDGE('',*,*,#4051,.T.);
#4053=ORIENTED_EDGE('',*,*,#4022,.T.);
#4054=EDGE_LOOP('',(#4045,#4046,#4052,#4053));
#4055=FACE_OUTER_BOUND('',#4054,.T.);
#4056=ADVANCED_FACE('',(#4055),#4039,.T.);
#4057=CARTESIAN_POINT('',(-2.994656200574321,0.634999999994437,0.0));
#4058=DIRECTION('',(0.0,0.0,1.0));
#4059=DIRECTION('',(0.0,-1.0,0.0));
#4060=AXIS2_PLACEMENT_3D('',#4057,#4058,#4059);
#4061=PLANE('',#4060);
#4062=ORIENTED_EDGE('',*,*,#4051,.F.);
#4063=ORIENTED_EDGE('',*,*,#3770,.F.);
#4064=ORIENTED_EDGE('',*,*,#3806,.F.);
#4065=ORIENTED_EDGE('',*,*,#3839,.F.);
#4066=ORIENTED_EDGE('',*,*,#3870,.F.);
#4067=ORIENTED_EDGE('',*,*,#3901,.F.);
#4068=ORIENTED_EDGE('',*,*,#3932,.F.);
#4069=ORIENTED_EDGE('',*,*,#3965,.F.);
#4070=ORIENTED_EDGE('',*,*,#3996,.F.);
#4071=ORIENTED_EDGE('',*,*,#4029,.F.);
#4072=EDGE_LOOP('',(#4062,#4063,#4064,#4065,#4066,#4067,#4068,#4069,#4070,#4071));
#4073=FACE_OUTER_BOUND('',#4072,.T.);
#4074=ADVANCED_FACE('',(#4073),#4061,.F.);
#4075=CARTESIAN_POINT('',(-2.99465620057432,0.634999999994437,0.25));
#4076=DIRECTION('',(0.0,0.0,1.0));
#4077=DIRECTION('',(0.0,-1.0,0.0));
#4078=AXIS2_PLACEMENT_3D('',#4075,#4076,#4077);
#4079=PLANE('',#4078);
#4080=ORIENTED_EDGE('',*,*,#3753,.F.);
#4081=ORIENTED_EDGE('',*,*,#4044,.F.);
#4082=ORIENTED_EDGE('',*,*,#4014,.F.);
#4083=ORIENTED_EDGE('',*,*,#3982,.F.);
#4084=ORIENTED_EDGE('',*,*,#3950,.F.);
#4085=ORIENTED_EDGE('',*,*,#3918,.F.);
#4086=ORIENTED_EDGE('',*,*,#3887,.F.);
#4087=ORIENTED_EDGE('',*,*,#3856,.F.);
#4088=ORIENTED_EDGE('',*,*,#3824,.F.);
#4089=ORIENTED_EDGE('',*,*,#3792,.F.);
#4090=EDGE_LOOP('',(#4080,#4081,#4082,#4083,#4084,#4085,#4086,#4087,#4088,#4089));
#4091=FACE_OUTER_BOUND('',#4090,.T.);
#4092=ADVANCED_FACE('',(#4091),#4079,.T.);
#4093=CLOSED_SHELL('',(#3780,#3811,#3844,#3875,#3906,#3937,#3970,#4001,#4034,#4056,#4074,#4092));
#4094=MANIFOLD_SOLID_BREP('D41',#4093);
#4095=STYLED_ITEM('NONE',(#319),#4094);
#4096=CARTESIAN_POINT('',(-2.739999999999952,-0.855000000001041,0.0));
#4097=DIRECTION('',(2.728466E-011,-1.0,0.0));
#4098=DIRECTION('',(0.0,0.0,-1.0));
#4099=AXIS2_PLACEMENT_3D('',#4096,#4097,#4098);
#4100=PLANE('',#4099);
#4101=CARTESIAN_POINT('',(-2.739999999999952,-0.855000000001041,0.25));
#4102=VERTEX_POINT('',#4101);
#4103=CARTESIAN_POINT('',(-2.789999999999338,-0.855000000002405,0.25));
#4104=VERTEX_POINT('',#4103);
#4105=CARTESIAN_POINT('',(-2.739999999999952,-0.855000000001041,0.25));
#4106=DIRECTION('',(-1.0,-2.728484E-011,0.0));
#4107=VECTOR('',#4106,0.049999999999386);
#4108=LINE('',#4105,#4107);
#4109=EDGE_CURVE('',#4102,#4104,#4108,.T.);
#4110=ORIENTED_EDGE('',*,*,#4109,.T.);
#4111=CARTESIAN_POINT('',(-2.789999999999338,-0.855000000002405,0.0));
#4112=VERTEX_POINT('',#4111);
#4113=CARTESIAN_POINT('',(-2.789999999999338,-0.855000000002405,0.0));
#4114=DIRECTION('',(0.0,0.0,1.0));
#4115=VECTOR('',#4114,0.25);
#4116=LINE('',#4113,#4115);
#4117=EDGE_CURVE('',#4112,#4104,#4116,.T.);
#4118=ORIENTED_EDGE('',*,*,#4117,.F.);
#4119=CARTESIAN_POINT('',(-2.739999999999952,-0.855000000001041,0.0));
#4120=VERTEX_POINT('',#4119);
#4121=CARTESIAN_POINT('',(-2.789999999999338,-0.855000000002405,0.0));
#4122=DIRECTION('',(1.0,2.728484E-011,0.0));
#4123=VECTOR('',#4122,0.049999999999386);
#4124=LINE('',#4121,#4123);
#4125=EDGE_CURVE('',#4112,#4120,#4124,.T.);
#4126=ORIENTED_EDGE('',*,*,#4125,.T.);
#4127=CARTESIAN_POINT('',(-2.739999999999952,-0.855000000001041,0.0));
#4128=DIRECTION('',(0.0,0.0,1.0));
#4129=VECTOR('',#4128,0.25);
#4130=LINE('',#4127,#4129);
#4131=EDGE_CURVE('',#4120,#4102,#4130,.T.);
#4132=ORIENTED_EDGE('',*,*,#4131,.T.);
#4133=EDGE_LOOP('',(#4110,#4118,#4126,#4132));
#4134=FACE_OUTER_BOUND('',#4133,.T.);
#4135=ADVANCED_FACE('',(#4134),#4100,.T.);
#4136=CARTESIAN_POINT('',(-2.789999999970706,-1.004999999990609,0.0));
#4137=DIRECTION('',(0.0,0.0,1.0));
#4138=DIRECTION('',(-0.50000000010152,0.866025403725826,0.0));
#4139=AXIS2_PLACEMENT_3D('',#4136,#4137,#4138);
#4140=CYLINDRICAL_SURFACE('',#4139,0.149999999988204);
#4141=CARTESIAN_POINT('',(-2.919903810531423,-0.930000000002166,0.25));
#4142=VERTEX_POINT('',#4141);
#4143=CARTESIAN_POINT('',(-2.789999999970706,-1.004999999990609,0.25));
#4144=DIRECTION('',(0.0,0.0,1.0));
#4145=DIRECTION('',(-0.50000000010152,0.866025403725826,0.0));
#4146=AXIS2_PLACEMENT_3D('',#4143,#4144,#4145);
#4147=CIRCLE('',#4146,0.149999999988204);
#4148=EDGE_CURVE('',#4104,#4142,#4147,.T.);
#4149=ORIENTED_EDGE('',*,*,#4148,.T.);
#4150=CARTESIAN_POINT('',(-2.919903810531423,-0.930000000002166,0.0));
#4151=VERTEX_POINT('',#4150);
#4152=CARTESIAN_POINT('',(-2.919903810531423,-0.930000000002166,0.0));
#4153=DIRECTION('',(0.0,0.0,1.0));
#4154=VECTOR('',#4153,0.25);
#4155=LINE('',#4152,#4154);
#4156=EDGE_CURVE('',#4151,#4142,#4155,.T.);
#4157=ORIENTED_EDGE('',*,*,#4156,.F.);
#4158=CARTESIAN_POINT('',(-2.789999999970706,-1.004999999990609,0.0));
#4159=DIRECTION('',(0.0,0.0,-1.0));
#4160=DIRECTION('',(-0.50000000010152,0.866025403725826,0.0));
#4161=AXIS2_PLACEMENT_3D('',#4158,#4159,#4160);
#4162=CIRCLE('',#4161,0.149999999988204);
#4163=EDGE_CURVE('',#4151,#4112,#4162,.T.);
#4164=ORIENTED_EDGE('',*,*,#4163,.T.);
#4165=ORIENTED_EDGE('',*,*,#4117,.T.);
#4166=EDGE_LOOP('',(#4149,#4157,#4164,#4165));
#4167=FACE_OUTER_BOUND('',#4166,.T.);
#4168=ADVANCED_FACE('',(#4167),#4140,.F.);
#4169=CARTESIAN_POINT('',(-2.919903810531423,-0.930000000002166,0.0));
#4170=DIRECTION('',(0.0,-1.0,0.0));
#4171=DIRECTION('',(0.0,0.0,-1.0));
#4172=AXIS2_PLACEMENT_3D('',#4169,#4170,#4171);
#4173=PLANE('',#4172);
#4174=CARTESIAN_POINT('',(-3.220000000017365,-0.930000000002166,0.25));
#4175=VERTEX_POINT('',#4174);
#4176=CARTESIAN_POINT('',(-2.919903810531423,-0.930000000002166,0.25));
#4177=DIRECTION('',(-1.0,0.0,0.0));
#4178=VECTOR('',#4177,0.300096189485942);
#4179=LINE('',#4176,#4178);
#4180=EDGE_CURVE('',#4142,#4175,#4179,.T.);
#4181=ORIENTED_EDGE('',*,*,#4180,.T.);
#4182=CARTESIAN_POINT('',(-3.220000000017365,-0.930000000002166,0.0));
#4183=VERTEX_POINT('',#4182);
#4184=CARTESIAN_POINT('',(-3.220000000017365,-0.930000000002166,0.0));
#4185=DIRECTION('',(0.0,0.0,1.0));
#4186=VECTOR('',#4185,0.25);
#4187=LINE('',#4184,#4186);
#4188=EDGE_CURVE('',#4183,#4175,#4187,.T.);
#4189=ORIENTED_EDGE('',*,*,#4188,.F.);
#4190=CARTESIAN_POINT('',(-3.220000000017365,-0.930000000002166,0.0));
#4191=DIRECTION('',(1.0,0.0,0.0));
#4192=VECTOR('',#4191,0.300096189485942);
#4193=LINE('',#4190,#4192);
#4194=EDGE_CURVE('',#4183,#4151,#4193,.T.);
#4195=ORIENTED_EDGE('',*,*,#4194,.T.);
#4196=ORIENTED_EDGE('',*,*,#4156,.T.);
#4197=EDGE_LOOP('',(#4181,#4189,#4195,#4196));
#4198=FACE_OUTER_BOUND('',#4197,.T.);
#4199=ADVANCED_FACE('',(#4198),#4173,.T.);
#4200=CARTESIAN_POINT('',(-3.220000000017365,-0.930000000002166,0.0));
#4201=DIRECTION('',(-1.0,0.0,0.0));
#4202=DIRECTION('',(0.0,0.0,-1.0));
#4203=AXIS2_PLACEMENT_3D('',#4200,#4201,#4202);
#4204=PLANE('',#4203);
#4205=CARTESIAN_POINT('',(-3.220000000017336,-0.340000000002873,0.25));
#4206=VERTEX_POINT('',#4205);
#4207=CARTESIAN_POINT('',(-3.220000000017365,-0.930000000002166,0.25));
#4208=DIRECTION('',(0.0,1.0,0.0));
#4209=VECTOR('',#4208,0.589999999999293);
#4210=LINE('',#4207,#4209);
#4211=EDGE_CURVE('',#4175,#4206,#4210,.T.);
#4212=ORIENTED_EDGE('',*,*,#4211,.T.);
#4213=CARTESIAN_POINT('',(-3.220000000017336,-0.340000000002873,0.0));
#4214=VERTEX_POINT('',#4213);
#4215=CARTESIAN_POINT('',(-3.220000000017336,-0.340000000002873,0.0));
#4216=DIRECTION('',(0.0,0.0,1.0));
#4217=VECTOR('',#4216,0.25);
#4218=LINE('',#4215,#4217);
#4219=EDGE_CURVE('',#4214,#4206,#4218,.T.);
#4220=ORIENTED_EDGE('',*,*,#4219,.F.);
#4221=CARTESIAN_POINT('',(-3.220000000017336,-0.340000000002873,0.0));
#4222=DIRECTION('',(0.0,-1.0,0.0));
#4223=VECTOR('',#4222,0.589999999999293);
#4224=LINE('',#4221,#4223);
#4225=EDGE_CURVE('',#4214,#4183,#4224,.T.);
#4226=ORIENTED_EDGE('',*,*,#4225,.T.);
#4227=ORIENTED_EDGE('',*,*,#4188,.T.);
#4228=EDGE_LOOP('',(#4212,#4220,#4226,#4227));
#4229=FACE_OUTER_BOUND('',#4228,.T.);
#4230=ADVANCED_FACE('',(#4229),#4204,.T.);
#4231=CARTESIAN_POINT('',(-3.220000000017336,-0.340000000002873,0.0));
#4232=DIRECTION('',(0.0,1.0,0.0));
#4233=DIRECTION('',(0.0,0.0,1.0));
#4234=AXIS2_PLACEMENT_3D('',#4231,#4232,#4233);
#4235=PLANE('',#4234);
#4236=CARTESIAN_POINT('',(-2.919903810535885,-0.340000000002873,0.25));
#4237=VERTEX_POINT('',#4236);
#4238=CARTESIAN_POINT('',(-3.220000000017336,-0.340000000002873,0.25));
#4239=DIRECTION('',(1.0,0.0,0.0));
#4240=VECTOR('',#4239,0.300096189481451);
#4241=LINE('',#4238,#4240);
#4242=EDGE_CURVE('',#4206,#4237,#4241,.T.);
#4243=ORIENTED_EDGE('',*,*,#4242,.T.);
#4244=CARTESIAN_POINT('',(-2.919903810535885,-0.340000000002873,0.0));
#4245=VERTEX_POINT('',#4244);
#4246=CARTESIAN_POINT('',(-2.919903810535885,-0.340000000002873,0.0));
#4247=DIRECTION('',(0.0,0.0,1.0));
#4248=VECTOR('',#4247,0.25);
#4249=LINE('',#4246,#4248);
#4250=EDGE_CURVE('',#4245,#4237,#4249,.T.);
#4251=ORIENTED_EDGE('',*,*,#4250,.F.);
#4252=CARTESIAN_POINT('',(-2.919903810535885,-0.340000000002873,0.0));
#4253=DIRECTION('',(-1.0,0.0,0.0));
#4254=VECTOR('',#4253,0.300096189481451);
#4255=LINE('',#4252,#4254);
#4256=EDGE_CURVE('',#4245,#4214,#4255,.T.);
#4257=ORIENTED_EDGE('',*,*,#4256,.T.);
#4258=ORIENTED_EDGE('',*,*,#4219,.T.);
#4259=EDGE_LOOP('',(#4243,#4251,#4257,#4258));
#4260=FACE_OUTER_BOUND('',#4259,.T.);
#4261=ADVANCED_FACE('',(#4260),#4235,.T.);
#4262=CARTESIAN_POINT('',(-2.789999999976677,-0.265000000015339,0.0));
#4263=DIRECTION('',(0.0,0.0,1.0));
#4264=DIRECTION('',(-0.500000000095944,-0.866025403729045,0.0));
#4265=AXIS2_PLACEMENT_3D('',#4262,#4263,#4264);
#4266=CYLINDRICAL_SURFACE('',#4265,0.149999999986443);
#4267=CARTESIAN_POINT('',(-2.790000000003346,-0.415000000001782,0.25));
#4268=VERTEX_POINT('',#4267);
#4269=CARTESIAN_POINT('',(-2.789999999976677,-0.265000000015339,0.25));
#4270=DIRECTION('',(0.0,0.0,1.0));
#4271=DIRECTION('',(-0.500000000095944,-0.866025403729045,0.0));
#4272=AXIS2_PLACEMENT_3D('',#4269,#4270,#4271);
#4273=CIRCLE('',#4272,0.149999999986443);
#4274=EDGE_CURVE('',#4237,#4268,#4273,.T.);
#4275=ORIENTED_EDGE('',*,*,#4274,.T.);
#4276=CARTESIAN_POINT('',(-2.790000000003346,-0.415000000001782,0.0));
#4277=VERTEX_POINT('',#4276);
#4278=CARTESIAN_POINT('',(-2.790000000003346,-0.415000000001782,0.0));
#4279=DIRECTION('',(0.0,0.0,1.0));
#4280=VECTOR('',#4279,0.25);
#4281=LINE('',#4278,#4280);
#4282=EDGE_CURVE('',#4277,#4268,#4281,.T.);
#4283=ORIENTED_EDGE('',*,*,#4282,.F.);
#4284=CARTESIAN_POINT('',(-2.789999999976677,-0.265000000015339,0.0));
#4285=DIRECTION('',(0.0,0.0,-1.0));
#4286=DIRECTION('',(-0.500000000095944,-0.866025403729045,0.0));
#4287=AXIS2_PLACEMENT_3D('',#4284,#4285,#4286);
#4288=CIRCLE('',#4287,0.149999999986443);
#4289=EDGE_CURVE('',#4277,#4245,#4288,.T.);
#4290=ORIENTED_EDGE('',*,*,#4289,.T.);
#4291=ORIENTED_EDGE('',*,*,#4250,.T.);
#4292=EDGE_LOOP('',(#4275,#4283,#4290,#4291));
#4293=FACE_OUTER_BOUND('',#4292,.T.);
#4294=ADVANCED_FACE('',(#4293),#4266,.F.);
#4295=CARTESIAN_POINT('',(-2.790000000003346,-0.415000000001782,0.0));
#4296=DIRECTION('',(2.728502E-011,1.0,0.0));
#4297=DIRECTION('',(0.0,0.0,1.0));
#4298=AXIS2_PLACEMENT_3D('',#4295,#4296,#4297);
#4299=PLANE('',#4298);
#4300=CARTESIAN_POINT('',(-2.76500000004441,-0.415000000002464,0.25));
#4301=VERTEX_POINT('',#4300);
#4302=CARTESIAN_POINT('',(-2.790000000003346,-0.415000000001782,0.25));
#4303=DIRECTION('',(1.0,-2.728484E-011,0.0));
#4304=VECTOR('',#4303,0.024999999958936);
#4305=LINE('',#4302,#4304);
#4306=EDGE_CURVE('',#4268,#4301,#4305,.T.);
#4307=ORIENTED_EDGE('',*,*,#4306,.T.);
#4308=CARTESIAN_POINT('',(-2.76500000004441,-0.415000000002464,0.0));
#4309=VERTEX_POINT('',#4308);
#4310=CARTESIAN_POINT('',(-2.76500000004441,-0.415000000002464,0.0));
#4311=DIRECTION('',(0.0,0.0,1.0));
#4312=VECTOR('',#4311,0.25);
#4313=LINE('',#4310,#4312);
#4314=EDGE_CURVE('',#4309,#4301,#4313,.T.);
#4315=ORIENTED_EDGE('',*,*,#4314,.F.);
#4316=CARTESIAN_POINT('',(-2.76500000004441,-0.415000000002464,0.0));
#4317=DIRECTION('',(-1.0,2.728484E-011,0.0));
#4318=VECTOR('',#4317,0.024999999958936);
#4319=LINE('',#4316,#4318);
#4320=EDGE_CURVE('',#4309,#4277,#4319,.T.);
#4321=ORIENTED_EDGE('',*,*,#4320,.T.);
#4322=ORIENTED_EDGE('',*,*,#4282,.T.);
#4323=EDGE_LOOP('',(#4307,#4315,#4321,#4322));
#4324=FACE_OUTER_BOUND('',#4323,.T.);
#4325=ADVANCED_FACE('',(#4324),#4299,.T.);
#4326=CARTESIAN_POINT('',(-2.765000000042493,-0.265000000004532,0.0));
#4327=DIRECTION('',(0.0,0.0,1.0));
#4328=DIRECTION('',(0.083626260417792,-0.99649718944337,0.0));
#4329=AXIS2_PLACEMENT_3D('',#4326,#4327,#4328);
#4330=CYLINDRICAL_SURFACE('',#4329,0.149999999997932);
#4331=CARTESIAN_POINT('',(-2.739999999999952,-0.412901994572735,0.25));
#4332=VERTEX_POINT('',#4331);
#4333=CARTESIAN_POINT('',(-2.765000000042493,-0.265000000004532,0.25));
#4334=DIRECTION('',(0.0,0.0,1.0));
#4335=DIRECTION('',(0.083626260417792,-0.99649718944337,0.0));
#4336=AXIS2_PLACEMENT_3D('',#4333,#4334,#4335);
#4337=CIRCLE('',#4336,0.149999999997932);
#4338=EDGE_CURVE('',#4301,#4332,#4337,.T.);
#4339=ORIENTED_EDGE('',*,*,#4338,.T.);
#4340=CARTESIAN_POINT('',(-2.739999999999952,-0.412901994572735,0.0));
#4341=VERTEX_POINT('',#4340);
#4342=CARTESIAN_POINT('',(-2.739999999999952,-0.412901994572735,0.0));
#4343=DIRECTION('',(0.0,0.0,1.0));
#4344=VECTOR('',#4343,0.25);
#4345=LINE('',#4342,#4344);
#4346=EDGE_CURVE('',#4341,#4332,#4345,.T.);
#4347=ORIENTED_EDGE('',*,*,#4346,.F.);
#4348=CARTESIAN_POINT('',(-2.765000000042493,-0.265000000004532,0.0));
#4349=DIRECTION('',(0.0,0.0,-1.0));
#4350=DIRECTION('',(0.083626260417792,-0.99649718944337,0.0));
#4351=AXIS2_PLACEMENT_3D('',#4348,#4349,#4350);
#4352=CIRCLE('',#4351,0.149999999997932);
#4353=EDGE_CURVE('',#4341,#4309,#4352,.T.);
#4354=ORIENTED_EDGE('',*,*,#4353,.T.);
#4355=ORIENTED_EDGE('',*,*,#4314,.T.);
#4356=EDGE_LOOP('',(#4339,#4347,#4354,#4355));
#4357=FACE_OUTER_BOUND('',#4356,.T.);
#4358=ADVANCED_FACE('',(#4357),#4330,.F.);
#4359=CARTESIAN_POINT('',(-2.739999999999952,-0.412901994572735,0.0));
#4360=DIRECTION('',(1.0,0.0,0.0));
#4361=DIRECTION('',(0.0,0.0,1.0));
#4362=AXIS2_PLACEMENT_3D('',#4359,#4360,#4361);
#4363=PLANE('',#4362);
#4364=CARTESIAN_POINT('',(-2.739999999999952,-0.412901994572734,0.25));
#4365=DIRECTION('',(0.0,-1.0,0.0));
#4366=VECTOR('',#4365,0.442098005428306);
#4367=LINE('',#4364,#4366);
#4368=EDGE_CURVE('',#4332,#4102,#4367,.T.);
#4369=ORIENTED_EDGE('',*,*,#4368,.T.);
#4370=ORIENTED_EDGE('',*,*,#4131,.F.);
#4371=CARTESIAN_POINT('',(-2.739999999999952,-0.855000000001041,0.0));
#4372=DIRECTION('',(0.0,1.0,0.0));
#4373=VECTOR('',#4372,0.442098005428306);
#4374=LINE('',#4371,#4373);
#4375=EDGE_CURVE('',#4120,#4341,#4374,.T.);
#4376=ORIENTED_EDGE('',*,*,#4375,.T.);
#4377=ORIENTED_EDGE('',*,*,#4346,.T.);
#4378=EDGE_LOOP('',(#4369,#4370,#4376,#4377));
#4379=FACE_OUTER_BOUND('',#4378,.T.);
#4380=ADVANCED_FACE('',(#4379),#4363,.T.);
#4381=CARTESIAN_POINT('',(-2.994931449717955,-0.634751776012564,0.0));
#4382=DIRECTION('',(0.0,0.0,1.0));
#4383=DIRECTION('',(0.0,-1.0,0.0));
#4384=AXIS2_PLACEMENT_3D('',#4381,#4382,#4383);
#4385=PLANE('',#4384);
#4386=ORIENTED_EDGE('',*,*,#4375,.F.);
#4387=ORIENTED_EDGE('',*,*,#4125,.F.);
#4388=ORIENTED_EDGE('',*,*,#4163,.F.);
#4389=ORIENTED_EDGE('',*,*,#4194,.F.);
#4390=ORIENTED_EDGE('',*,*,#4225,.F.);
#4391=ORIENTED_EDGE('',*,*,#4256,.F.);
#4392=ORIENTED_EDGE('',*,*,#4289,.F.);
#4393=ORIENTED_EDGE('',*,*,#4320,.F.);
#4394=ORIENTED_EDGE('',*,*,#4353,.F.);
#4395=EDGE_LOOP('',(#4386,#4387,#4388,#4389,#4390,#4391,#4392,#4393,#4394));
#4396=FACE_OUTER_BOUND('',#4395,.T.);
#4397=ADVANCED_FACE('',(#4396),#4385,.F.);
#4398=CARTESIAN_POINT('',(-2.994931449717954,-0.634751776012564,0.25));
#4399=DIRECTION('',(0.0,0.0,1.0));
#4400=DIRECTION('',(0.0,-1.0,0.0));
#4401=AXIS2_PLACEMENT_3D('',#4398,#4399,#4400);
#4402=PLANE('',#4401);
#4403=ORIENTED_EDGE('',*,*,#4109,.F.);
#4404=ORIENTED_EDGE('',*,*,#4368,.F.);
#4405=ORIENTED_EDGE('',*,*,#4338,.F.);
#4406=ORIENTED_EDGE('',*,*,#4306,.F.);
#4407=ORIENTED_EDGE('',*,*,#4274,.F.);
#4408=ORIENTED_EDGE('',*,*,#4242,.F.);
#4409=ORIENTED_EDGE('',*,*,#4211,.F.);
#4410=ORIENTED_EDGE('',*,*,#4180,.F.);
#4411=ORIENTED_EDGE('',*,*,#4148,.F.);
#4412=EDGE_LOOP('',(#4403,#4404,#4405,#4406,#4407,#4408,#4409,#4410,#4411));
#4413=FACE_OUTER_BOUND('',#4412,.T.);
#4414=ADVANCED_FACE('',(#4413),#4402,.T.);
#4415=CLOSED_SHELL('',(#4135,#4168,#4199,#4230,#4261,#4294,#4325,#4358,#4380,#4397,#4414));
#4416=MANIFOLD_SOLID_BREP('D3D',#4415);
#4417=STYLED_ITEM('NONE',(#319),#4416);
#4418=CARTESIAN_POINT('',(2.79000000000014,2.274999999996683,0.0));
#4419=DIRECTION('',(0.0,0.0,1.0));
#4420=DIRECTION('',(0.499999999999114,-0.86602540378495,0.0));
#4421=AXIS2_PLACEMENT_3D('',#4418,#4419,#4420);
#4422=CYLINDRICAL_SURFACE('',#4421,0.14999999999981);
#4423=CARTESIAN_POINT('',(2.789999999999737,2.124999999996873,0.25));
#4424=VERTEX_POINT('',#4423);
#4425=CARTESIAN_POINT('',(2.91990381056769,2.199999999996862,0.25));
#4426=VERTEX_POINT('',#4425);
#4427=CARTESIAN_POINT('',(2.79000000000014,2.274999999996683,0.25));
#4428=DIRECTION('',(0.0,0.0,1.0));
#4429=DIRECTION('',(0.499999999999114,-0.86602540378495,0.0));
#4430=AXIS2_PLACEMENT_3D('',#4427,#4428,#4429);
#4431=CIRCLE('',#4430,0.14999999999981);
#4432=EDGE_CURVE('',#4424,#4426,#4431,.T.);
#4433=ORIENTED_EDGE('',*,*,#4432,.T.);
#4434=CARTESIAN_POINT('',(2.91990381056769,2.199999999996862,0.0));
#4435=VERTEX_POINT('',#4434);
#4436=CARTESIAN_POINT('',(2.91990381056769,2.199999999996862,0.0));
#4437=DIRECTION('',(0.0,0.0,1.0));
#4438=VECTOR('',#4437,0.25);
#4439=LINE('',#4436,#4438);
#4440=EDGE_CURVE('',#4435,#4426,#4439,.T.);
#4441=ORIENTED_EDGE('',*,*,#4440,.F.);
#4442=CARTESIAN_POINT('',(2.789999999999737,2.124999999996873,0.0));
#4443=VERTEX_POINT('',#4442);
#4444=CARTESIAN_POINT('',(2.79000000000014,2.274999999996683,0.0));
#4445=DIRECTION('',(0.0,0.0,1.0));
#4446=DIRECTION('',(0.499999999999114,-0.86602540378495,0.0));
#4447=AXIS2_PLACEMENT_3D('',#4444,#4445,#4446);
#4448=CIRCLE('',#4447,0.14999999999981);
#4449=EDGE_CURVE('',#4443,#4435,#4448,.T.);
#4450=ORIENTED_EDGE('',*,*,#4449,.F.);
#4451=CARTESIAN_POINT('',(2.789999999999737,2.124999999996873,0.0));
#4452=DIRECTION('',(0.0,0.0,1.0));
#4453=VECTOR('',#4452,0.25);
#4454=LINE('',#4451,#4453);
#4455=EDGE_CURVE('',#4443,#4424,#4454,.T.);
#4456=ORIENTED_EDGE('',*,*,#4455,.T.);
#4457=EDGE_LOOP('',(#4433,#4441,#4450,#4456));
#4458=FACE_OUTER_BOUND('',#4457,.T.);
#4459=ADVANCED_FACE('',(#4458),#4422,.F.);
#4460=CARTESIAN_POINT('',(2.91990381056769,2.199999999996862,0.0));
#4461=DIRECTION('',(-1.892336E-013,1.0,0.0));
#4462=DIRECTION('',(0.0,0.0,1.0));
#4463=AXIS2_PLACEMENT_3D('',#4460,#4461,#4462);
#4464=PLANE('',#4463);
#4465=CARTESIAN_POINT('',(3.22000000001799,2.199999999996919,0.25));
#4466=VERTEX_POINT('',#4465);
#4467=CARTESIAN_POINT('',(2.91990381056769,2.199999999996862,0.25));
#4468=DIRECTION('',(1.0,1.894173E-013,0.0));
#4469=VECTOR('',#4468,0.300096189450301);
#4470=LINE('',#4467,#4469);
#4471=EDGE_CURVE('',#4426,#4466,#4470,.T.);
#4472=ORIENTED_EDGE('',*,*,#4471,.T.);
#4473=CARTESIAN_POINT('',(3.22000000001799,2.199999999996919,0.0));
#4474=VERTEX_POINT('',#4473);
#4475=CARTESIAN_POINT('',(3.22000000001799,2.199999999996919,0.0));
#4476=DIRECTION('',(0.0,0.0,1.0));
#4477=VECTOR('',#4476,0.25);
#4478=LINE('',#4475,#4477);
#4479=EDGE_CURVE('',#4474,#4466,#4478,.T.);
#4480=ORIENTED_EDGE('',*,*,#4479,.F.);
#4481=CARTESIAN_POINT('',(2.91990381056769,2.199999999996862,0.0));
#4482=DIRECTION('',(1.0,1.894173E-013,0.0));
#4483=VECTOR('',#4482,0.300096189450301);
#4484=LINE('',#4481,#4483);
#4485=EDGE_CURVE('',#4435,#4474,#4484,.T.);
#4486=ORIENTED_EDGE('',*,*,#4485,.F.);
#4487=ORIENTED_EDGE('',*,*,#4440,.T.);
#4488=EDGE_LOOP('',(#4472,#4480,#4486,#4487));
#4489=FACE_OUTER_BOUND('',#4488,.T.);
#4490=ADVANCED_FACE('',(#4489),#4464,.T.);
#4491=CARTESIAN_POINT('',(3.22000000001799,2.199999999996919,0.0));
#4492=DIRECTION('',(0.999999929488917,0.000375529174736,0.0));
#4493=DIRECTION('',(0.0,0.0,1.0));
#4494=AXIS2_PLACEMENT_3D('',#4491,#4492,#4493);
#4495=PLANE('',#4494);
#4496=CARTESIAN_POINT('',(3.220221562246707,1.609999999997569,0.25));
#4497=VERTEX_POINT('',#4496);
#4498=CARTESIAN_POINT('',(3.22000000001799,2.199999999996919,0.25));
#4499=DIRECTION('',(0.000375529174736,-0.999999929488917,0.0));
#4500=VECTOR('',#4499,0.590000041600892);
#4501=LINE('',#4498,#4500);
#4502=EDGE_CURVE('',#4466,#4497,#4501,.T.);
#4503=ORIENTED_EDGE('',*,*,#4502,.T.);
#4504=CARTESIAN_POINT('',(3.220221562246707,1.609999999997569,0.0));
#4505=VERTEX_POINT('',#4504);
#4506=CARTESIAN_POINT('',(3.220221562246707,1.609999999997569,0.0));
#4507=DIRECTION('',(0.0,0.0,1.0));
#4508=VECTOR('',#4507,0.25);
#4509=LINE('',#4506,#4508);
#4510=EDGE_CURVE('',#4505,#4497,#4509,.T.);
#4511=ORIENTED_EDGE('',*,*,#4510,.F.);
#4512=CARTESIAN_POINT('',(3.22000000001799,2.199999999996919,0.0));
#4513=DIRECTION('',(0.000375529174736,-0.999999929488917,0.0));
#4514=VECTOR('',#4513,0.590000041600892);
#4515=LINE('',#4512,#4514);
#4516=EDGE_CURVE('',#4474,#4505,#4515,.T.);
#4517=ORIENTED_EDGE('',*,*,#4516,.F.);
#4518=ORIENTED_EDGE('',*,*,#4479,.T.);
#4519=EDGE_LOOP('',(#4503,#4511,#4517,#4518));
#4520=FACE_OUTER_BOUND('',#4519,.T.);
#4521=ADVANCED_FACE('',(#4520),#4495,.T.);
#4522=CARTESIAN_POINT('',(3.220221562246707,1.609999999997569,0.0));
#4523=DIRECTION('',(0.0,-1.0,0.0));
#4524=DIRECTION('',(0.0,0.0,-1.0));
#4525=AXIS2_PLACEMENT_3D('',#4522,#4523,#4524);
#4526=PLANE('',#4525);
#4527=CARTESIAN_POINT('',(2.919903810567547,1.609999999997569,0.25));
#4528=VERTEX_POINT('',#4527);
#4529=CARTESIAN_POINT('',(3.220221562246707,1.609999999997569,0.25));
#4530=DIRECTION('',(-1.0,0.0,0.0));
#4531=VECTOR('',#4530,0.30031775167916);
#4532=LINE('',#4529,#4531);
#4533=EDGE_CURVE('',#4497,#4528,#4532,.T.);
#4534=ORIENTED_EDGE('',*,*,#4533,.T.);
#4535=CARTESIAN_POINT('',(2.919903810567547,1.609999999997569,0.0));
#4536=VERTEX_POINT('',#4535);
#4537=CARTESIAN_POINT('',(2.919903810567547,1.609999999997569,0.0));
#4538=DIRECTION('',(0.0,0.0,1.0));
#4539=VECTOR('',#4538,0.25);
#4540=LINE('',#4537,#4539);
#4541=EDGE_CURVE('',#4536,#4528,#4540,.T.);
#4542=ORIENTED_EDGE('',*,*,#4541,.F.);
#4543=CARTESIAN_POINT('',(3.220221562246707,1.609999999997569,0.0));
#4544=DIRECTION('',(-1.0,0.0,0.0));
#4545=VECTOR('',#4544,0.30031775167916);
#4546=LINE('',#4543,#4545);
#4547=EDGE_CURVE('',#4505,#4536,#4546,.T.);
#4548=ORIENTED_EDGE('',*,*,#4547,.F.);
#4549=ORIENTED_EDGE('',*,*,#4510,.T.);
#4550=EDGE_LOOP('',(#4534,#4542,#4548,#4549));
#4551=FACE_OUTER_BOUND('',#4550,.T.);
#4552=ADVANCED_FACE('',(#4551),#4526,.T.);
#4553=CARTESIAN_POINT('',(2.789999999999769,1.534999999998829,0.0));
#4554=DIRECTION('',(0.0,0.0,1.0));
#4555=DIRECTION('',(0.500000000005107,0.86602540378149,0.0));
#4556=AXIS2_PLACEMENT_3D('',#4553,#4554,#4555);
#4557=CYLINDRICAL_SURFACE('',#4556,0.149999999999468);
#4558=CARTESIAN_POINT('',(2.79000000000039,1.684999999998297,0.25));
#4559=VERTEX_POINT('',#4558);
#4560=CARTESIAN_POINT('',(2.789999999999769,1.534999999998829,0.25));
#4561=DIRECTION('',(0.0,0.0,1.0));
#4562=DIRECTION('',(0.500000000005107,0.86602540378149,0.0));
#4563=AXIS2_PLACEMENT_3D('',#4560,#4561,#4562);
#4564=CIRCLE('',#4563,0.149999999999468);
#4565=EDGE_CURVE('',#4528,#4559,#4564,.T.);
#4566=ORIENTED_EDGE('',*,*,#4565,.T.);
#4567=CARTESIAN_POINT('',(2.79000000000039,1.684999999998297,0.0));
#4568=VERTEX_POINT('',#4567);
#4569=CARTESIAN_POINT('',(2.79000000000039,1.684999999998297,0.0));
#4570=DIRECTION('',(0.0,0.0,1.0));
#4571=VECTOR('',#4570,0.25);
#4572=LINE('',#4569,#4571);
#4573=EDGE_CURVE('',#4568,#4559,#4572,.T.);
#4574=ORIENTED_EDGE('',*,*,#4573,.F.);
#4575=CARTESIAN_POINT('',(2.789999999999769,1.534999999998829,0.0));
#4576=DIRECTION('',(0.0,0.0,1.0));
#4577=DIRECTION('',(0.500000000005107,0.86602540378149,0.0));
#4578=AXIS2_PLACEMENT_3D('',#4575,#4576,#4577);
#4579=CIRCLE('',#4578,0.149999999999468);
#4580=EDGE_CURVE('',#4536,#4568,#4579,.T.);
#4581=ORIENTED_EDGE('',*,*,#4580,.F.);
#4582=ORIENTED_EDGE('',*,*,#4541,.T.);
#4583=EDGE_LOOP('',(#4566,#4574,#4581,#4582));
#4584=FACE_OUTER_BOUND('',#4583,.T.);
#4585=ADVANCED_FACE('',(#4584),#4557,.F.);
#4586=CARTESIAN_POINT('',(2.79000000000039,1.684999999998297,0.0));
#4587=DIRECTION('',(-5.684526E-012,-1.0,0.0));
#4588=DIRECTION('',(0.0,0.0,-1.0));
#4589=AXIS2_PLACEMENT_3D('',#4586,#4587,#4588);
#4590=PLANE('',#4589);
#4591=CARTESIAN_POINT('',(2.740000000000038,1.684999999998581,0.25));
#4592=VERTEX_POINT('',#4591);
#4593=CARTESIAN_POINT('',(2.79000000000039,1.684999999998297,0.25));
#4594=DIRECTION('',(-1.0,5.684342E-012,0.0));
#4595=VECTOR('',#4594,0.050000000000352);
#4596=LINE('',#4593,#4595);
#4597=EDGE_CURVE('',#4559,#4592,#4596,.T.);
#4598=ORIENTED_EDGE('',*,*,#4597,.T.);
#4599=CARTESIAN_POINT('',(2.740000000000038,1.684999999998581,0.0));
#4600=VERTEX_POINT('',#4599);
#4601=CARTESIAN_POINT('',(2.740000000000038,1.684999999998581,0.0));
#4602=DIRECTION('',(0.0,0.0,1.0));
#4603=VECTOR('',#4602,0.25);
#4604=LINE('',#4601,#4603);
#4605=EDGE_CURVE('',#4600,#4592,#4604,.T.);
#4606=ORIENTED_EDGE('',*,*,#4605,.F.);
#4607=CARTESIAN_POINT('',(2.79000000000039,1.684999999998297,0.0));
#4608=DIRECTION('',(-1.0,5.684342E-012,0.0));
#4609=VECTOR('',#4608,0.050000000000352);
#4610=LINE('',#4607,#4609);
#4611=EDGE_CURVE('',#4568,#4600,#4610,.T.);
#4612=ORIENTED_EDGE('',*,*,#4611,.F.);
#4613=ORIENTED_EDGE('',*,*,#4573,.T.);
#4614=EDGE_LOOP('',(#4598,#4606,#4612,#4613));
#4615=FACE_OUTER_BOUND('',#4614,.T.);
#4616=ADVANCED_FACE('',(#4615),#4590,.T.);
#4617=CARTESIAN_POINT('',(2.740000000000038,1.684999999998581,0.0));
#4618=DIRECTION('',(-1.0,0.0,0.0));
#4619=DIRECTION('',(0.0,0.0,-1.0));
#4620=AXIS2_PLACEMENT_3D('',#4617,#4618,#4619);
#4621=PLANE('',#4620);
#4622=CARTESIAN_POINT('',(2.740000000000038,2.12499999999693,0.25));
#4623=VERTEX_POINT('',#4622);
#4624=CARTESIAN_POINT('',(2.740000000000038,1.684999999998581,0.25));
#4625=DIRECTION('',(0.0,1.0,0.0));
#4626=VECTOR('',#4625,0.439999999998349);
#4627=LINE('',#4624,#4626);
#4628=EDGE_CURVE('',#4592,#4623,#4627,.T.);
#4629=ORIENTED_EDGE('',*,*,#4628,.T.);
#4630=CARTESIAN_POINT('',(2.740000000000038,2.12499999999693,0.0));
#4631=VERTEX_POINT('',#4630);
#4632=CARTESIAN_POINT('',(2.740000000000038,2.12499999999693,0.0));
#4633=DIRECTION('',(0.0,0.0,1.0));
#4634=VECTOR('',#4633,0.25);
#4635=LINE('',#4632,#4634);
#4636=EDGE_CURVE('',#4631,#4623,#4635,.T.);
#4637=ORIENTED_EDGE('',*,*,#4636,.F.);
#4638=CARTESIAN_POINT('',(2.740000000000038,1.684999999998581,0.0));
#4639=DIRECTION('',(0.0,1.0,0.0));
#4640=VECTOR('',#4639,0.439999999998349);
#4641=LINE('',#4638,#4640);
#4642=EDGE_CURVE('',#4600,#4631,#4641,.T.);
#4643=ORIENTED_EDGE('',*,*,#4642,.F.);
#4644=ORIENTED_EDGE('',*,*,#4605,.T.);
#4645=EDGE_LOOP('',(#4629,#4637,#4643,#4644));
#4646=FACE_OUTER_BOUND('',#4645,.T.);
#4647=ADVANCED_FACE('',(#4646),#4621,.T.);
#4648=CARTESIAN_POINT('',(2.740000000000038,2.12499999999693,0.0));
#4649=DIRECTION('',(1.137052E-012,1.0,0.0));
#4650=DIRECTION('',(0.0,0.0,1.0));
#4651=AXIS2_PLACEMENT_3D('',#4648,#4649,#4650);
#4652=PLANE('',#4651);
#4653=CARTESIAN_POINT('',(2.740000000000038,2.12499999999693,0.25));
#4654=DIRECTION('',(1.0,-1.136868E-012,0.0));
#4655=VECTOR('',#4654,0.049999999999699);
#4656=LINE('',#4653,#4655);
#4657=EDGE_CURVE('',#4623,#4424,#4656,.T.);
#4658=ORIENTED_EDGE('',*,*,#4657,.T.);
#4659=ORIENTED_EDGE('',*,*,#4455,.F.);
#4660=CARTESIAN_POINT('',(2.740000000000038,2.12499999999693,0.0));
#4661=DIRECTION('',(1.0,-1.136868E-012,0.0));
#4662=VECTOR('',#4661,0.049999999999699);
#4663=LINE('',#4660,#4662);
#4664=EDGE_CURVE('',#4631,#4443,#4663,.T.);
#4665=ORIENTED_EDGE('',*,*,#4664,.F.);
#4666=ORIENTED_EDGE('',*,*,#4636,.T.);
#4667=EDGE_LOOP('',(#4658,#4659,#4665,#4666));
#4668=FACE_OUTER_BOUND('',#4667,.T.);
#4669=ADVANCED_FACE('',(#4668),#4652,.T.);
#4670=CARTESIAN_POINT('',(2.995263639810478,1.904968032026746,0.25));
#4671=DIRECTION('',(0.0,0.0,1.0));
#4672=DIRECTION('',(0.0,-1.0,0.0));
#4673=AXIS2_PLACEMENT_3D('',#4670,#4671,#4672);
#4674=PLANE('',#4673);
#4675=ORIENTED_EDGE('',*,*,#4432,.F.);
#4676=ORIENTED_EDGE('',*,*,#4657,.F.);
#4677=ORIENTED_EDGE('',*,*,#4628,.F.);
#4678=ORIENTED_EDGE('',*,*,#4597,.F.);
#4679=ORIENTED_EDGE('',*,*,#4565,.F.);
#4680=ORIENTED_EDGE('',*,*,#4533,.F.);
#4681=ORIENTED_EDGE('',*,*,#4502,.F.);
#4682=ORIENTED_EDGE('',*,*,#4471,.F.);
#4683=EDGE_LOOP('',(#4675,#4676,#4677,#4678,#4679,#4680,#4681,#4682));
#4684=FACE_OUTER_BOUND('',#4683,.T.);
#4685=ADVANCED_FACE('',(#4684),#4674,.T.);
#4686=CARTESIAN_POINT('',(2.995263639810477,1.904968032026745,0.0));
#4687=DIRECTION('',(0.0,0.0,1.0));
#4688=DIRECTION('',(0.0,-1.0,0.0));
#4689=AXIS2_PLACEMENT_3D('',#4686,#4687,#4688);
#4690=PLANE('',#4689);
#4691=ORIENTED_EDGE('',*,*,#4664,.T.);
#4692=ORIENTED_EDGE('',*,*,#4449,.T.);
#4693=ORIENTED_EDGE('',*,*,#4485,.T.);
#4694=ORIENTED_EDGE('',*,*,#4516,.T.);
#4695=ORIENTED_EDGE('',*,*,#4547,.T.);
#4696=ORIENTED_EDGE('',*,*,#4580,.T.);
#4697=ORIENTED_EDGE('',*,*,#4611,.T.);
#4698=ORIENTED_EDGE('',*,*,#4642,.T.);
#4699=EDGE_LOOP('',(#4691,#4692,#4693,#4694,#4695,#4696,#4697,#4698));
#4700=FACE_OUTER_BOUND('',#4699,.T.);
#4701=ADVANCED_FACE('',(#4700),#4690,.F.);
#4702=CLOSED_SHELL('',(#4459,#4490,#4521,#4552,#4585,#4616,#4647,#4669,#4685,#4701));
#4703=MANIFOLD_SOLID_BREP('D39',#4702);
#4704=STYLED_ITEM('NONE',(#319),#4703);
#4705=CARTESIAN_POINT('',(2.790000000000259,1.004999999998451,0.0));
#4706=DIRECTION('',(0.0,0.0,1.0));
#4707=DIRECTION('',(0.499999999993846,-0.866025403787992,0.0));
#4708=AXIS2_PLACEMENT_3D('',#4705,#4706,#4707);
#4709=CYLINDRICAL_SURFACE('',#4708,0.149999999999967);
#4710=CARTESIAN_POINT('',(2.789999999999566,0.854999999998483,0.25));
#4711=VERTEX_POINT('',#4710);
#4712=CARTESIAN_POINT('',(2.919903810567178,0.929999999997221,0.25));
#4713=VERTEX_POINT('',#4712);
#4714=CARTESIAN_POINT('',(2.790000000000259,1.004999999998451,0.25));
#4715=DIRECTION('',(0.0,0.0,1.0));
#4716=DIRECTION('',(0.499999999993846,-0.866025403787992,0.0));
#4717=AXIS2_PLACEMENT_3D('',#4714,#4715,#4716);
#4718=CIRCLE('',#4717,0.149999999999967);
#4719=EDGE_CURVE('',#4711,#4713,#4718,.T.);
#4720=ORIENTED_EDGE('',*,*,#4719,.T.);
#4721=CARTESIAN_POINT('',(2.919903810567178,0.929999999997221,0.0));
#4722=VERTEX_POINT('',#4721);
#4723=CARTESIAN_POINT('',(2.919903810567178,0.929999999997221,0.0));
#4724=DIRECTION('',(0.0,0.0,1.0));
#4725=VECTOR('',#4724,0.25);
#4726=LINE('',#4723,#4725);
#4727=EDGE_CURVE('',#4722,#4713,#4726,.T.);
#4728=ORIENTED_EDGE('',*,*,#4727,.F.);
#4729=CARTESIAN_POINT('',(2.789999999999566,0.854999999998483,0.0));
#4730=VERTEX_POINT('',#4729);
#4731=CARTESIAN_POINT('',(2.790000000000259,1.004999999998451,0.0));
#4732=DIRECTION('',(0.0,0.0,1.0));
#4733=DIRECTION('',(0.499999999993846,-0.866025403787992,0.0));
#4734=AXIS2_PLACEMENT_3D('',#4731,#4732,#4733);
#4735=CIRCLE('',#4734,0.149999999999967);
#4736=EDGE_CURVE('',#4730,#4722,#4735,.T.);
#4737=ORIENTED_EDGE('',*,*,#4736,.F.);
#4738=CARTESIAN_POINT('',(2.789999999999566,0.854999999998483,0.0));
#4739=DIRECTION('',(0.0,0.0,1.0));
#4740=VECTOR('',#4739,0.25);
#4741=LINE('',#4738,#4740);
#4742=EDGE_CURVE('',#4730,#4711,#4741,.T.);
#4743=ORIENTED_EDGE('',*,*,#4742,.T.);
#4744=EDGE_LOOP('',(#4720,#4728,#4737,#4743));
#4745=FACE_OUTER_BOUND('',#4744,.T.);
#4746=ADVANCED_FACE('',(#4745),#4709,.F.);
#4747=CARTESIAN_POINT('',(2.919903810567178,0.929999999997221,0.0));
#4748=DIRECTION('',(0.0,1.0,0.0));
#4749=DIRECTION('',(0.0,0.0,1.0));
#4750=AXIS2_PLACEMENT_3D('',#4747,#4748,#4749);
#4751=PLANE('',#4750);
#4752=CARTESIAN_POINT('',(3.22022233208736,0.929999999997221,0.25));
#4753=VERTEX_POINT('',#4752);
#4754=CARTESIAN_POINT('',(2.919903810567178,0.929999999997221,0.25));
#4755=DIRECTION('',(1.0,0.0,0.0));
#4756=VECTOR('',#4755,0.300318521520182);
#4757=LINE('',#4754,#4756);
#4758=EDGE_CURVE('',#4713,#4753,#4757,.T.);
#4759=ORIENTED_EDGE('',*,*,#4758,.T.);
#4760=CARTESIAN_POINT('',(3.22022233208736,0.929999999997221,0.0));
#4761=VERTEX_POINT('',#4760);
#4762=CARTESIAN_POINT('',(3.22022233208736,0.929999999997221,0.0));
#4763=DIRECTION('',(0.0,0.0,1.0));
#4764=VECTOR('',#4763,0.25);
#4765=LINE('',#4762,#4764);
#4766=EDGE_CURVE('',#4761,#4753,#4765,.T.);
#4767=ORIENTED_EDGE('',*,*,#4766,.F.);
#4768=CARTESIAN_POINT('',(2.919903810567178,0.929999999997221,0.0));
#4769=DIRECTION('',(1.0,0.0,0.0));
#4770=VECTOR('',#4769,0.300318521520182);
#4771=LINE('',#4768,#4770);
#4772=EDGE_CURVE('',#4722,#4761,#4771,.T.);
#4773=ORIENTED_EDGE('',*,*,#4772,.F.);
#4774=ORIENTED_EDGE('',*,*,#4727,.T.);
#4775=EDGE_LOOP('',(#4759,#4767,#4773,#4774));
#4776=FACE_OUTER_BOUND('',#4775,.T.);
#4777=ADVANCED_FACE('',(#4776),#4751,.T.);
#4778=CARTESIAN_POINT('',(3.22022233208736,0.929999999997221,0.0));
#4779=DIRECTION('',(0.999999999998833,-0.000001527722136,0.0));
#4780=DIRECTION('',(0.0,0.0,1.0));
#4781=AXIS2_PLACEMENT_3D('',#4778,#4779,#4780);
#4782=PLANE('',#4781);
#4783=CARTESIAN_POINT('',(3.2202214307313,0.339999999997928,0.25));
#4784=VERTEX_POINT('',#4783);
#4785=CARTESIAN_POINT('',(3.22022233208736,0.929999999997221,0.25));
#4786=DIRECTION('',(-0.000001527722136,-0.999999999998833,0.0));
#4787=VECTOR('',#4786,0.589999999999981);
#4788=LINE('',#4785,#4787);
#4789=EDGE_CURVE('',#4753,#4784,#4788,.T.);
#4790=ORIENTED_EDGE('',*,*,#4789,.T.);
#4791=CARTESIAN_POINT('',(3.2202214307313,0.339999999997928,0.0));
#4792=VERTEX_POINT('',#4791);
#4793=CARTESIAN_POINT('',(3.2202214307313,0.339999999997928,0.0));
#4794=DIRECTION('',(0.0,0.0,1.0));
#4795=VECTOR('',#4794,0.25);
#4796=LINE('',#4793,#4795);
#4797=EDGE_CURVE('',#4792,#4784,#4796,.T.);
#4798=ORIENTED_EDGE('',*,*,#4797,.F.);
#4799=CARTESIAN_POINT('',(3.22022233208736,0.929999999997221,0.0));
#4800=DIRECTION('',(-0.000001527722136,-0.999999999998833,0.0));
#4801=VECTOR('',#4800,0.589999999999981);
#4802=LINE('',#4799,#4801);
#4803=EDGE_CURVE('',#4761,#4792,#4802,.T.);
#4804=ORIENTED_EDGE('',*,*,#4803,.F.);
#4805=ORIENTED_EDGE('',*,*,#4766,.T.);
#4806=EDGE_LOOP('',(#4790,#4798,#4804,#4805));
#4807=FACE_OUTER_BOUND('',#4806,.T.);
#4808=ADVANCED_FACE('',(#4807),#4782,.T.);
#4809=CARTESIAN_POINT('',(3.2202214307313,0.339999999997928,0.0));
#4810=DIRECTION('',(0.0,-1.0,0.0));
#4811=DIRECTION('',(0.0,0.0,-1.0));
#4812=AXIS2_PLACEMENT_3D('',#4809,#4810,#4811);
#4813=PLANE('',#4812);
#4814=CARTESIAN_POINT('',(2.91990381056732,0.339999999997928,0.25));
#4815=VERTEX_POINT('',#4814);
#4816=CARTESIAN_POINT('',(3.2202214307313,0.339999999997928,0.25));
#4817=DIRECTION('',(-1.0,0.0,0.0));
#4818=VECTOR('',#4817,0.30031762016398);
#4819=LINE('',#4816,#4818);
#4820=EDGE_CURVE('',#4784,#4815,#4819,.T.);
#4821=ORIENTED_EDGE('',*,*,#4820,.T.);
#4822=CARTESIAN_POINT('',(2.91990381056732,0.339999999997928,0.0));
#4823=VERTEX_POINT('',#4822);
#4824=CARTESIAN_POINT('',(2.91990381056732,0.339999999997928,0.0));
#4825=DIRECTION('',(0.0,0.0,1.0));
#4826=VECTOR('',#4825,0.25);
#4827=LINE('',#4824,#4826);
#4828=EDGE_CURVE('',#4823,#4815,#4827,.T.);
#4829=ORIENTED_EDGE('',*,*,#4828,.F.);
#4830=CARTESIAN_POINT('',(3.2202214307313,0.339999999997928,0.0));
#4831=DIRECTION('',(-1.0,0.0,0.0));
#4832=VECTOR('',#4831,0.30031762016398);
#4833=LINE('',#4830,#4832);
#4834=EDGE_CURVE('',#4792,#4823,#4833,.T.);
#4835=ORIENTED_EDGE('',*,*,#4834,.F.);
#4836=ORIENTED_EDGE('',*,*,#4797,.T.);
#4837=EDGE_LOOP('',(#4821,#4829,#4835,#4836));
#4838=FACE_OUTER_BOUND('',#4837,.T.);
#4839=ADVANCED_FACE('',(#4838),#4813,.T.);
#4840=CARTESIAN_POINT('',(2.789999999999502,0.264999999999803,0.0));
#4841=DIRECTION('',(0.0,0.0,1.0));
#4842=DIRECTION('',(0.500000000007222,0.866025403780269,0.0));
#4843=AXIS2_PLACEMENT_3D('',#4840,#4841,#4842);
#4844=CYLINDRICAL_SURFACE('',#4843,0.149999999999194);
#4845=CARTESIAN_POINT('',(2.790000000000305,0.414999999998997,0.25));
#4846=VERTEX_POINT('',#4845);
#4847=CARTESIAN_POINT('',(2.789999999999502,0.264999999999803,0.25));
#4848=DIRECTION('',(0.0,0.0,1.0));
#4849=DIRECTION('',(0.500000000007222,0.866025403780269,0.0));
#4850=AXIS2_PLACEMENT_3D('',#4847,#4848,#4849);
#4851=CIRCLE('',#4850,0.149999999999194);
#4852=EDGE_CURVE('',#4815,#4846,#4851,.T.);
#4853=ORIENTED_EDGE('',*,*,#4852,.T.);
#4854=CARTESIAN_POINT('',(2.790000000000305,0.414999999998997,0.0));
#4855=VERTEX_POINT('',#4854);
#4856=CARTESIAN_POINT('',(2.790000000000305,0.414999999998997,0.0));
#4857=DIRECTION('',(0.0,0.0,1.0));
#4858=VECTOR('',#4857,0.25);
#4859=LINE('',#4856,#4858);
#4860=EDGE_CURVE('',#4855,#4846,#4859,.T.);
#4861=ORIENTED_EDGE('',*,*,#4860,.F.);
#4862=CARTESIAN_POINT('',(2.789999999999502,0.264999999999803,0.0));
#4863=DIRECTION('',(0.0,0.0,1.0));
#4864=DIRECTION('',(0.500000000007222,0.866025403780269,0.0));
#4865=AXIS2_PLACEMENT_3D('',#4862,#4863,#4864);
#4866=CIRCLE('',#4865,0.149999999999194);
#4867=EDGE_CURVE('',#4823,#4855,#4866,.T.);
#4868=ORIENTED_EDGE('',*,*,#4867,.F.);
#4869=ORIENTED_EDGE('',*,*,#4828,.T.);
#4870=EDGE_LOOP('',(#4853,#4861,#4868,#4869));
#4871=FACE_OUTER_BOUND('',#4870,.T.);
#4872=ADVANCED_FACE('',(#4871),#4844,.F.);
#4873=CARTESIAN_POINT('',(2.790000000000305,0.414999999998997,0.0));
#4874=DIRECTION('',(-3.410789E-012,-1.0,0.0));
#4875=DIRECTION('',(0.0,0.0,-1.0));
#4876=AXIS2_PLACEMENT_3D('',#4873,#4874,#4875);
#4877=PLANE('',#4876);
#4878=CARTESIAN_POINT('',(2.740000000000038,0.414999999999167,0.25));
#4879=VERTEX_POINT('',#4878);
#4880=CARTESIAN_POINT('',(2.790000000000305,0.414999999998997,0.25));
#4881=DIRECTION('',(-1.0,3.410605E-012,0.0));
#4882=VECTOR('',#4881,0.050000000000267);
#4883=LINE('',#4880,#4882);
#4884=EDGE_CURVE('',#4846,#4879,#4883,.T.);
#4885=ORIENTED_EDGE('',*,*,#4884,.T.);
#4886=CARTESIAN_POINT('',(2.740000000000038,0.414999999999167,0.0));
#4887=VERTEX_POINT('',#4886);
#4888=CARTESIAN_POINT('',(2.740000000000038,0.414999999999167,0.0));
#4889=DIRECTION('',(0.0,0.0,1.0));
#4890=VECTOR('',#4889,0.25);
#4891=LINE('',#4888,#4890);
#4892=EDGE_CURVE('',#4887,#4879,#4891,.T.);
#4893=ORIENTED_EDGE('',*,*,#4892,.F.);
#4894=CARTESIAN_POINT('',(2.790000000000305,0.414999999998997,0.0));
#4895=DIRECTION('',(-1.0,3.410605E-012,0.0));
#4896=VECTOR('',#4895,0.050000000000267);
#4897=LINE('',#4894,#4896);
#4898=EDGE_CURVE('',#4855,#4887,#4897,.T.);
#4899=ORIENTED_EDGE('',*,*,#4898,.F.);
#4900=ORIENTED_EDGE('',*,*,#4860,.T.);
#4901=EDGE_LOOP('',(#4885,#4893,#4899,#4900));
#4902=FACE_OUTER_BOUND('',#4901,.T.);
#4903=ADVANCED_FACE('',(#4902),#4877,.T.);
#4904=CARTESIAN_POINT('',(2.740000000000038,0.414999999999167,0.0));
#4905=DIRECTION('',(-1.0,0.0,0.0));
#4906=DIRECTION('',(0.0,0.0,-1.0));
#4907=AXIS2_PLACEMENT_3D('',#4904,#4905,#4906);
#4908=PLANE('',#4907);
#4909=CARTESIAN_POINT('',(2.740000000000038,0.854999999998597,0.25));
#4910=VERTEX_POINT('',#4909);
#4911=CARTESIAN_POINT('',(2.740000000000038,0.414999999999167,0.25));
#4912=DIRECTION('',(0.0,1.0,0.0));
#4913=VECTOR('',#4912,0.439999999999429);
#4914=LINE('',#4911,#4913);
#4915=EDGE_CURVE('',#4879,#4910,#4914,.T.);
#4916=ORIENTED_EDGE('',*,*,#4915,.T.);
#4917=CARTESIAN_POINT('',(2.740000000000038,0.854999999998597,0.0));
#4918=VERTEX_POINT('',#4917);
#4919=CARTESIAN_POINT('',(2.740000000000038,0.854999999998597,0.0));
#4920=DIRECTION('',(0.0,0.0,1.0));
#4921=VECTOR('',#4920,0.25);
#4922=LINE('',#4919,#4921);
#4923=EDGE_CURVE('',#4918,#4910,#4922,.T.);
#4924=ORIENTED_EDGE('',*,*,#4923,.F.);
#4925=CARTESIAN_POINT('',(2.740000000000038,0.414999999999167,0.0));
#4926=DIRECTION('',(0.0,1.0,0.0));
#4927=VECTOR('',#4926,0.439999999999429);
#4928=LINE('',#4925,#4927);
#4929=EDGE_CURVE('',#4887,#4918,#4928,.T.);
#4930=ORIENTED_EDGE('',*,*,#4929,.F.);
#4931=ORIENTED_EDGE('',*,*,#4892,.T.);
#4932=EDGE_LOOP('',(#4916,#4924,#4930,#4931));
#4933=FACE_OUTER_BOUND('',#4932,.T.);
#4934=ADVANCED_FACE('',(#4933),#4908,.T.);
#4935=CARTESIAN_POINT('',(2.740000000000038,0.854999999998597,0.0));
#4936=DIRECTION('',(2.273920E-012,1.0,0.0));
#4937=DIRECTION('',(0.0,0.0,1.0));
#4938=AXIS2_PLACEMENT_3D('',#4935,#4936,#4937);
#4939=PLANE('',#4938);
#4940=CARTESIAN_POINT('',(2.740000000000038,0.854999999998597,0.25));
#4941=DIRECTION('',(1.0,-2.273737E-012,0.0));
#4942=VECTOR('',#4941,0.049999999999528);
#4943=LINE('',#4940,#4942);
#4944=EDGE_CURVE('',#4910,#4711,#4943,.T.);
#4945=ORIENTED_EDGE('',*,*,#4944,.T.);
#4946=ORIENTED_EDGE('',*,*,#4742,.F.);
#4947=CARTESIAN_POINT('',(2.740000000000038,0.854999999998597,0.0));
#4948=DIRECTION('',(1.0,-2.273737E-012,0.0));
#4949=VECTOR('',#4948,0.049999999999528);
#4950=LINE('',#4947,#4949);
#4951=EDGE_CURVE('',#4918,#4730,#4950,.T.);
#4952=ORIENTED_EDGE('',*,*,#4951,.F.);
#4953=ORIENTED_EDGE('',*,*,#4923,.T.);
#4954=EDGE_LOOP('',(#4945,#4946,#4952,#4953));
#4955=FACE_OUTER_BOUND('',#4954,.T.);
#4956=ADVANCED_FACE('',(#4955),#4939,.T.);
#4957=CARTESIAN_POINT('',(2.995320125187603,0.635000130035329,0.25));
#4958=DIRECTION('',(0.0,0.0,1.0));
#4959=DIRECTION('',(0.0,-1.0,0.0));
#4960=AXIS2_PLACEMENT_3D('',#4957,#4958,#4959);
#4961=PLANE('',#4960);
#4962=ORIENTED_EDGE('',*,*,#4719,.F.);
#4963=ORIENTED_EDGE('',*,*,#4944,.F.);
#4964=ORIENTED_EDGE('',*,*,#4915,.F.);
#4965=ORIENTED_EDGE('',*,*,#4884,.F.);
#4966=ORIENTED_EDGE('',*,*,#4852,.F.);
#4967=ORIENTED_EDGE('',*,*,#4820,.F.);
#4968=ORIENTED_EDGE('',*,*,#4789,.F.);
#4969=ORIENTED_EDGE('',*,*,#4758,.F.);
#4970=EDGE_LOOP('',(#4962,#4963,#4964,#4965,#4966,#4967,#4968,#4969));
#4971=FACE_OUTER_BOUND('',#4970,.T.);
#4972=ADVANCED_FACE('',(#4971),#4961,.T.);
#4973=CARTESIAN_POINT('',(2.995320125187602,0.635000130035329,0.0));
#4974=DIRECTION('',(0.0,0.0,1.0));
#4975=DIRECTION('',(0.0,-1.0,0.0));
#4976=AXIS2_PLACEMENT_3D('',#4973,#4974,#4975);
#4977=PLANE('',#4976);
#4978=ORIENTED_EDGE('',*,*,#4951,.T.);
#4979=ORIENTED_EDGE('',*,*,#4736,.T.);
#4980=ORIENTED_EDGE('',*,*,#4772,.T.);
#4981=ORIENTED_EDGE('',*,*,#4803,.T.);
#4982=ORIENTED_EDGE('',*,*,#4834,.T.);
#4983=ORIENTED_EDGE('',*,*,#4867,.T.);
#4984=ORIENTED_EDGE('',*,*,#4898,.T.);
#4985=ORIENTED_EDGE('',*,*,#4929,.T.);
#4986=EDGE_LOOP('',(#4978,#4979,#4980,#4981,#4982,#4983,#4984,#4985));
#4987=FACE_OUTER_BOUND('',#4986,.T.);
#4988=ADVANCED_FACE('',(#4987),#4977,.F.);
#4989=CLOSED_SHELL('',(#4746,#4777,#4808,#4839,#4872,#4903,#4934,#4956,#4972,#4988));
#4990=MANIFOLD_SOLID_BREP('D35',#4989);
#4991=STYLED_ITEM('NONE',(#319),#4990);
#4992=CARTESIAN_POINT('',(2.789999999999941,-0.26500000000233,0.0));
#4993=DIRECTION('',(0.0,0.0,1.0));
#4994=DIRECTION('',(0.499999999997066,-0.866025403786132,0.0));
#4995=AXIS2_PLACEMENT_3D('',#4992,#4993,#4994);
#4996=CYLINDRICAL_SURFACE('',#4995,0.150000000000021);
#4997=CARTESIAN_POINT('',(2.789999999999935,-0.415000000002352,0.25));
#4998=VERTEX_POINT('',#4997);
#4999=CARTESIAN_POINT('',(2.919903810567121,-0.340000000003216,0.25));
#5000=VERTEX_POINT('',#4999);
#5001=CARTESIAN_POINT('',(2.789999999999941,-0.26500000000233,0.25));
#5002=DIRECTION('',(0.0,0.0,1.0));
#5003=DIRECTION('',(0.499999999997066,-0.866025403786132,0.0));
#5004=AXIS2_PLACEMENT_3D('',#5001,#5002,#5003);
#5005=CIRCLE('',#5004,0.150000000000021);
#5006=EDGE_CURVE('',#4998,#5000,#5005,.T.);
#5007=ORIENTED_EDGE('',*,*,#5006,.T.);
#5008=CARTESIAN_POINT('',(2.919903810567121,-0.340000000003216,0.0));
#5009=VERTEX_POINT('',#5008);
#5010=CARTESIAN_POINT('',(2.919903810567121,-0.340000000003216,0.0));
#5011=DIRECTION('',(0.0,0.0,1.0));
#5012=VECTOR('',#5011,0.25);
#5013=LINE('',#5010,#5012);
#5014=EDGE_CURVE('',#5009,#5000,#5013,.T.);
#5015=ORIENTED_EDGE('',*,*,#5014,.F.);
#5016=CARTESIAN_POINT('',(2.789999999999935,-0.415000000002352,0.0));
#5017=VERTEX_POINT('',#5016);
#5018=CARTESIAN_POINT('',(2.789999999999941,-0.26500000000233,0.0));
#5019=DIRECTION('',(0.0,0.0,1.0));
#5020=DIRECTION('',(0.499999999997066,-0.866025403786132,0.0));
#5021=AXIS2_PLACEMENT_3D('',#5018,#5019,#5020);
#5022=CIRCLE('',#5021,0.150000000000021);
#5023=EDGE_CURVE('',#5017,#5009,#5022,.T.);
#5024=ORIENTED_EDGE('',*,*,#5023,.F.);
#5025=CARTESIAN_POINT('',(2.789999999999935,-0.415000000002352,0.0));
#5026=DIRECTION('',(0.0,0.0,1.0));
#5027=VECTOR('',#5026,0.25);
#5028=LINE('',#5025,#5027);
#5029=EDGE_CURVE('',#5017,#4998,#5028,.T.);
#5030=ORIENTED_EDGE('',*,*,#5029,.T.);
#5031=EDGE_LOOP('',(#5007,#5015,#5024,#5030));
#5032=FACE_OUTER_BOUND('',#5031,.T.);
#5033=ADVANCED_FACE('',(#5032),#4996,.F.);
#5034=CARTESIAN_POINT('',(2.919903810567121,-0.340000000003216,0.0));
#5035=DIRECTION('',(1.894608E-013,1.0,0.0));
#5036=DIRECTION('',(0.0,0.0,1.0));
#5037=AXIS2_PLACEMENT_3D('',#5034,#5035,#5036);
#5038=PLANE('',#5037);
#5039=CARTESIAN_POINT('',(3.220222332087872,-0.340000000003273,0.25));
#5040=VERTEX_POINT('',#5039);
#5041=CARTESIAN_POINT('',(2.919903810567121,-0.340000000003216,0.25));
#5042=DIRECTION('',(1.0,-1.894619E-013,0.0));
#5043=VECTOR('',#5042,0.300318521520751);
#5044=LINE('',#5041,#5043);
#5045=EDGE_CURVE('',#5000,#5040,#5044,.T.);
#5046=ORIENTED_EDGE('',*,*,#5045,.T.);
#5047=CARTESIAN_POINT('',(3.220222332087872,-0.340000000003273,0.0));
#5048=VERTEX_POINT('',#5047);
#5049=CARTESIAN_POINT('',(3.220222332087872,-0.340000000003273,0.0));
#5050=DIRECTION('',(0.0,0.0,1.0));
#5051=VECTOR('',#5050,0.25);
#5052=LINE('',#5049,#5051);
#5053=EDGE_CURVE('',#5048,#5040,#5052,.T.);
#5054=ORIENTED_EDGE('',*,*,#5053,.F.);
#5055=CARTESIAN_POINT('',(2.919903810567121,-0.340000000003216,0.0));
#5056=DIRECTION('',(1.0,-1.894619E-013,0.0));
#5057=VECTOR('',#5056,0.300318521520751);
#5058=LINE('',#5055,#5057);
#5059=EDGE_CURVE('',#5009,#5048,#5058,.T.);
#5060=ORIENTED_EDGE('',*,*,#5059,.F.);
#5061=ORIENTED_EDGE('',*,*,#5014,.T.);
#5062=EDGE_LOOP('',(#5046,#5054,#5060,#5061));
#5063=FACE_OUTER_BOUND('',#5062,.T.);
#5064=ADVANCED_FACE('',(#5063),#5038,.T.);
#5065=CARTESIAN_POINT('',(3.220222332087872,-0.340000000003273,0.0));
#5066=DIRECTION('',(0.999999999998833,-0.000001527724159,0.0));
#5067=DIRECTION('',(0.0,0.0,1.0));
#5068=AXIS2_PLACEMENT_3D('',#5065,#5066,#5067);
#5069=PLANE('',#5068);
#5070=CARTESIAN_POINT('',(3.220221430730618,-0.930000000002508,0.25));
#5071=VERTEX_POINT('',#5070);
#5072=CARTESIAN_POINT('',(3.220222332087872,-0.340000000003273,0.25));
#5073=DIRECTION('',(-0.000001527724159,-0.999999999998833,0.0));
#5074=VECTOR('',#5073,0.589999999999925);
#5075=LINE('',#5072,#5074);
#5076=EDGE_CURVE('',#5040,#5071,#5075,.T.);
#5077=ORIENTED_EDGE('',*,*,#5076,.T.);
#5078=CARTESIAN_POINT('',(3.220221430730618,-0.930000000002508,0.0));
#5079=VERTEX_POINT('',#5078);
#5080=CARTESIAN_POINT('',(3.220221430730618,-0.930000000002508,0.0));
#5081=DIRECTION('',(0.0,0.0,1.0));
#5082=VECTOR('',#5081,0.25);
#5083=LINE('',#5080,#5082);
#5084=EDGE_CURVE('',#5079,#5071,#5083,.T.);
#5085=ORIENTED_EDGE('',*,*,#5084,.F.);
#5086=CARTESIAN_POINT('',(3.220222332087872,-0.340000000003273,0.0));
#5087=DIRECTION('',(-0.000001527724159,-0.999999999998833,0.0));
#5088=VECTOR('',#5087,0.589999999999924);
#5089=LINE('',#5086,#5088);
#5090=EDGE_CURVE('',#5048,#5079,#5089,.T.);
#5091=ORIENTED_EDGE('',*,*,#5090,.F.);
#5092=ORIENTED_EDGE('',*,*,#5053,.T.);
#5093=EDGE_LOOP('',(#5077,#5085,#5091,#5092));
#5094=FACE_OUTER_BOUND('',#5093,.T.);
#5095=ADVANCED_FACE('',(#5094),#5069,.T.);
#5096=CARTESIAN_POINT('',(3.220221430730618,-0.930000000002508,0.0));
#5097=DIRECTION('',(1.890940E-013,-1.0,0.0));
#5098=DIRECTION('',(0.0,0.0,-1.0));
#5099=AXIS2_PLACEMENT_3D('',#5096,#5097,#5098);
#5100=PLANE('',#5099);
#5101=CARTESIAN_POINT('',(2.919903810568769,-0.930000000002565,0.25));
#5102=VERTEX_POINT('',#5101);
#5103=CARTESIAN_POINT('',(3.220221430730618,-0.930000000002508,0.25));
#5104=DIRECTION('',(-1.0,-1.892777E-013,0.0));
#5105=VECTOR('',#5104,0.300317620161849);
#5106=LINE('',#5103,#5105);
#5107=EDGE_CURVE('',#5071,#5102,#5106,.T.);
#5108=ORIENTED_EDGE('',*,*,#5107,.T.);
#5109=CARTESIAN_POINT('',(2.919903810568769,-0.930000000002565,0.0));
#5110=VERTEX_POINT('',#5109);
#5111=CARTESIAN_POINT('',(2.919903810568769,-0.930000000002565,0.0));
#5112=DIRECTION('',(0.0,0.0,1.0));
#5113=VECTOR('',#5112,0.25);
#5114=LINE('',#5111,#5113);
#5115=EDGE_CURVE('',#5110,#5102,#5114,.T.);
#5116=ORIENTED_EDGE('',*,*,#5115,.F.);
#5117=CARTESIAN_POINT('',(3.220221430730618,-0.930000000002508,0.0));
#5118=DIRECTION('',(-1.0,-1.892777E-013,0.0));
#5119=VECTOR('',#5118,0.300317620161849);
#5120=LINE('',#5117,#5119);
#5121=EDGE_CURVE('',#5079,#5110,#5120,.T.);
#5122=ORIENTED_EDGE('',*,*,#5121,.F.);
#5123=ORIENTED_EDGE('',*,*,#5084,.T.);
#5124=EDGE_LOOP('',(#5108,#5116,#5122,#5123));
#5125=FACE_OUTER_BOUND('',#5124,.T.);
#5126=ADVANCED_FACE('',(#5125),#5100,.T.);
#5127=CARTESIAN_POINT('',(2.789999999999845,-1.005000000000902,0.0));
#5128=DIRECTION('',(0.0,0.0,1.0));
#5129=DIRECTION('',(0.500000000006153,0.866025403780887,0.0));
#5130=AXIS2_PLACEMENT_3D('',#5127,#5128,#5129);
#5131=CYLINDRICAL_SURFACE('',#5130,0.150000000000258);
#5132=CARTESIAN_POINT('',(2.789999999999907,-0.855000000000644,0.25));
#5133=VERTEX_POINT('',#5132);
#5134=CARTESIAN_POINT('',(2.789999999999845,-1.005000000000902,0.25));
#5135=DIRECTION('',(0.0,0.0,1.0));
#5136=DIRECTION('',(0.500000000006153,0.866025403780887,0.0));
#5137=AXIS2_PLACEMENT_3D('',#5134,#5135,#5136);
#5138=CIRCLE('',#5137,0.150000000000258);
#5139=EDGE_CURVE('',#5102,#5133,#5138,.T.);
#5140=ORIENTED_EDGE('',*,*,#5139,.T.);
#5141=CARTESIAN_POINT('',(2.789999999999907,-0.855000000000644,0.0));
#5142=VERTEX_POINT('',#5141);
#5143=CARTESIAN_POINT('',(2.789999999999907,-0.855000000000644,0.0));
#5144=DIRECTION('',(0.0,0.0,1.0));
#5145=VECTOR('',#5144,0.25);
#5146=LINE('',#5143,#5145);
#5147=EDGE_CURVE('',#5142,#5133,#5146,.T.);
#5148=ORIENTED_EDGE('',*,*,#5147,.F.);
#5149=CARTESIAN_POINT('',(2.789999999999845,-1.005000000000902,0.0));
#5150=DIRECTION('',(0.0,0.0,1.0));
#5151=DIRECTION('',(0.500000000006153,0.866025403780887,0.0));
#5152=AXIS2_PLACEMENT_3D('',#5149,#5150,#5151);
#5153=CIRCLE('',#5152,0.150000000000258);
#5154=EDGE_CURVE('',#5110,#5142,#5153,.T.);
#5155=ORIENTED_EDGE('',*,*,#5154,.F.);
#5156=ORIENTED_EDGE('',*,*,#5115,.T.);
#5157=EDGE_LOOP('',(#5140,#5148,#5155,#5156));
#5158=FACE_OUTER_BOUND('',#5157,.T.);
#5159=ADVANCED_FACE('',(#5158),#5131,.F.);
#5160=CARTESIAN_POINT('',(2.789999999999907,-0.855000000000644,0.0));
#5161=DIRECTION('',(-1.137052E-012,-1.0,0.0));
#5162=DIRECTION('',(0.0,0.0,-1.0));
#5163=AXIS2_PLACEMENT_3D('',#5160,#5161,#5162);
#5164=PLANE('',#5163);
#5165=CARTESIAN_POINT('',(2.740000000000038,-0.855000000000587,0.25));
#5166=VERTEX_POINT('',#5165);
#5167=CARTESIAN_POINT('',(2.789999999999907,-0.855000000000644,0.25));
#5168=DIRECTION('',(-1.0,1.136868E-012,0.0));
#5169=VECTOR('',#5168,0.049999999999869);
#5170=LINE('',#5167,#5169);
#5171=EDGE_CURVE('',#5133,#5166,#5170,.T.);
#5172=ORIENTED_EDGE('',*,*,#5171,.T.);
#5173=CARTESIAN_POINT('',(2.740000000000038,-0.855000000000587,0.0));
#5174=VERTEX_POINT('',#5173);
#5175=CARTESIAN_POINT('',(2.740000000000038,-0.855000000000587,0.0));
#5176=DIRECTION('',(0.0,0.0,1.0));
#5177=VECTOR('',#5176,0.25);
#5178=LINE('',#5175,#5177);
#5179=EDGE_CURVE('',#5174,#5166,#5178,.T.);
#5180=ORIENTED_EDGE('',*,*,#5179,.F.);
#5181=CARTESIAN_POINT('',(2.789999999999907,-0.855000000000644,0.0));
#5182=DIRECTION('',(-1.0,1.136868E-012,0.0));
#5183=VECTOR('',#5182,0.049999999999869);
#5184=LINE('',#5181,#5183);
#5185=EDGE_CURVE('',#5142,#5174,#5184,.T.);
#5186=ORIENTED_EDGE('',*,*,#5185,.F.);
#5187=ORIENTED_EDGE('',*,*,#5147,.T.);
#5188=EDGE_LOOP('',(#5172,#5180,#5186,#5187));
#5189=FACE_OUTER_BOUND('',#5188,.T.);
#5190=ADVANCED_FACE('',(#5189),#5164,.T.);
#5191=CARTESIAN_POINT('',(2.740000000000038,-0.855000000000587,0.0));
#5192=DIRECTION('',(-1.0,0.0,0.0));
#5193=DIRECTION('',(0.0,0.0,-1.0));
#5194=AXIS2_PLACEMENT_3D('',#5191,#5192,#5193);
#5195=PLANE('',#5194);
#5196=CARTESIAN_POINT('',(2.740000000000038,-0.415000000002238,0.25));
#5197=VERTEX_POINT('',#5196);
#5198=CARTESIAN_POINT('',(2.740000000000038,-0.855000000000587,0.25));
#5199=DIRECTION('',(0.0,1.0,0.0));
#5200=VECTOR('',#5199,0.439999999998349);
#5201=LINE('',#5198,#5200);
#5202=EDGE_CURVE('',#5166,#5197,#5201,.T.);
#5203=ORIENTED_EDGE('',*,*,#5202,.T.);
#5204=CARTESIAN_POINT('',(2.740000000000038,-0.415000000002238,0.0));
#5205=VERTEX_POINT('',#5204);
#5206=CARTESIAN_POINT('',(2.740000000000038,-0.415000000002238,0.0));
#5207=DIRECTION('',(0.0,0.0,1.0));
#5208=VECTOR('',#5207,0.25);
#5209=LINE('',#5206,#5208);
#5210=EDGE_CURVE('',#5205,#5197,#5209,.T.);
#5211=ORIENTED_EDGE('',*,*,#5210,.F.);
#5212=CARTESIAN_POINT('',(2.740000000000038,-0.855000000000587,0.0));
#5213=DIRECTION('',(0.0,1.0,0.0));
#5214=VECTOR('',#5213,0.439999999998349);
#5215=LINE('',#5212,#5214);
#5216=EDGE_CURVE('',#5174,#5205,#5215,.T.);
#5217=ORIENTED_EDGE('',*,*,#5216,.F.);
#5218=ORIENTED_EDGE('',*,*,#5179,.T.);
#5219=EDGE_LOOP('',(#5203,#5211,#5217,#5218));
#5220=FACE_OUTER_BOUND('',#5219,.T.);
#5221=ADVANCED_FACE('',(#5220),#5195,.T.);
#5222=CARTESIAN_POINT('',(2.740000000000038,-0.415000000002238,0.0));
#5223=DIRECTION('',(2.273920E-012,1.0,0.0));
#5224=DIRECTION('',(0.0,0.0,1.0));
#5225=AXIS2_PLACEMENT_3D('',#5222,#5223,#5224);
#5226=PLANE('',#5225);
#5227=CARTESIAN_POINT('',(2.740000000000038,-0.415000000002238,0.25));
#5228=DIRECTION('',(1.0,-2.273737E-012,0.0));
#5229=VECTOR('',#5228,0.049999999999898);
#5230=LINE('',#5227,#5229);
#5231=EDGE_CURVE('',#5197,#4998,#5230,.T.);
#5232=ORIENTED_EDGE('',*,*,#5231,.T.);
#5233=ORIENTED_EDGE('',*,*,#5029,.F.);
#5234=CARTESIAN_POINT('',(2.740000000000038,-0.415000000002238,0.0));
#5235=DIRECTION('',(1.0,-2.273737E-012,0.0));
#5236=VECTOR('',#5235,0.049999999999898);
#5237=LINE('',#5234,#5236);
#5238=EDGE_CURVE('',#5205,#5017,#5237,.T.);
#5239=ORIENTED_EDGE('',*,*,#5238,.F.);
#5240=ORIENTED_EDGE('',*,*,#5210,.T.);
#5241=EDGE_LOOP('',(#5232,#5233,#5239,#5240));
#5242=FACE_OUTER_BOUND('',#5241,.T.);
#5243=ADVANCED_FACE('',(#5242),#5226,.T.);
#5244=CARTESIAN_POINT('',(2.995320125187672,-0.634999869964872,0.25));
#5245=DIRECTION('',(0.0,0.0,1.0));
#5246=DIRECTION('',(0.0,-1.0,0.0));
#5247=AXIS2_PLACEMENT_3D('',#5244,#5245,#5246);
#5248=PLANE('',#5247);
#5249=ORIENTED_EDGE('',*,*,#5006,.F.);
#5250=ORIENTED_EDGE('',*,*,#5231,.F.);
#5251=ORIENTED_EDGE('',*,*,#5202,.F.);
#5252=ORIENTED_EDGE('',*,*,#5171,.F.);
#5253=ORIENTED_EDGE('',*,*,#5139,.F.);
#5254=ORIENTED_EDGE('',*,*,#5107,.F.);
#5255=ORIENTED_EDGE('',*,*,#5076,.F.);
#5256=ORIENTED_EDGE('',*,*,#5045,.F.);
#5257=EDGE_LOOP('',(#5249,#5250,#5251,#5252,#5253,#5254,#5255,#5256));
#5258=FACE_OUTER_BOUND('',#5257,.T.);
#5259=ADVANCED_FACE('',(#5258),#5248,.T.);
#5260=CARTESIAN_POINT('',(2.995320125187672,-0.634999869964872,0.0));
#5261=DIRECTION('',(0.0,0.0,1.0));
#5262=DIRECTION('',(0.0,-1.0,0.0));
#5263=AXIS2_PLACEMENT_3D('',#5260,#5261,#5262);
#5264=PLANE('',#5263);
#5265=ORIENTED_EDGE('',*,*,#5238,.T.);
#5266=ORIENTED_EDGE('',*,*,#5023,.T.);
#5267=ORIENTED_EDGE('',*,*,#5059,.T.);
#5268=ORIENTED_EDGE('',*,*,#5090,.T.);
#5269=ORIENTED_EDGE('',*,*,#5121,.T.);
#5270=ORIENTED_EDGE('',*,*,#5154,.T.);
#5271=ORIENTED_EDGE('',*,*,#5185,.T.);
#5272=ORIENTED_EDGE('',*,*,#5216,.T.);
#5273=EDGE_LOOP('',(#5265,#5266,#5267,#5268,#5269,#5270,#5271,#5272));
#5274=FACE_OUTER_BOUND('',#5273,.T.);
#5275=ADVANCED_FACE('',(#5274),#5264,.F.);
#5276=CLOSED_SHELL('',(#5033,#5064,#5095,#5126,#5159,#5190,#5221,#5243,#5259,#5275));
#5277=MANIFOLD_SOLID_BREP('D31',#5276);
#5278=STYLED_ITEM('NONE',(#319),#5277);
#5279=CARTESIAN_POINT('',(2.789999999999525,-1.535000000003426,0.0));
#5280=DIRECTION('',(0.0,0.0,1.0));
#5281=DIRECTION('',(0.500000000003427,-0.86602540378246,0.0));
#5282=AXIS2_PLACEMENT_3D('',#5279,#5280,#5281);
#5283=CYLINDRICAL_SURFACE('',#5282,0.149999999999305);
#5284=CARTESIAN_POINT('',(2.789999999999537,-1.685000000002731,0.25));
#5285=VERTEX_POINT('',#5284);
#5286=CARTESIAN_POINT('',(2.919903810567177,-1.61000000000206,0.25));
#5287=VERTEX_POINT('',#5286);
#5288=CARTESIAN_POINT('',(2.789999999999525,-1.535000000003426,0.25));
#5289=DIRECTION('',(0.0,0.0,1.0));
#5290=DIRECTION('',(0.500000000003427,-0.86602540378246,0.0));
#5291=AXIS2_PLACEMENT_3D('',#5288,#5289,#5290);
#5292=CIRCLE('',#5291,0.149999999999305);
#5293=EDGE_CURVE('',#5285,#5287,#5292,.T.);
#5294=ORIENTED_EDGE('',*,*,#5293,.T.);
#5295=CARTESIAN_POINT('',(2.919903810567177,-1.61000000000206,0.0));
#5296=VERTEX_POINT('',#5295);
#5297=CARTESIAN_POINT('',(2.919903810567177,-1.61000000000206,0.0));
#5298=DIRECTION('',(0.0,0.0,1.0));
#5299=VECTOR('',#5298,0.25);
#5300=LINE('',#5297,#5299);
#5301=EDGE_CURVE('',#5296,#5287,#5300,.T.);
#5302=ORIENTED_EDGE('',*,*,#5301,.F.);
#5303=CARTESIAN_POINT('',(2.789999999999537,-1.685000000002731,0.0));
#5304=VERTEX_POINT('',#5303);
#5305=CARTESIAN_POINT('',(2.789999999999525,-1.535000000003426,0.0));
#5306=DIRECTION('',(0.0,0.0,1.0));
#5307=DIRECTION('',(0.500000000003427,-0.86602540378246,0.0));
#5308=AXIS2_PLACEMENT_3D('',#5305,#5306,#5307);
#5309=CIRCLE('',#5308,0.149999999999305);
#5310=EDGE_CURVE('',#5304,#5296,#5309,.T.);
#5311=ORIENTED_EDGE('',*,*,#5310,.F.);
#5312=CARTESIAN_POINT('',(2.789999999999537,-1.685000000002731,0.0));
#5313=DIRECTION('',(0.0,0.0,1.0));
#5314=VECTOR('',#5313,0.25);
#5315=LINE('',#5312,#5314);
#5316=EDGE_CURVE('',#5304,#5285,#5315,.T.);
#5317=ORIENTED_EDGE('',*,*,#5316,.T.);
#5318=EDGE_LOOP('',(#5294,#5302,#5311,#5317));
#5319=FACE_OUTER_BOUND('',#5318,.T.);
#5320=ADVANCED_FACE('',(#5319),#5283,.F.);
#5321=CARTESIAN_POINT('',(2.919903810567177,-1.61000000000206,0.0));
#5322=DIRECTION('',(-1.890939E-013,1.0,0.0));
#5323=DIRECTION('',(0.0,0.0,1.0));
#5324=AXIS2_PLACEMENT_3D('',#5321,#5322,#5323);
#5325=PLANE('',#5324);
#5326=CARTESIAN_POINT('',(3.220221562246393,-1.610000000002004,0.25));
#5327=VERTEX_POINT('',#5326);
#5328=CARTESIAN_POINT('',(2.919903810567177,-1.61000000000206,0.25));
#5329=DIRECTION('',(1.0,1.892776E-013,0.0));
#5330=VECTOR('',#5329,0.300317751679216);
#5331=LINE('',#5328,#5330);
#5332=EDGE_CURVE('',#5287,#5327,#5331,.T.);
#5333=ORIENTED_EDGE('',*,*,#5332,.T.);
#5334=CARTESIAN_POINT('',(3.220221562246393,-1.610000000002004,0.0));
#5335=VERTEX_POINT('',#5334);
#5336=CARTESIAN_POINT('',(3.220221562246393,-1.610000000002004,0.0));
#5337=DIRECTION('',(0.0,0.0,1.0));
#5338=VECTOR('',#5337,0.25);
#5339=LINE('',#5336,#5338);
#5340=EDGE_CURVE('',#5335,#5327,#5339,.T.);
#5341=ORIENTED_EDGE('',*,*,#5340,.F.);
#5342=CARTESIAN_POINT('',(2.919903810567177,-1.61000000000206,0.0));
#5343=DIRECTION('',(1.0,1.892776E-013,0.0));
#5344=VECTOR('',#5343,0.300317751679216);
#5345=LINE('',#5342,#5344);
#5346=EDGE_CURVE('',#5296,#5335,#5345,.T.);
#5347=ORIENTED_EDGE('',*,*,#5346,.F.);
#5348=ORIENTED_EDGE('',*,*,#5301,.T.);
#5349=EDGE_LOOP('',(#5333,#5341,#5347,#5348));
#5350=FACE_OUTER_BOUND('',#5349,.T.);
#5351=ADVANCED_FACE('',(#5350),#5325,.T.);
#5352=CARTESIAN_POINT('',(3.220221562246393,-1.610000000002004,0.0));
#5353=DIRECTION('',(0.999999929488917,-0.000375529174592,0.0));
#5354=DIRECTION('',(0.0,0.0,1.0));
#5355=AXIS2_PLACEMENT_3D('',#5352,#5353,#5354);
#5356=PLANE('',#5355);
#5357=CARTESIAN_POINT('',(3.220000000017762,-2.200000000001353,0.25));
#5358=VERTEX_POINT('',#5357);
#5359=CARTESIAN_POINT('',(3.220221562246393,-1.610000000002004,0.25));
#5360=DIRECTION('',(-0.000375529174592,-0.999999929488917,0.0));
#5361=VECTOR('',#5360,0.590000041600892);
#5362=LINE('',#5359,#5361);
#5363=EDGE_CURVE('',#5327,#5358,#5362,.T.);
#5364=ORIENTED_EDGE('',*,*,#5363,.T.);
#5365=CARTESIAN_POINT('',(3.220000000017762,-2.200000000001353,0.0));
#5366=VERTEX_POINT('',#5365);
#5367=CARTESIAN_POINT('',(3.220000000017762,-2.200000000001353,0.0));
#5368=DIRECTION('',(0.0,0.0,1.0));
#5369=VECTOR('',#5368,0.25);
#5370=LINE('',#5367,#5369);
#5371=EDGE_CURVE('',#5366,#5358,#5370,.T.);
#5372=ORIENTED_EDGE('',*,*,#5371,.F.);
#5373=CARTESIAN_POINT('',(3.220221562246393,-1.610000000002004,0.0));
#5374=DIRECTION('',(-0.000375529174592,-0.999999929488917,0.0));
#5375=VECTOR('',#5374,0.590000041600892);
#5376=LINE('',#5373,#5375);
#5377=EDGE_CURVE('',#5335,#5366,#5376,.T.);
#5378=ORIENTED_EDGE('',*,*,#5377,.F.);
#5379=ORIENTED_EDGE('',*,*,#5340,.T.);
#5380=EDGE_LOOP('',(#5364,#5372,#5378,#5379));
#5381=FACE_OUTER_BOUND('',#5380,.T.);
#5382=ADVANCED_FACE('',(#5381),#5356,.T.);
#5383=CARTESIAN_POINT('',(3.220000000017762,-2.200000000001353,0.0));
#5384=DIRECTION('',(3.786510E-013,-1.0,0.0));
#5385=DIRECTION('',(0.0,0.0,-1.0));
#5386=AXIS2_PLACEMENT_3D('',#5383,#5384,#5385);
#5387=PLANE('',#5386);
#5388=CARTESIAN_POINT('',(2.919903810567518,-2.200000000001467,0.25));
#5389=VERTEX_POINT('',#5388);
#5390=CARTESIAN_POINT('',(3.220000000017762,-2.200000000001353,0.25));
#5391=DIRECTION('',(-1.0,-3.788347E-013,0.0));
#5392=VECTOR('',#5391,0.300096189450244);
#5393=LINE('',#5390,#5392);
#5394=EDGE_CURVE('',#5358,#5389,#5393,.T.);
#5395=ORIENTED_EDGE('',*,*,#5394,.T.);
#5396=CARTESIAN_POINT('',(2.919903810567518,-2.200000000001467,0.0));
#5397=VERTEX_POINT('',#5396);
#5398=CARTESIAN_POINT('',(2.919903810567518,-2.200000000001467,0.0));
#5399=DIRECTION('',(0.0,0.0,1.0));
#5400=VECTOR('',#5399,0.25);
#5401=LINE('',#5398,#5400);
#5402=EDGE_CURVE('',#5397,#5389,#5401,.T.);
#5403=ORIENTED_EDGE('',*,*,#5402,.F.);
#5404=CARTESIAN_POINT('',(3.220000000017762,-2.200000000001353,0.0));
#5405=DIRECTION('',(-1.0,-3.788347E-013,0.0));
#5406=VECTOR('',#5405,0.300096189450244);
#5407=LINE('',#5404,#5406);
#5408=EDGE_CURVE('',#5366,#5397,#5407,.T.);
#5409=ORIENTED_EDGE('',*,*,#5408,.F.);
#5410=ORIENTED_EDGE('',*,*,#5371,.T.);
#5411=EDGE_LOOP('',(#5395,#5403,#5409,#5410));
#5412=FACE_OUTER_BOUND('',#5411,.T.);
#5413=ADVANCED_FACE('',(#5412),#5387,.T.);
#5414=CARTESIAN_POINT('',(2.790000000000198,-2.275000000001914,0.0));
#5415=DIRECTION('',(0.0,0.0,1.0));
#5416=DIRECTION('',(0.499999999998034,0.866025403785574,0.0));
#5417=AXIS2_PLACEMENT_3D('',#5414,#5415,#5416);
#5418=CYLINDRICAL_SURFACE('',#5417,0.149999999999925);
#5419=CARTESIAN_POINT('',(2.790000000000077,-2.12500000000199,0.25));
#5420=VERTEX_POINT('',#5419);
#5421=CARTESIAN_POINT('',(2.790000000000198,-2.275000000001914,0.25));
#5422=DIRECTION('',(0.0,0.0,1.0));
#5423=DIRECTION('',(0.499999999998034,0.866025403785574,0.0));
#5424=AXIS2_PLACEMENT_3D('',#5421,#5422,#5423);
#5425=CIRCLE('',#5424,0.149999999999925);
#5426=EDGE_CURVE('',#5389,#5420,#5425,.T.);
#5427=ORIENTED_EDGE('',*,*,#5426,.T.);
#5428=CARTESIAN_POINT('',(2.790000000000077,-2.12500000000199,0.0));
#5429=VERTEX_POINT('',#5428);
#5430=CARTESIAN_POINT('',(2.790000000000077,-2.12500000000199,0.0));
#5431=DIRECTION('',(0.0,0.0,1.0));
#5432=VECTOR('',#5431,0.25);
#5433=LINE('',#5430,#5432);
#5434=EDGE_CURVE('',#5429,#5420,#5433,.T.);
#5435=ORIENTED_EDGE('',*,*,#5434,.F.);
#5436=CARTESIAN_POINT('',(2.790000000000198,-2.275000000001914,0.0));
#5437=DIRECTION('',(0.0,0.0,1.0));
#5438=DIRECTION('',(0.499999999998034,0.866025403785574,0.0));
#5439=AXIS2_PLACEMENT_3D('',#5436,#5437,#5438);
#5440=CIRCLE('',#5439,0.149999999999925);
#5441=EDGE_CURVE('',#5397,#5429,#5440,.T.);
#5442=ORIENTED_EDGE('',*,*,#5441,.F.);
#5443=ORIENTED_EDGE('',*,*,#5402,.T.);
#5444=EDGE_LOOP('',(#5427,#5435,#5442,#5443));
#5445=FACE_OUTER_BOUND('',#5444,.T.);
#5446=ADVANCED_FACE('',(#5445),#5418,.F.);
#5447=CARTESIAN_POINT('',(2.790000000000077,-2.12500000000199,0.0));
#5448=DIRECTION('',(-1.137052E-012,-1.0,0.0));
#5449=DIRECTION('',(0.0,0.0,-1.0));
#5450=AXIS2_PLACEMENT_3D('',#5447,#5448,#5449);
#5451=PLANE('',#5450);
#5452=CARTESIAN_POINT('',(2.740000000000037,-2.125000000001933,0.25));
#5453=VERTEX_POINT('',#5452);
#5454=CARTESIAN_POINT('',(2.790000000000077,-2.12500000000199,0.25));
#5455=DIRECTION('',(-1.0,1.136868E-012,0.0));
#5456=VECTOR('',#5455,0.05000000000004);
#5457=LINE('',#5454,#5456);
#5458=EDGE_CURVE('',#5420,#5453,#5457,.T.);
#5459=ORIENTED_EDGE('',*,*,#5458,.T.);
#5460=CARTESIAN_POINT('',(2.740000000000037,-2.125000000001933,0.0));
#5461=VERTEX_POINT('',#5460);
#5462=CARTESIAN_POINT('',(2.740000000000037,-2.125000000001933,0.0));
#5463=DIRECTION('',(0.0,0.0,1.0));
#5464=VECTOR('',#5463,0.25);
#5465=LINE('',#5462,#5464);
#5466=EDGE_CURVE('',#5461,#5453,#5465,.T.);
#5467=ORIENTED_EDGE('',*,*,#5466,.F.);
#5468=CARTESIAN_POINT('',(2.790000000000077,-2.12500000000199,0.0));
#5469=DIRECTION('',(-1.0,1.136868E-012,0.0));
#5470=VECTOR('',#5469,0.05000000000004);
#5471=LINE('',#5468,#5470);
#5472=EDGE_CURVE('',#5429,#5461,#5471,.T.);
#5473=ORIENTED_EDGE('',*,*,#5472,.F.);
#5474=ORIENTED_EDGE('',*,*,#5434,.T.);
#5475=EDGE_LOOP('',(#5459,#5467,#5473,#5474));
#5476=FACE_OUTER_BOUND('',#5475,.T.);
#5477=ADVANCED_FACE('',(#5476),#5451,.T.);
#5478=CARTESIAN_POINT('',(2.740000000000037,-2.125000000001933,0.0));
#5479=DIRECTION('',(-1.0,0.0,0.0));
#5480=DIRECTION('',(0.0,0.0,-1.0));
#5481=AXIS2_PLACEMENT_3D('',#5478,#5479,#5480);
#5482=PLANE('',#5481);
#5483=CARTESIAN_POINT('',(2.740000000000037,-1.685000000002504,0.25));
#5484=VERTEX_POINT('',#5483);
#5485=CARTESIAN_POINT('',(2.740000000000037,-2.125000000001933,0.25));
#5486=DIRECTION('',(0.0,1.0,0.0));
#5487=VECTOR('',#5486,0.439999999999429);
#5488=LINE('',#5485,#5487);
#5489=EDGE_CURVE('',#5453,#5484,#5488,.T.);
#5490=ORIENTED_EDGE('',*,*,#5489,.T.);
#5491=CARTESIAN_POINT('',(2.740000000000037,-1.685000000002504,0.0));
#5492=VERTEX_POINT('',#5491);
#5493=CARTESIAN_POINT('',(2.740000000000037,-1.685000000002504,0.0));
#5494=DIRECTION('',(0.0,0.0,1.0));
#5495=VECTOR('',#5494,0.25);
#5496=LINE('',#5493,#5495);
#5497=EDGE_CURVE('',#5492,#5484,#5496,.T.);
#5498=ORIENTED_EDGE('',*,*,#5497,.F.);
#5499=CARTESIAN_POINT('',(2.740000000000037,-2.125000000001933,0.0));
#5500=DIRECTION('',(0.0,1.0,0.0));
#5501=VECTOR('',#5500,0.439999999999429);
#5502=LINE('',#5499,#5501);
#5503=EDGE_CURVE('',#5461,#5492,#5502,.T.);
#5504=ORIENTED_EDGE('',*,*,#5503,.F.);
#5505=ORIENTED_EDGE('',*,*,#5466,.T.);
#5506=EDGE_LOOP('',(#5490,#5498,#5504,#5505));
#5507=FACE_OUTER_BOUND('',#5506,.T.);
#5508=ADVANCED_FACE('',(#5507),#5482,.T.);
#5509=CARTESIAN_POINT('',(2.740000000000037,-1.685000000002504,0.0));
#5510=DIRECTION('',(4.547657E-012,1.0,0.0));
#5511=DIRECTION('',(0.0,0.0,1.0));
#5512=AXIS2_PLACEMENT_3D('',#5509,#5510,#5511);
#5513=PLANE('',#5512);
#5514=CARTESIAN_POINT('',(2.740000000000037,-1.685000000002504,0.25));
#5515=DIRECTION('',(1.0,-4.547474E-012,0.0));
#5516=VECTOR('',#5515,0.0499999999995);
#5517=LINE('',#5514,#5516);
#5518=EDGE_CURVE('',#5484,#5285,#5517,.T.);
#5519=ORIENTED_EDGE('',*,*,#5518,.T.);
#5520=ORIENTED_EDGE('',*,*,#5316,.F.);
#5521=CARTESIAN_POINT('',(2.740000000000037,-1.685000000002504,0.0));
#5522=DIRECTION('',(1.0,-4.547474E-012,0.0));
#5523=VECTOR('',#5522,0.0499999999995);
#5524=LINE('',#5521,#5523);
#5525=EDGE_CURVE('',#5492,#5304,#5524,.T.);
#5526=ORIENTED_EDGE('',*,*,#5525,.F.);
#5527=ORIENTED_EDGE('',*,*,#5497,.T.);
#5528=EDGE_LOOP('',(#5519,#5520,#5526,#5527));
#5529=FACE_OUTER_BOUND('',#5528,.T.);
#5530=ADVANCED_FACE('',(#5529),#5513,.T.);
#5531=CARTESIAN_POINT('',(2.995263639810214,-1.904968032031218,0.25));
#5532=DIRECTION('',(0.0,0.0,1.0));
#5533=DIRECTION('',(0.0,-1.0,0.0));
#5534=AXIS2_PLACEMENT_3D('',#5531,#5532,#5533);
#5535=PLANE('',#5534);
#5536=ORIENTED_EDGE('',*,*,#5293,.F.);
#5537=ORIENTED_EDGE('',*,*,#5518,.F.);
#5538=ORIENTED_EDGE('',*,*,#5489,.F.);
#5539=ORIENTED_EDGE('',*,*,#5458,.F.);
#5540=ORIENTED_EDGE('',*,*,#5426,.F.);
#5541=ORIENTED_EDGE('',*,*,#5394,.F.);
#5542=ORIENTED_EDGE('',*,*,#5363,.F.);
#5543=ORIENTED_EDGE('',*,*,#5332,.F.);
#5544=EDGE_LOOP('',(#5536,#5537,#5538,#5539,#5540,#5541,#5542,#5543));
#5545=FACE_OUTER_BOUND('',#5544,.T.);
#5546=ADVANCED_FACE('',(#5545),#5535,.T.);
#5547=CARTESIAN_POINT('',(2.995263639810214,-1.904968032031218,0.0));
#5548=DIRECTION('',(0.0,0.0,1.0));
#5549=DIRECTION('',(0.0,-1.0,0.0));
#5550=AXIS2_PLACEMENT_3D('',#5547,#5548,#5549);
#5551=PLANE('',#5550);
#5552=ORIENTED_EDGE('',*,*,#5525,.T.);
#5553=ORIENTED_EDGE('',*,*,#5310,.T.);
#5554=ORIENTED_EDGE('',*,*,#5346,.T.);
#5555=ORIENTED_EDGE('',*,*,#5377,.T.);
#5556=ORIENTED_EDGE('',*,*,#5408,.T.);
#5557=ORIENTED_EDGE('',*,*,#5441,.T.);
#5558=ORIENTED_EDGE('',*,*,#5472,.T.);
#5559=ORIENTED_EDGE('',*,*,#5503,.T.);
#5560=EDGE_LOOP('',(#5552,#5553,#5554,#5555,#5556,#5557,#5558,#5559));
#5561=FACE_OUTER_BOUND('',#5560,.T.);
#5562=ADVANCED_FACE('',(#5561),#5551,.F.);
#5563=CLOSED_SHELL('',(#5320,#5351,#5382,#5413,#5446,#5477,#5508,#5530,#5546,#5562));
#5564=MANIFOLD_SOLID_BREP('D2D',#5563);
#5565=STYLED_ITEM('NONE',(#319),#5564);
#5566=CARTESIAN_POINT('',(-1.939999999999884,1.905000000090269,0.980000000000002));
#5567=DIRECTION('',(0.0,0.0,1.0));
#5568=DIRECTION('',(0.0,-1.0,0.0));
#5569=AXIS2_PLACEMENT_3D('',#5566,#5567,#5568);
#5570=CYLINDRICAL_SURFACE('',#5569,0.25);
#5571=CARTESIAN_POINT('',(-1.939999999999884,1.655000000090269,0.980000000000002));
#5572=VERTEX_POINT('',#5571);
#5573=CARTESIAN_POINT('',(-1.939999999999884,1.655000000090269,1.0));
#5574=VERTEX_POINT('',#5573);
#5575=CARTESIAN_POINT('',(-1.939999999999884,1.655000000090269,0.980000000000002));
#5576=DIRECTION('',(0.0,0.0,1.0));
#5577=VECTOR('',#5576,0.019999999999998);
#5578=LINE('',#5575,#5577);
#5579=EDGE_CURVE('',#5572,#5574,#5578,.T.);
#5580=ORIENTED_EDGE('',*,*,#5579,.F.);
#5581=CARTESIAN_POINT('',(-1.939999999999884,2.155000000090269,0.980000000000002));
#5582=VERTEX_POINT('',#5581);
#5583=CARTESIAN_POINT('',(-1.939999999999884,1.905000000090269,0.980000000000002));
#5584=DIRECTION('',(0.0,0.0,1.0));
#5585=DIRECTION('',(0.0,-1.0,0.0));
#5586=AXIS2_PLACEMENT_3D('',#5583,#5584,#5585);
#5587=CIRCLE('',#5586,0.25);
#5588=EDGE_CURVE('',#5582,#5572,#5587,.T.);
#5589=ORIENTED_EDGE('',*,*,#5588,.F.);
#5590=CARTESIAN_POINT('',(-1.939999999999884,2.155000000090269,1.0));
#5591=VERTEX_POINT('',#5590);
#5592=CARTESIAN_POINT('',(-1.939999999999884,2.155000000090269,0.980000000000002));
#5593=DIRECTION('',(0.0,0.0,1.0));
#5594=VECTOR('',#5593,0.019999999999998);
#5595=LINE('',#5592,#5594);
#5596=EDGE_CURVE('',#5582,#5591,#5595,.T.);
#5597=ORIENTED_EDGE('',*,*,#5596,.T.);
#5598=CARTESIAN_POINT('',(-1.939999999999884,1.905000000090269,1.0));
#5599=DIRECTION('',(0.0,0.0,-1.0));
#5600=DIRECTION('',(0.0,-1.0,0.0));
#5601=AXIS2_PLACEMENT_3D('',#5598,#5599,#5600);
#5602=CIRCLE('',#5601,0.25);
#5603=EDGE_CURVE('',#5574,#5591,#5602,.T.);
#5604=ORIENTED_EDGE('',*,*,#5603,.F.);
#5605=EDGE_LOOP('',(#5580,#5589,#5597,#5604));
#5606=FACE_OUTER_BOUND('',#5605,.T.);
#5607=ADVANCED_FACE('',(#5606),#5570,.F.);
#5608=CARTESIAN_POINT('',(-1.939999999999884,1.905000000090269,0.980000000000002));
#5609=DIRECTION('',(0.0,0.0,1.0));
#5610=DIRECTION('',(0.0,-1.0,0.0));
#5611=AXIS2_PLACEMENT_3D('',#5608,#5609,#5610);
#5612=CYLINDRICAL_SURFACE('',#5611,0.25);
#5613=ORIENTED_EDGE('',*,*,#5579,.T.);
#5614=CARTESIAN_POINT('',(-1.939999999999884,1.905000000090269,1.0));
#5615=DIRECTION('',(0.0,0.0,-1.0));
#5616=DIRECTION('',(0.0,-1.0,0.0));
#5617=AXIS2_PLACEMENT_3D('',#5614,#5615,#5616);
#5618=CIRCLE('',#5617,0.25);
#5619=EDGE_CURVE('',#5591,#5574,#5618,.T.);
#5620=ORIENTED_EDGE('',*,*,#5619,.F.);
#5621=ORIENTED_EDGE('',*,*,#5596,.F.);
#5622=CARTESIAN_POINT('',(-1.939999999999884,1.905000000090269,0.980000000000002));
#5623=DIRECTION('',(0.0,0.0,1.0));
#5624=DIRECTION('',(0.0,-1.0,0.0));
#5625=AXIS2_PLACEMENT_3D('',#5622,#5623,#5624);
#5626=CIRCLE('',#5625,0.25);
#5627=EDGE_CURVE('',#5572,#5582,#5626,.T.);
#5628=ORIENTED_EDGE('',*,*,#5627,.F.);
#5629=EDGE_LOOP('',(#5613,#5620,#5621,#5628));
#5630=FACE_OUTER_BOUND('',#5629,.T.);
#5631=ADVANCED_FACE('',(#5630),#5612,.F.);
#5632=CARTESIAN_POINT('',(-1.939999999999884,1.905000000090269,0.980000000000002));
#5633=DIRECTION('',(0.0,0.0,1.0));
#5634=DIRECTION('',(0.0,-1.0,0.0));
#5635=AXIS2_PLACEMENT_3D('',#5632,#5633,#5634);
#5636=PLANE('',#5635);
#5637=ORIENTED_EDGE('',*,*,#5627,.T.);
#5638=ORIENTED_EDGE('',*,*,#5588,.T.);
#5639=EDGE_LOOP('',(#5637,#5638));
#5640=FACE_OUTER_BOUND('',#5639,.T.);
#5641=ADVANCED_FACE('',(#5640),#5636,.T.);
#5642=CARTESIAN_POINT('',(-1.419999999999955,-2.358844801351222,0.9));
#5643=DIRECTION('',(1.0,-1.836910E-016,0.0));
#5644=DIRECTION('',(-1.180743E-016,-0.642787609686743,0.766044443118807));
#5645=AXIS2_PLACEMENT_3D('',#5642,#5643,#5644);
#5646=CYLINDRICAL_SURFACE('',#5645,0.1);
#5647=CARTESIAN_POINT('',(2.523844801351328,-2.358844801351223,1.0));
#5648=VERTEX_POINT('',#5647);
#5649=CARTESIAN_POINT('',(-2.523844801351243,-2.358844801351222,1.0));
#5650=VERTEX_POINT('',#5649);
#5651=CARTESIAN_POINT('',(2.523844801351327,-2.358844801351223,1.0));
#5652=DIRECTION('',(-1.0,0.0,0.0));
#5653=VECTOR('',#5652,5.047689602702571);
#5654=LINE('',#5651,#5653);
#5655=EDGE_CURVE('',#5648,#5650,#5654,.T.);
#5656=ORIENTED_EDGE('',*,*,#5655,.T.);
#5657=CARTESIAN_POINT('',(-2.622325576652473,-2.457325576652452,0.91736481776664));
#5658=VERTEX_POINT('',#5657);
#5659=CARTESIAN_POINT('',(-2.523844801351243,-2.358844801351222,0.9));
#5660=DIRECTION('',(0.707106781186549,-0.707106781186546,0.0));
#5661=DIRECTION('',(-0.707106781186546,-0.707106781186549,0.0));
#5662=AXIS2_PLACEMENT_3D('',#5659,#5660,#5661);
#5663=ELLIPSE('',#5662,0.141421356237309,0.1);
#5664=EDGE_CURVE('',#5650,#5658,#5663,.T.);
#5665=ORIENTED_EDGE('',*,*,#5664,.T.);
#5666=CARTESIAN_POINT('',(2.622325576652558,-2.457325576652453,0.917364817766641));
#5667=VERTEX_POINT('',#5666);
#5668=CARTESIAN_POINT('',(-2.622325576652473,-2.457325576652452,0.91736481776664));
#5669=DIRECTION('',(1.0,0.0,0.0));
#5670=VECTOR('',#5669,5.244651153305031);
#5671=LINE('',#5668,#5670);
#5672=EDGE_CURVE('',#5658,#5667,#5671,.T.);
#5673=ORIENTED_EDGE('',*,*,#5672,.T.);
#5674=CARTESIAN_POINT('',(2.523844801351328,-2.358844801351223,0.9));
#5675=DIRECTION('',(0.707106781186548,0.707106781186547,0.0));
#5676=DIRECTION('',(0.707106781186547,-0.707106781186548,0.0));
#5677=AXIS2_PLACEMENT_3D('',#5674,#5675,#5676);
#5678=ELLIPSE('',#5677,0.14142135623731,0.1);
#5679=EDGE_CURVE('',#5648,#5667,#5678,.T.);
#5680=ORIENTED_EDGE('',*,*,#5679,.F.);
#5681=EDGE_LOOP('',(#5656,#5665,#5673,#5680));
#5682=FACE_OUTER_BOUND('',#5681,.T.);
#5683=ADVANCED_FACE('',(#5682),#5646,.T.);
#5684=CARTESIAN_POINT('',(-2.523844801351242,1.287499999999924,0.9));
#5685=DIRECTION('',(-1.836910E-016,-1.0,0.0));
#5686=DIRECTION('',(-0.642787609686743,1.180743E-016,0.766044443118807));
#5687=AXIS2_PLACEMENT_3D('',#5684,#5685,#5686);
#5688=CYLINDRICAL_SURFACE('',#5687,0.1);
#5689=CARTESIAN_POINT('',(-2.523844801351242,2.358844801351166,1.0));
#5690=VERTEX_POINT('',#5689);
#5691=CARTESIAN_POINT('',(-2.523844801351243,-2.358844801351222,1.0));
#5692=DIRECTION('',(0.0,1.0,0.0));
#5693=VECTOR('',#5692,4.717689602702388);
#5694=LINE('',#5691,#5693);
#5695=EDGE_CURVE('',#5650,#5690,#5694,.T.);
#5696=ORIENTED_EDGE('',*,*,#5695,.T.);
#5697=CARTESIAN_POINT('',(-2.622325576652473,2.457325576652397,0.91736481776664));
#5698=VERTEX_POINT('',#5697);
#5699=CARTESIAN_POINT('',(-2.523844801351242,2.358844801351166,0.9));
#5700=DIRECTION('',(-0.707106781186549,-0.707106781186546,0.0));
#5701=DIRECTION('',(-0.707106781186546,0.707106781186549,0.0));
#5702=AXIS2_PLACEMENT_3D('',#5699,#5700,#5701);
#5703=ELLIPSE('',#5702,0.14142135623731,0.1);
#5704=EDGE_CURVE('',#5690,#5698,#5703,.T.);
#5705=ORIENTED_EDGE('',*,*,#5704,.T.);
#5706=CARTESIAN_POINT('',(-2.622325576652473,2.457325576652397,0.91736481776664));
#5707=DIRECTION('',(0.0,-1.0,0.0));
#5708=VECTOR('',#5707,4.914651153304849);
#5709=LINE('',#5706,#5708);
#5710=EDGE_CURVE('',#5698,#5658,#5709,.T.);
#5711=ORIENTED_EDGE('',*,*,#5710,.T.);
#5712=ORIENTED_EDGE('',*,*,#5664,.F.);
#5713=EDGE_LOOP('',(#5696,#5705,#5711,#5712));
#5714=FACE_OUTER_BOUND('',#5713,.T.);
#5715=ADVANCED_FACE('',(#5714),#5688,.T.);
#5716=CARTESIAN_POINT('',(-1.419999999999954,2.358844801351166,0.9));
#5717=DIRECTION('',(-1.0,1.836910E-016,0.0));
#5718=DIRECTION('',(1.180743E-016,0.642787609686743,0.766044443118807));
#5719=AXIS2_PLACEMENT_3D('',#5716,#5717,#5718);
#5720=CYLINDRICAL_SURFACE('',#5719,0.1);
#5721=CARTESIAN_POINT('',(2.523844801351328,2.358844801351165,1.0));
#5722=VERTEX_POINT('',#5721);
#5723=CARTESIAN_POINT('',(-2.523844801351242,2.358844801351166,1.0));
#5724=DIRECTION('',(1.0,0.0,0.0));
#5725=VECTOR('',#5724,5.047689602702571);
#5726=LINE('',#5723,#5725);
#5727=EDGE_CURVE('',#5690,#5722,#5726,.T.);
#5728=ORIENTED_EDGE('',*,*,#5727,.T.);
#5729=CARTESIAN_POINT('',(2.622325576652559,2.457325576652396,0.91736481776664));
#5730=VERTEX_POINT('',#5729);
#5731=CARTESIAN_POINT('',(2.523844801351328,2.358844801351165,0.9));
#5732=DIRECTION('',(-0.707106781186549,0.707106781186546,0.0));
#5733=DIRECTION('',(0.707106781186546,0.707106781186549,0.0));
#5734=AXIS2_PLACEMENT_3D('',#5731,#5732,#5733);
#5735=ELLIPSE('',#5734,0.141421356237309,0.1);
#5736=EDGE_CURVE('',#5722,#5730,#5735,.T.);
#5737=ORIENTED_EDGE('',*,*,#5736,.T.);
#5738=CARTESIAN_POINT('',(2.622325576652559,2.457325576652395,0.91736481776664));
#5739=DIRECTION('',(-1.0,0.0,0.0));
#5740=VECTOR('',#5739,5.244651153305031);
#5741=LINE('',#5738,#5740);
#5742=EDGE_CURVE('',#5730,#5698,#5741,.T.);
#5743=ORIENTED_EDGE('',*,*,#5742,.T.);
#5744=ORIENTED_EDGE('',*,*,#5704,.F.);
#5745=EDGE_LOOP('',(#5728,#5737,#5743,#5744));
#5746=FACE_OUTER_BOUND('',#5745,.T.);
#5747=ADVANCED_FACE('',(#5746),#5720,.T.);
#5748=CARTESIAN_POINT('',(2.523844801351328,1.287499999999923,0.9));
#5749=DIRECTION('',(1.836910E-016,1.0,0.0));
#5750=DIRECTION('',(0.642787609686743,-1.180743E-016,0.766044443118807));
#5751=AXIS2_PLACEMENT_3D('',#5748,#5749,#5750);
#5752=CYLINDRICAL_SURFACE('',#5751,0.1);
#5753=CARTESIAN_POINT('',(2.622325576652558,-2.457325576652453,0.91736481776664));
#5754=DIRECTION('',(0.0,1.0,0.0));
#5755=VECTOR('',#5754,4.914651153304849);
#5756=LINE('',#5753,#5755);
#5757=EDGE_CURVE('',#5667,#5730,#5756,.T.);
#5758=ORIENTED_EDGE('',*,*,#5757,.T.);
#5759=ORIENTED_EDGE('',*,*,#5736,.F.);
#5760=CARTESIAN_POINT('',(2.523844801351328,2.358844801351165,1.0));
#5761=DIRECTION('',(0.0,-1.0,0.0));
#5762=VECTOR('',#5761,4.717689602702388);
#5763=LINE('',#5760,#5762);
#5764=EDGE_CURVE('',#5722,#5648,#5763,.T.);
#5765=ORIENTED_EDGE('',*,*,#5764,.T.);
#5766=ORIENTED_EDGE('',*,*,#5679,.T.);
#5767=EDGE_LOOP('',(#5758,#5759,#5765,#5766));
#5768=FACE_OUTER_BOUND('',#5767,.T.);
#5769=ADVANCED_FACE('',(#5768),#5752,.T.);
#5770=CARTESIAN_POINT('',(2.740000000000038,2.574999999999875,0.25));
#5771=DIRECTION('',(-0.984807753012301,1.809003E-016,-0.173648177666404));
#5772=DIRECTION('',(0.173648177666404,-3.189760E-017,-0.984807753012301));
#5773=AXIS2_PLACEMENT_3D('',#5770,#5771,#5772);
#5774=PLANE('',#5773);
#5775=ORIENTED_EDGE('',*,*,#5757,.F.);
#5776=CARTESIAN_POINT('',(2.740000000000037,-2.574999999999932,0.25));
#5777=VERTEX_POINT('',#5776);
#5778=CARTESIAN_POINT('',(2.740000000000037,-2.574999999999932,0.25));
#5779=DIRECTION('',(-0.171087869745532,0.171087869745533,0.970287525247991));
#5780=VECTOR('',#5779,0.687801090296479);
#5781=LINE('',#5778,#5780);
#5782=EDGE_CURVE('',#5777,#5667,#5781,.T.);
#5783=ORIENTED_EDGE('',*,*,#5782,.F.);
#5784=CARTESIAN_POINT('',(2.740000000000038,2.574999999999875,0.25));
#5785=VERTEX_POINT('',#5784);
#5786=CARTESIAN_POINT('',(2.740000000000038,2.574999999999875,0.25));
#5787=DIRECTION('',(0.0,-1.0,0.0));
#5788=VECTOR('',#5787,5.149999999999807);
#5789=LINE('',#5786,#5788);
#5790=EDGE_CURVE('',#5785,#5777,#5789,.T.);
#5791=ORIENTED_EDGE('',*,*,#5790,.F.);
#5792=CARTESIAN_POINT('',(2.622325576652559,2.457325576652396,0.91736481776664));
#5793=DIRECTION('',(0.171087869745532,0.171087869745532,-0.970287525247991));
#5794=VECTOR('',#5793,0.687801090296479);
#5795=LINE('',#5792,#5794);
#5796=EDGE_CURVE('',#5730,#5785,#5795,.T.);
#5797=ORIENTED_EDGE('',*,*,#5796,.F.);
#5798=EDGE_LOOP('',(#5775,#5783,#5791,#5797));
#5799=FACE_OUTER_BOUND('',#5798,.T.);
#5800=ADVANCED_FACE('',(#5799),#5774,.F.);
#5801=CARTESIAN_POINT('',(-2.839999999999953,-2.361896827635007,1.458568147139829));
#5802=DIRECTION('',(1.809003E-016,0.984807753012301,-0.173648177666404));
#5803=DIRECTION('',(3.189760E-017,0.173648177666404,0.984807753012301));
#5804=AXIS2_PLACEMENT_3D('',#5801,#5802,#5803);
#5805=PLANE('',#5804);
#5806=ORIENTED_EDGE('',*,*,#5672,.F.);
#5807=CARTESIAN_POINT('',(-2.739999999999953,-2.574999999999931,0.25));
#5808=VERTEX_POINT('',#5807);
#5809=CARTESIAN_POINT('',(-2.622325576652473,-2.457325576652452,0.91736481776664));
#5810=DIRECTION('',(-0.171087869745532,-0.171087869745532,-0.970287525247991));
#5811=VECTOR('',#5810,0.687801090296478);
#5812=LINE('',#5809,#5811);
#5813=EDGE_CURVE('',#5658,#5808,#5812,.T.);
#5814=ORIENTED_EDGE('',*,*,#5813,.T.);
#5815=CARTESIAN_POINT('',(2.740000000000037,-2.574999999999932,0.25));
#5816=DIRECTION('',(-1.0,0.0,0.0));
#5817=VECTOR('',#5816,5.47999999999999);
#5818=LINE('',#5815,#5817);
#5819=EDGE_CURVE('',#5777,#5808,#5818,.T.);
#5820=ORIENTED_EDGE('',*,*,#5819,.F.);
#5821=ORIENTED_EDGE('',*,*,#5782,.T.);
#5822=EDGE_LOOP('',(#5806,#5814,#5820,#5821));
#5823=FACE_OUTER_BOUND('',#5822,.T.);
#5824=ADVANCED_FACE('',(#5823),#5805,.F.);
#5825=CARTESIAN_POINT('',(4.267200E-014,-2.842171E-014,1.0));
#5826=DIRECTION('',(0.0,0.0,1.0));
#5827=DIRECTION('',(0.0,-1.0,0.0));
#5828=AXIS2_PLACEMENT_3D('',#5825,#5826,#5827);
#5829=PLANE('',#5828);
#5830=ORIENTED_EDGE('',*,*,#5655,.F.);
#5831=ORIENTED_EDGE('',*,*,#5764,.F.);
#5832=ORIENTED_EDGE('',*,*,#5727,.F.);
#5833=ORIENTED_EDGE('',*,*,#5695,.F.);
#5834=EDGE_LOOP('',(#5830,#5831,#5832,#5833));
#5835=FACE_OUTER_BOUND('',#5834,.T.);
#5836=ORIENTED_EDGE('',*,*,#5619,.T.);
#5837=ORIENTED_EDGE('',*,*,#5603,.T.);
#5838=EDGE_LOOP('',(#5836,#5837));
#5839=FACE_BOUND('',#5838,.T.);
#5840=ADVANCED_FACE('',(#5835,#5839),#5829,.T.);
#5841=CARTESIAN_POINT('',(-2.526896827635027,2.574999999999875,1.458568147139829));
#5842=DIRECTION('',(0.984807753012301,-1.809003E-016,-0.173648177666404));
#5843=DIRECTION('',(0.173648177666404,-3.189760E-017,0.984807753012301));
#5844=AXIS2_PLACEMENT_3D('',#5841,#5842,#5843);
#5845=PLANE('',#5844);
#5846=ORIENTED_EDGE('',*,*,#5710,.F.);
#5847=CARTESIAN_POINT('',(-2.739999999999952,2.574999999999875,0.25));
#5848=VERTEX_POINT('',#5847);
#5849=CARTESIAN_POINT('',(-2.739999999999951,2.574999999999875,0.25));
#5850=DIRECTION('',(0.171087869745532,-0.171087869745532,0.970287525247991));
#5851=VECTOR('',#5850,0.687801090296478);
#5852=LINE('',#5849,#5851);
#5853=EDGE_CURVE('',#5848,#5698,#5852,.T.);
#5854=ORIENTED_EDGE('',*,*,#5853,.F.);
#5855=CARTESIAN_POINT('',(-2.739999999999953,-2.574999999999931,0.25));
#5856=DIRECTION('',(0.0,1.0,0.0));
#5857=VECTOR('',#5856,5.149999999999807);
#5858=LINE('',#5855,#5857);
#5859=EDGE_CURVE('',#5808,#5848,#5858,.T.);
#5860=ORIENTED_EDGE('',*,*,#5859,.F.);
#5861=ORIENTED_EDGE('',*,*,#5813,.F.);
#5862=EDGE_LOOP('',(#5846,#5854,#5860,#5861));
#5863=FACE_OUTER_BOUND('',#5862,.T.);
#5864=ADVANCED_FACE('',(#5863),#5845,.F.);
#5865=CARTESIAN_POINT('',(-2.839999999999952,2.574999999999875,0.25));
#5866=DIRECTION('',(-1.809003E-016,-0.984807753012301,-0.173648177666404));
#5867=DIRECTION('',(3.189760E-017,0.173648177666404,-0.984807753012301));
#5868=AXIS2_PLACEMENT_3D('',#5865,#5866,#5867);
#5869=PLANE('',#5868);
#5870=ORIENTED_EDGE('',*,*,#5742,.F.);
#5871=ORIENTED_EDGE('',*,*,#5796,.T.);
#5872=CARTESIAN_POINT('',(-2.739999999999952,2.574999999999875,0.25));
#5873=DIRECTION('',(1.0,0.0,0.0));
#5874=VECTOR('',#5873,5.47999999999999);
#5875=LINE('',#5872,#5874);
#5876=EDGE_CURVE('',#5848,#5785,#5875,.T.);
#5877=ORIENTED_EDGE('',*,*,#5876,.F.);
#5878=ORIENTED_EDGE('',*,*,#5853,.T.);
#5879=EDGE_LOOP('',(#5870,#5871,#5877,#5878));
#5880=FACE_OUTER_BOUND('',#5879,.T.);
#5881=ADVANCED_FACE('',(#5880),#5869,.F.);
#5882=CARTESIAN_POINT('',(4.258875E-014,-2.842171E-014,0.25));
#5883=DIRECTION('',(0.0,0.0,1.0));
#5884=DIRECTION('',(0.0,-1.0,0.0));
#5885=AXIS2_PLACEMENT_3D('',#5882,#5883,#5884);
#5886=PLANE('',#5885);
#5887=ORIENTED_EDGE('',*,*,#5790,.T.);
#5888=ORIENTED_EDGE('',*,*,#5819,.T.);
#5889=ORIENTED_EDGE('',*,*,#5859,.T.);
#5890=ORIENTED_EDGE('',*,*,#5876,.T.);
#5891=EDGE_LOOP('',(#5887,#5888,#5889,#5890));
#5892=FACE_OUTER_BOUND('',#5891,.T.);
#5893=ADVANCED_FACE('',(#5892),#5886,.F.);
#5894=CLOSED_SHELL('',(#5607,#5631,#5641,#5683,#5715,#5747,#5769,#5800,#5824,#5840,#5864,#5881,#5893));
#5895=MANIFOLD_SOLID_BREP('D03',#5894);
#5896=COLOUR_RGB('250',0.33,0.33,0.33);
#5897=SURFACE_STYLE_USAGE(.BOTH.,#5898);
#5898=SURFACE_SIDE_STYLE('NONE',(#5899));
#5899=SURFACE_STYLE_FILL_AREA(#5900);
#5900=FILL_AREA_STYLE('NONE',(#5901));
#5901=FILL_AREA_STYLE_COLOUR('NONE',#5896);
#5902=PRESENTATION_STYLE_ASSIGNMENT((#5897));
#5903=STYLED_ITEM('NONE',(#5902),#5895);
#5904=PRESENTATION_LAYER_ASSIGNMENT('3D_Mold','None',(#5895,#6054));
#5905=CARTESIAN_POINT('',(2.740000000000037,-2.574999999999932,0.02));
#5906=DIRECTION('',(0.0,-1.0,0.0));
#5907=DIRECTION('',(0.0,0.0,-1.0));
#5908=AXIS2_PLACEMENT_3D('',#5905,#5906,#5907);
#5909=PLANE('',#5908);
#5910=CARTESIAN_POINT('',(2.740000000000037,-2.574999999999932,0.25));
#5911=VERTEX_POINT('',#5910);
#5912=CARTESIAN_POINT('',(-2.739999999999953,-2.574999999999931,0.25));
#5913=VERTEX_POINT('',#5912);
#5914=CARTESIAN_POINT('',(2.740000000000037,-2.574999999999932,0.25));
#5915=DIRECTION('',(-1.0,0.0,0.0));
#5916=VECTOR('',#5915,5.47999999999999);
#5917=LINE('',#5914,#5916);
#5918=EDGE_CURVE('',#5911,#5913,#5917,.T.);
#5919=ORIENTED_EDGE('',*,*,#5918,.T.);
#5920=CARTESIAN_POINT('',(-2.739999999999953,-2.574999999999931,0.02));
#5921=VERTEX_POINT('',#5920);
#5922=CARTESIAN_POINT('',(-2.739999999999953,-2.574999999999931,0.02));
#5923=DIRECTION('',(0.0,0.0,1.0));
#5924=VECTOR('',#5923,0.23);
#5925=LINE('',#5922,#5924);
#5926=EDGE_CURVE('',#5921,#5913,#5925,.T.);
#5927=ORIENTED_EDGE('',*,*,#5926,.F.);
#5928=CARTESIAN_POINT('',(2.740000000000037,-2.574999999999932,0.02));
#5929=VERTEX_POINT('',#5928);
#5930=CARTESIAN_POINT('',(2.740000000000037,-2.574999999999932,0.02));
#5931=DIRECTION('',(-1.0,0.0,0.0));
#5932=VECTOR('',#5931,5.47999999999999);
#5933=LINE('',#5930,#5932);
#5934=EDGE_CURVE('',#5929,#5921,#5933,.T.);
#5935=ORIENTED_EDGE('',*,*,#5934,.F.);
#5936=CARTESIAN_POINT('',(2.740000000000037,-2.574999999999932,0.02));
#5937=DIRECTION('',(0.0,0.0,1.0));
#5938=VECTOR('',#5937,0.23);
#5939=LINE('',#5936,#5938);
#5940=EDGE_CURVE('',#5929,#5911,#5939,.T.);
#5941=ORIENTED_EDGE('',*,*,#5940,.T.);
#5942=EDGE_LOOP('',(#5919,#5927,#5935,#5941));
#5943=FACE_OUTER_BOUND('',#5942,.T.);
#5944=ADVANCED_FACE('',(#5943),#5909,.T.);
#5945=CARTESIAN_POINT('',(-2.739999999999953,-2.574999999999931,0.02));
#5946=DIRECTION('',(-1.0,0.0,0.0));
#5947=DIRECTION('',(0.0,0.0,-1.0));
#5948=AXIS2_PLACEMENT_3D('',#5945,#5946,#5947);
#5949=PLANE('',#5948);
#5950=CARTESIAN_POINT('',(-2.739999999999952,2.574999999999875,0.25));
#5951=VERTEX_POINT('',#5950);
#5952=CARTESIAN_POINT('',(-2.739999999999953,-2.574999999999931,0.25));
#5953=DIRECTION('',(0.0,1.0,0.0));
#5954=VECTOR('',#5953,5.149999999999807);
#5955=LINE('',#5952,#5954);
#5956=EDGE_CURVE('',#5913,#5951,#5955,.T.);
#5957=ORIENTED_EDGE('',*,*,#5956,.T.);
#5958=CARTESIAN_POINT('',(-2.739999999999952,2.574999999999875,0.02));
#5959=VERTEX_POINT('',#5958);
#5960=CARTESIAN_POINT('',(-2.739999999999952,2.574999999999875,0.02));
#5961=DIRECTION('',(0.0,0.0,1.0));
#5962=VECTOR('',#5961,0.23);
#5963=LINE('',#5960,#5962);
#5964=EDGE_CURVE('',#5959,#5951,#5963,.T.);
#5965=ORIENTED_EDGE('',*,*,#5964,.F.);
#5966=CARTESIAN_POINT('',(-2.739999999999953,-2.574999999999931,0.02));
#5967=DIRECTION('',(0.0,1.0,0.0));
#5968=VECTOR('',#5967,5.149999999999807);
#5969=LINE('',#5966,#5968);
#5970=EDGE_CURVE('',#5921,#5959,#5969,.T.);
#5971=ORIENTED_EDGE('',*,*,#5970,.F.);
#5972=ORIENTED_EDGE('',*,*,#5926,.T.);
#5973=EDGE_LOOP('',(#5957,#5965,#5971,#5972));
#5974=FACE_OUTER_BOUND('',#5973,.T.);
#5975=ADVANCED_FACE('',(#5974),#5949,.T.);
#5976=CARTESIAN_POINT('',(-2.739999999999952,2.574999999999875,0.02));
#5977=DIRECTION('',(0.0,1.0,0.0));
#5978=DIRECTION('',(0.0,0.0,1.0));
#5979=AXIS2_PLACEMENT_3D('',#5976,#5977,#5978);
#5980=PLANE('',#5979);
#5981=CARTESIAN_POINT('',(2.740000000000038,2.574999999999875,0.25));
#5982=VERTEX_POINT('',#5981);
#5983=CARTESIAN_POINT('',(-2.739999999999952,2.574999999999875,0.25));
#5984=DIRECTION('',(1.0,0.0,0.0));
#5985=VECTOR('',#5984,5.47999999999999);
#5986=LINE('',#5983,#5985);
#5987=EDGE_CURVE('',#5951,#5982,#5986,.T.);
#5988=ORIENTED_EDGE('',*,*,#5987,.T.);
#5989=CARTESIAN_POINT('',(2.740000000000038,2.574999999999875,0.02));
#5990=VERTEX_POINT('',#5989);
#5991=CARTESIAN_POINT('',(2.740000000000038,2.574999999999875,0.02));
#5992=DIRECTION('',(0.0,0.0,1.0));
#5993=VECTOR('',#5992,0.23);
#5994=LINE('',#5991,#5993);
#5995=EDGE_CURVE('',#5990,#5982,#5994,.T.);
#5996=ORIENTED_EDGE('',*,*,#5995,.F.);
#5997=CARTESIAN_POINT('',(-2.739999999999952,2.574999999999875,0.02));
#5998=DIRECTION('',(1.0,0.0,0.0));
#5999=VECTOR('',#5998,5.47999999999999);
#6000=LINE('',#5997,#5999);
#6001=EDGE_CURVE('',#5959,#5990,#6000,.T.);
#6002=ORIENTED_EDGE('',*,*,#6001,.F.);
#6003=ORIENTED_EDGE('',*,*,#5964,.T.);
#6004=EDGE_LOOP('',(#5988,#5996,#6002,#6003));
#6005=FACE_OUTER_BOUND('',#6004,.T.);
#6006=ADVANCED_FACE('',(#6005),#5980,.T.);
#6007=CARTESIAN_POINT('',(2.740000000000038,2.574999999999875,0.02));
#6008=DIRECTION('',(1.0,0.0,0.0));
#6009=DIRECTION('',(0.0,0.0,1.0));
#6010=AXIS2_PLACEMENT_3D('',#6007,#6008,#6009);
#6011=PLANE('',#6010);
#6012=CARTESIAN_POINT('',(2.740000000000038,2.574999999999875,0.25));
#6013=DIRECTION('',(0.0,-1.0,0.0));
#6014=VECTOR('',#6013,5.149999999999807);
#6015=LINE('',#6012,#6014);
#6016=EDGE_CURVE('',#5982,#5911,#6015,.T.);
#6017=ORIENTED_EDGE('',*,*,#6016,.T.);
#6018=ORIENTED_EDGE('',*,*,#5940,.F.);
#6019=CARTESIAN_POINT('',(2.740000000000038,2.574999999999875,0.02));
#6020=DIRECTION('',(0.0,-1.0,0.0));
#6021=VECTOR('',#6020,5.149999999999807);
#6022=LINE('',#6019,#6021);
#6023=EDGE_CURVE('',#5990,#5929,#6022,.T.);
#6024=ORIENTED_EDGE('',*,*,#6023,.F.);
#6025=ORIENTED_EDGE('',*,*,#5995,.T.);
#6026=EDGE_LOOP('',(#6017,#6018,#6024,#6025));
#6027=FACE_OUTER_BOUND('',#6026,.T.);
#6028=ADVANCED_FACE('',(#6027),#6011,.T.);
#6029=CARTESIAN_POINT('',(4.267200E-014,-2.842171E-014,0.25));
#6030=DIRECTION('',(0.0,0.0,1.0));
#6031=DIRECTION('',(0.0,-1.0,0.0));
#6032=AXIS2_PLACEMENT_3D('',#6029,#6030,#6031);
#6033=PLANE('',#6032);
#6034=ORIENTED_EDGE('',*,*,#5918,.F.);
#6035=ORIENTED_EDGE('',*,*,#6016,.F.);
#6036=ORIENTED_EDGE('',*,*,#5987,.F.);
#6037=ORIENTED_EDGE('',*,*,#5956,.F.);
#6038=EDGE_LOOP('',(#6034,#6035,#6036,#6037));
#6039=FACE_OUTER_BOUND('',#6038,.T.);
#6040=ADVANCED_FACE('',(#6039),#6033,.T.);
#6041=CARTESIAN_POINT('',(4.258875E-014,-2.842171E-014,0.02));
#6042=DIRECTION('',(0.0,0.0,1.0));
#6043=DIRECTION('',(0.0,-1.0,0.0));
#6044=AXIS2_PLACEMENT_3D('',#6041,#6042,#6043);
#6045=PLANE('',#6044);
#6046=ORIENTED_EDGE('',*,*,#6023,.T.);
#6047=ORIENTED_EDGE('',*,*,#5934,.T.);
#6048=ORIENTED_EDGE('',*,*,#5970,.T.);
#6049=ORIENTED_EDGE('',*,*,#6001,.T.);
#6050=EDGE_LOOP('',(#6046,#6047,#6048,#6049));
#6051=FACE_OUTER_BOUND('',#6050,.T.);
#6052=ADVANCED_FACE('',(#6051),#6045,.F.);
#6053=CLOSED_SHELL('',(#5944,#5975,#6006,#6028,#6040,#6052));
#6054=MANIFOLD_SOLID_BREP('CFF',#6053);
#6055=STYLED_ITEM('NONE',(#5902),#6054);
#6056=CARTESIAN_POINT('',(1.336770224674802,-1.69365725881783,0.999999999999997));
#6057=DIRECTION('',(0.0,0.0,1.0));
#6058=DIRECTION('',(0.99832995840944,-0.057769318346383,0.0));
#6059=AXIS2_PLACEMENT_3D('',#6056,#6057,#6058);
#6060=CYLINDRICAL_SURFACE('',#6059,0.121868698069867);
#6061=CARTESIAN_POINT('',(1.456074607481498,-1.668788728255142,1.009999999999997));
#6062=VERTEX_POINT('',#6061);
#6063=CARTESIAN_POINT('',(1.45240982221864,-1.732121047620736,1.009999999999997));
#6064=VERTEX_POINT('',#6063);
#6065=CARTESIAN_POINT('',(1.336770224674802,-1.69365725881783,1.009999999999997));
#6066=DIRECTION('',(0.0,0.0,-1.0));
#6067=DIRECTION('',(0.99832995840944,-0.057769318346383,0.0));
#6068=AXIS2_PLACEMENT_3D('',#6065,#6066,#6067);
#6069=CIRCLE('',#6068,0.121868698069867);
#6070=EDGE_CURVE('',#6062,#6064,#6069,.T.);
#6071=ORIENTED_EDGE('',*,*,#6070,.T.);
#6072=CARTESIAN_POINT('',(1.45240982221864,-1.732121047620736,0.999999999999997));
#6073=VERTEX_POINT('',#6072);
#6074=CARTESIAN_POINT('',(1.45240982221864,-1.732121047620736,0.999999999999997));
#6075=DIRECTION('',(0.0,0.0,1.0));
#6076=VECTOR('',#6075,0.01);
#6077=LINE('',#6074,#6076);
#6078=EDGE_CURVE('',#6073,#6064,#6077,.T.);
#6079=ORIENTED_EDGE('',*,*,#6078,.F.);
#6080=CARTESIAN_POINT('',(1.456074607481498,-1.668788728255142,0.999999999999997));
#6081=VERTEX_POINT('',#6080);
#6082=CARTESIAN_POINT('',(1.336770224674802,-1.69365725881783,0.999999999999997));
#6083=DIRECTION('',(0.0,0.0,-1.0));
#6084=DIRECTION('',(0.99832995840944,-0.057769318346383,0.0));
#6085=AXIS2_PLACEMENT_3D('',#6082,#6083,#6084);
#6086=CIRCLE('',#6085,0.121868698069867);
#6087=EDGE_CURVE('',#6081,#6073,#6086,.T.);
#6088=ORIENTED_EDGE('',*,*,#6087,.F.);
#6089=CARTESIAN_POINT('',(1.456074607481498,-1.668788728255142,0.999999999999997));
#6090=DIRECTION('',(0.0,0.0,1.0));
#6091=VECTOR('',#6090,0.01);
#6092=LINE('',#6089,#6091);
#6093=EDGE_CURVE('',#6081,#6062,#6092,.T.);
#6094=ORIENTED_EDGE('',*,*,#6093,.T.);
#6095=EDGE_LOOP('',(#6071,#6079,#6088,#6094));
#6096=FACE_OUTER_BOUND('',#6095,.T.);
#6097=ADVANCED_FACE('',(#6096),#6060,.T.);
#6098=CARTESIAN_POINT('',(1.373411849802857,-1.705868237996137,0.999999999999997));
#6099=DIRECTION('',(0.0,0.0,1.0));
#6100=DIRECTION('',(0.744531910327131,-0.667586874125483,0.0));
#6101=AXIS2_PLACEMENT_3D('',#6098,#6099,#6100);
#6102=CYLINDRICAL_SURFACE('',#6101,0.083245958815141);
#6103=CARTESIAN_POINT('',(1.408092795294734,-1.781545986897838,1.009999999999997));
#6104=VERTEX_POINT('',#6103);
#6105=CARTESIAN_POINT('',(1.373411849802857,-1.705868237996137,1.009999999999997));
#6106=DIRECTION('',(0.0,0.0,-1.0));
#6107=DIRECTION('',(0.744531910327131,-0.667586874125483,0.0));
#6108=AXIS2_PLACEMENT_3D('',#6105,#6106,#6107);
#6109=CIRCLE('',#6108,0.083245958815141);
#6110=EDGE_CURVE('',#6064,#6104,#6109,.T.);
#6111=ORIENTED_EDGE('',*,*,#6110,.T.);
#6112=CARTESIAN_POINT('',(1.408092795294734,-1.781545986897838,0.999999999999997));
#6113=VERTEX_POINT('',#6112);
#6114=CARTESIAN_POINT('',(1.408092795294734,-1.781545986897838,0.999999999999997));
#6115=DIRECTION('',(0.0,0.0,1.0));
#6116=VECTOR('',#6115,0.01);
#6117=LINE('',#6114,#6116);
#6118=EDGE_CURVE('',#6113,#6104,#6117,.T.);
#6119=ORIENTED_EDGE('',*,*,#6118,.F.);
#6120=CARTESIAN_POINT('',(1.373411849802857,-1.705868237996137,0.999999999999997));
#6121=DIRECTION('',(0.0,0.0,-1.0));
#6122=DIRECTION('',(0.744531910327131,-0.667586874125483,0.0));
#6123=AXIS2_PLACEMENT_3D('',#6120,#6121,#6122);
#6124=CIRCLE('',#6123,0.083245958815141);
#6125=EDGE_CURVE('',#6073,#6113,#6124,.T.);
#6126=ORIENTED_EDGE('',*,*,#6125,.F.);
#6127=ORIENTED_EDGE('',*,*,#6078,.T.);
#6128=EDGE_LOOP('',(#6111,#6119,#6126,#6127));
#6129=FACE_OUTER_BOUND('',#6128,.T.);
#6130=ADVANCED_FACE('',(#6129),#6102,.T.);
#6131=CARTESIAN_POINT('',(1.364293581101936,-1.708802947548443,0.999999999999997));
#6132=DIRECTION('',(0.0,0.0,1.0));
#6133=DIRECTION('',(0.236812467816129,-0.971555379320621,0.0));
#6134=AXIS2_PLACEMENT_3D('',#6131,#6132,#6133);
#6135=CYLINDRICAL_SURFACE('',#6134,0.084911253304182);
#6136=CARTESIAN_POINT('',(1.358879816631306,-1.793541439935511,1.009999999999997));
#6137=VERTEX_POINT('',#6136);
#6138=CARTESIAN_POINT('',(1.364293581101936,-1.708802947548443,1.009999999999997));
#6139=DIRECTION('',(0.0,0.0,-1.0));
#6140=DIRECTION('',(0.236812467816129,-0.971555379320621,0.0));
#6141=AXIS2_PLACEMENT_3D('',#6138,#6139,#6140);
#6142=CIRCLE('',#6141,0.084911253304182);
#6143=EDGE_CURVE('',#6104,#6137,#6142,.T.);
#6144=ORIENTED_EDGE('',*,*,#6143,.T.);
#6145=CARTESIAN_POINT('',(1.358879816631306,-1.793541439935511,0.999999999999997));
#6146=VERTEX_POINT('',#6145);
#6147=CARTESIAN_POINT('',(1.358879816631306,-1.793541439935511,0.999999999999997));
#6148=DIRECTION('',(0.0,0.0,1.0));
#6149=VECTOR('',#6148,0.01);
#6150=LINE('',#6147,#6149);
#6151=EDGE_CURVE('',#6146,#6137,#6150,.T.);
#6152=ORIENTED_EDGE('',*,*,#6151,.F.);
#6153=CARTESIAN_POINT('',(1.364293581101936,-1.708802947548443,0.999999999999997));
#6154=DIRECTION('',(0.0,0.0,-1.0));
#6155=DIRECTION('',(0.236812467816129,-0.971555379320621,0.0));
#6156=AXIS2_PLACEMENT_3D('',#6153,#6154,#6155);
#6157=CIRCLE('',#6156,0.084911253304182);
#6158=EDGE_CURVE('',#6113,#6146,#6157,.T.);
#6159=ORIENTED_EDGE('',*,*,#6158,.F.);
#6160=ORIENTED_EDGE('',*,*,#6118,.T.);
#6161=EDGE_LOOP('',(#6144,#6152,#6159,#6160));
#6162=FACE_OUTER_BOUND('',#6161,.T.);
#6163=ADVANCED_FACE('',(#6162),#6135,.T.);
#6164=CARTESIAN_POINT('',(1.358879816631306,-1.793541439935511,0.999999999999997));
#6165=DIRECTION('',(1.381605E-011,-1.0,0.0));
#6166=DIRECTION('',(0.0,0.0,-1.0));
#6167=AXIS2_PLACEMENT_3D('',#6164,#6165,#6166);
#6168=PLANE('',#6167);
#6169=CARTESIAN_POINT('',(0.976256485627064,-1.793541439940257,1.009999999999997));
#6170=VERTEX_POINT('',#6169);
#6171=CARTESIAN_POINT('',(1.358879816631306,-1.793541439935496,1.009999999999997));
#6172=DIRECTION('',(-1.0,-1.381572E-011,0.0));
#6173=VECTOR('',#6172,0.382623331004242);
#6174=LINE('',#6171,#6173);
#6175=EDGE_CURVE('',#6137,#6170,#6174,.T.);
#6176=ORIENTED_EDGE('',*,*,#6175,.T.);
#6177=CARTESIAN_POINT('',(0.976256485627064,-1.793541439940257,0.999999999999997));
#6178=VERTEX_POINT('',#6177);
#6179=CARTESIAN_POINT('',(0.976256485627064,-1.793541439940257,0.999999999999997));
#6180=DIRECTION('',(0.0,0.0,1.0));
#6181=VECTOR('',#6180,0.01);
#6182=LINE('',#6179,#6181);
#6183=EDGE_CURVE('',#6178,#6170,#6182,.T.);
#6184=ORIENTED_EDGE('',*,*,#6183,.F.);
#6185=CARTESIAN_POINT('',(1.358879816631306,-1.793541439935496,0.999999999999997));
#6186=DIRECTION('',(-1.0,-1.381572E-011,0.0));
#6187=VECTOR('',#6186,0.382623331004242);
#6188=LINE('',#6185,#6187);
#6189=EDGE_CURVE('',#6146,#6178,#6188,.T.);
#6190=ORIENTED_EDGE('',*,*,#6189,.F.);
#6191=ORIENTED_EDGE('',*,*,#6151,.T.);
#6192=EDGE_LOOP('',(#6176,#6184,#6190,#6191));
#6193=FACE_OUTER_BOUND('',#6192,.T.);
#6194=ADVANCED_FACE('',(#6193),#6168,.T.);
#6195=CARTESIAN_POINT('',(0.976256485627064,-1.793541439940257,0.999999999999997));
#6196=DIRECTION('',(-1.0,0.0,0.0));
#6197=DIRECTION('',(0.0,0.0,-1.0));
#6198=AXIS2_PLACEMENT_3D('',#6195,#6196,#6197);
#6199=PLANE('',#6198);
#6200=CARTESIAN_POINT('',(0.976256485627064,-1.707174178007616,1.009999999999997));
#6201=VERTEX_POINT('',#6200);
#6202=CARTESIAN_POINT('',(0.976256485627064,-1.793541439940257,1.009999999999997));
#6203=DIRECTION('',(0.0,1.0,0.0));
#6204=VECTOR('',#6203,0.08636726193264);
#6205=LINE('',#6202,#6204);
#6206=EDGE_CURVE('',#6170,#6201,#6205,.T.);
#6207=ORIENTED_EDGE('',*,*,#6206,.T.);
#6208=CARTESIAN_POINT('',(0.976256485627064,-1.707174178007616,0.999999999999997));
#6209=VERTEX_POINT('',#6208);
#6210=CARTESIAN_POINT('',(0.976256485627064,-1.707174178007616,0.999999999999997));
#6211=DIRECTION('',(0.0,0.0,1.0));
#6212=VECTOR('',#6211,0.01);
#6213=LINE('',#6210,#6212);
#6214=EDGE_CURVE('',#6209,#6201,#6213,.T.);
#6215=ORIENTED_EDGE('',*,*,#6214,.F.);
#6216=CARTESIAN_POINT('',(0.976256485627064,-1.793541439940256,0.999999999999997));
#6217=DIRECTION('',(0.0,1.0,0.0));
#6218=VECTOR('',#6217,0.08636726193264);
#6219=LINE('',#6216,#6218);
#6220=EDGE_CURVE('',#6178,#6209,#6219,.T.);
#6221=ORIENTED_EDGE('',*,*,#6220,.F.);
#6222=ORIENTED_EDGE('',*,*,#6183,.T.);
#6223=EDGE_LOOP('',(#6207,#6215,#6221,#6222));
#6224=FACE_OUTER_BOUND('',#6223,.T.);
#6225=ADVANCED_FACE('',(#6224),#6199,.T.);
#6226=CARTESIAN_POINT('',(0.976256485627064,-1.707174178007616,0.999999999999997));
#6227=DIRECTION('',(0.0,1.0,0.0));
#6228=DIRECTION('',(0.0,0.0,1.0));
#6229=AXIS2_PLACEMENT_3D('',#6226,#6227,#6228);
#6230=PLANE('',#6229);
#6231=CARTESIAN_POINT('',(1.312129170925693,-1.707174178007617,1.009999999999997));
#6232=VERTEX_POINT('',#6231);
#6233=CARTESIAN_POINT('',(0.976256485627064,-1.707174178007616,1.009999999999997));
#6234=DIRECTION('',(1.0,0.0,0.0));
#6235=VECTOR('',#6234,0.335872685298629);
#6236=LINE('',#6233,#6235);
#6237=EDGE_CURVE('',#6201,#6232,#6236,.T.);
#6238=ORIENTED_EDGE('',*,*,#6237,.T.);
#6239=CARTESIAN_POINT('',(1.312129170925693,-1.707174178007617,0.999999999999997));
#6240=VERTEX_POINT('',#6239);
#6241=CARTESIAN_POINT('',(1.312129170925693,-1.707174178007617,0.999999999999997));
#6242=DIRECTION('',(0.0,0.0,1.0));
#6243=VECTOR('',#6242,0.01);
#6244=LINE('',#6241,#6243);
#6245=EDGE_CURVE('',#6240,#6232,#6244,.T.);
#6246=ORIENTED_EDGE('',*,*,#6245,.F.);
#6247=CARTESIAN_POINT('',(0.976256485627064,-1.707174178007616,0.999999999999997));
#6248=DIRECTION('',(1.0,0.0,0.0));
#6249=VECTOR('',#6248,0.33587268529863);
#6250=LINE('',#6247,#6249);
#6251=EDGE_CURVE('',#6209,#6240,#6250,.T.);
#6252=ORIENTED_EDGE('',*,*,#6251,.F.);
#6253=ORIENTED_EDGE('',*,*,#6214,.T.);
#6254=EDGE_LOOP('',(#6238,#6246,#6252,#6253));
#6255=FACE_OUTER_BOUND('',#6254,.T.);
#6256=ADVANCED_FACE('',(#6255),#6230,.T.);
#6257=CARTESIAN_POINT('',(1.314419211948011,-1.604994727964199,0.999999999999997));
#6258=DIRECTION('',(0.0,0.0,1.0));
#6259=DIRECTION('',(0.231620527438527,-0.972806214653822,0.0));
#6260=AXIS2_PLACEMENT_3D('',#6257,#6258,#6259);
#6261=CYLINDRICAL_SURFACE('',#6260,0.102205108967704);
#6262=CARTESIAN_POINT('',(1.362510073720304,-1.695178724954142,1.009999999999997));
#6263=VERTEX_POINT('',#6262);
#6264=CARTESIAN_POINT('',(1.314419211948011,-1.604994727964199,1.009999999999997));
#6265=DIRECTION('',(0.0,0.0,1.0));
#6266=DIRECTION('',(0.231620527438527,-0.972806214653822,0.0));
#6267=AXIS2_PLACEMENT_3D('',#6264,#6265,#6266);
#6268=CIRCLE('',#6267,0.102205108967704);
#6269=EDGE_CURVE('',#6232,#6263,#6268,.T.);
#6270=ORIENTED_EDGE('',*,*,#6269,.T.);
#6271=CARTESIAN_POINT('',(1.362510073720304,-1.695178724954142,0.999999999999997));
#6272=VERTEX_POINT('',#6271);
#6273=CARTESIAN_POINT('',(1.362510073720304,-1.695178724954142,0.999999999999997));
#6274=DIRECTION('',(0.0,0.0,1.0));
#6275=VECTOR('',#6274,0.01);
#6276=LINE('',#6273,#6275);
#6277=EDGE_CURVE('',#6272,#6263,#6276,.T.);
#6278=ORIENTED_EDGE('',*,*,#6277,.F.);
#6279=CARTESIAN_POINT('',(1.314419211948011,-1.604994727964199,0.999999999999997));
#6280=DIRECTION('',(0.0,0.0,1.0));
#6281=DIRECTION('',(0.231620527438527,-0.972806214653822,0.0));
#6282=AXIS2_PLACEMENT_3D('',#6279,#6280,#6281);
#6283=CIRCLE('',#6282,0.102205108967704);
#6284=EDGE_CURVE('',#6240,#6272,#6283,.T.);
#6285=ORIENTED_EDGE('',*,*,#6284,.F.);
#6286=ORIENTED_EDGE('',*,*,#6245,.T.);
#6287=EDGE_LOOP('',(#6270,#6278,#6285,#6286));
#6288=FACE_OUTER_BOUND('',#6287,.T.);
#6289=ADVANCED_FACE('',(#6288),#6261,.F.);
#6290=CARTESIAN_POINT('',(1.31624955564618,-1.650136215733291,0.999999999999997));
#6291=DIRECTION('',(0.0,0.0,1.0));
#6292=DIRECTION('',(0.98672505326738,-0.162399720610862,0.0));
#6293=AXIS2_PLACEMENT_3D('',#6290,#6291,#6292);
#6294=CYLINDRICAL_SURFACE('',#6293,0.064566734231659);
#6295=CARTESIAN_POINT('',(1.374505526765616,-1.622295508157634,1.009999999999997));
#6296=VERTEX_POINT('',#6295);
#6297=CARTESIAN_POINT('',(1.31624955564618,-1.650136215733291,1.009999999999997));
#6298=DIRECTION('',(0.0,0.0,1.0));
#6299=DIRECTION('',(0.98672505326738,-0.162399720610862,0.0));
#6300=AXIS2_PLACEMENT_3D('',#6297,#6298,#6299);
#6301=CIRCLE('',#6300,0.064566734231659);
#6302=EDGE_CURVE('',#6263,#6296,#6301,.T.);
#6303=ORIENTED_EDGE('',*,*,#6302,.T.);
#6304=CARTESIAN_POINT('',(1.374505526765616,-1.622295508157634,0.999999999999997));
#6305=VERTEX_POINT('',#6304);
#6306=CARTESIAN_POINT('',(1.374505526765616,-1.622295508157634,0.999999999999997));
#6307=DIRECTION('',(0.0,0.0,1.0));
#6308=VECTOR('',#6307,0.01);
#6309=LINE('',#6306,#6308);
#6310=EDGE_CURVE('',#6305,#6296,#6309,.T.);
#6311=ORIENTED_EDGE('',*,*,#6310,.F.);
#6312=CARTESIAN_POINT('',(1.31624955564618,-1.650136215733291,0.999999999999997));
#6313=DIRECTION('',(0.0,0.0,1.0));
#6314=DIRECTION('',(0.98672505326738,-0.162399720610862,0.0));
#6315=AXIS2_PLACEMENT_3D('',#6312,#6313,#6314);
#6316=CIRCLE('',#6315,0.064566734231659);
#6317=EDGE_CURVE('',#6272,#6305,#6316,.T.);
#6318=ORIENTED_EDGE('',*,*,#6317,.F.);
#6319=ORIENTED_EDGE('',*,*,#6277,.T.);
#6320=EDGE_LOOP('',(#6303,#6311,#6318,#6319));
#6321=FACE_OUTER_BOUND('',#6320,.T.);
#6322=ADVANCED_FACE('',(#6321),#6294,.F.);
#6323=CARTESIAN_POINT('',(1.325324169276246,-1.647076620445442,0.999999999999997));
#6324=DIRECTION('',(0.0,0.0,1.0));
#6325=DIRECTION('',(0.515110309840077,0.857123893434584,0.0));
#6326=AXIS2_PLACEMENT_3D('',#6323,#6324,#6325);
#6327=CYLINDRICAL_SURFACE('',#6326,0.055071857156447);
#6328=CARTESIAN_POINT('',(1.324124623970735,-1.592017828761274,1.009999999999997));
#6329=VERTEX_POINT('',#6328);
#6330=CARTESIAN_POINT('',(1.325324169276246,-1.647076620445442,1.009999999999997));
#6331=DIRECTION('',(0.0,0.0,1.0));
#6332=DIRECTION('',(0.515110309840077,0.857123893434584,0.0));
#6333=AXIS2_PLACEMENT_3D('',#6330,#6331,#6332);
#6334=CIRCLE('',#6333,0.055071857156447);
#6335=EDGE_CURVE('',#6296,#6329,#6334,.T.);
#6336=ORIENTED_EDGE('',*,*,#6335,.T.);
#6337=CARTESIAN_POINT('',(1.324124623970735,-1.592017828761274,0.999999999999997));
#6338=VERTEX_POINT('',#6337);
#6339=CARTESIAN_POINT('',(1.324124623970735,-1.592017828761274,0.999999999999997));
#6340=DIRECTION('',(0.0,0.0,1.0));
#6341=VECTOR('',#6340,0.01);
#6342=LINE('',#6339,#6341);
#6343=EDGE_CURVE('',#6338,#6329,#6342,.T.);
#6344=ORIENTED_EDGE('',*,*,#6343,.F.);
#6345=CARTESIAN_POINT('',(1.325324169276246,-1.647076620445442,0.999999999999997));
#6346=DIRECTION('',(0.0,0.0,1.0));
#6347=DIRECTION('',(0.515110309840077,0.857123893434584,0.0));
#6348=AXIS2_PLACEMENT_3D('',#6345,#6346,#6347);
#6349=CIRCLE('',#6348,0.055071857156447);
#6350=EDGE_CURVE('',#6305,#6338,#6349,.T.);
#6351=ORIENTED_EDGE('',*,*,#6350,.F.);
#6352=ORIENTED_EDGE('',*,*,#6310,.T.);
#6353=EDGE_LOOP('',(#6336,#6344,#6351,#6352));
#6354=FACE_OUTER_BOUND('',#6353,.T.);
#6355=ADVANCED_FACE('',(#6354),#6327,.F.);
#6356=CARTESIAN_POINT('',(1.324124623970735,-1.592017828761274,0.999999999999997));
#6357=DIRECTION('',(0.0,-1.0,0.0));
#6358=DIRECTION('',(0.0,0.0,-1.0));
#6359=AXIS2_PLACEMENT_3D('',#6356,#6357,#6358);
#6360=PLANE('',#6359);
#6361=CARTESIAN_POINT('',(0.976256485627064,-1.592017828761274,1.009999999999997));
#6362=VERTEX_POINT('',#6361);
#6363=CARTESIAN_POINT('',(1.324124623970735,-1.592017828761274,1.009999999999997));
#6364=DIRECTION('',(-1.0,0.0,0.0));
#6365=VECTOR('',#6364,0.347868138343671);
#6366=LINE('',#6363,#6365);
#6367=EDGE_CURVE('',#6329,#6362,#6366,.T.);
#6368=ORIENTED_EDGE('',*,*,#6367,.T.);
#6369=CARTESIAN_POINT('',(0.976256485627064,-1.592017828761274,0.999999999999997));
#6370=VERTEX_POINT('',#6369);
#6371=CARTESIAN_POINT('',(0.976256485627064,-1.592017828761274,0.999999999999997));
#6372=DIRECTION('',(0.0,0.0,1.0));
#6373=VECTOR('',#6372,0.01);
#6374=LINE('',#6371,#6373);
#6375=EDGE_CURVE('',#6370,#6362,#6374,.T.);
#6376=ORIENTED_EDGE('',*,*,#6375,.F.);
#6377=CARTESIAN_POINT('',(1.324124623970736,-1.592017828761274,0.999999999999997));
#6378=DIRECTION('',(-1.0,0.0,0.0));
#6379=VECTOR('',#6378,0.347868138343672);
#6380=LINE('',#6377,#6379);
#6381=EDGE_CURVE('',#6338,#6370,#6380,.T.);
#6382=ORIENTED_EDGE('',*,*,#6381,.F.);
#6383=ORIENTED_EDGE('',*,*,#6343,.T.);
#6384=EDGE_LOOP('',(#6368,#6376,#6382,#6383));
#6385=FACE_OUTER_BOUND('',#6384,.T.);
#6386=ADVANCED_FACE('',(#6385),#6360,.T.);
#6387=CARTESIAN_POINT('',(0.976256485627064,-1.592017828761274,0.999999999999997));
#6388=DIRECTION('',(-1.0,0.0,0.0));
#6389=DIRECTION('',(0.0,0.0,-1.0));
#6390=AXIS2_PLACEMENT_3D('',#6387,#6388,#6389);
#6391=PLANE('',#6390);
#6392=CARTESIAN_POINT('',(0.976256485627064,-1.503251476213944,1.009999999999997));
#6393=VERTEX_POINT('',#6392);
#6394=CARTESIAN_POINT('',(0.976256485627064,-1.592017828761274,1.009999999999997));
#6395=DIRECTION('',(0.0,1.0,0.0));
#6396=VECTOR('',#6395,0.08876635254733);
#6397=LINE('',#6394,#6396);
#6398=EDGE_CURVE('',#6362,#6393,#6397,.T.);
#6399=ORIENTED_EDGE('',*,*,#6398,.T.);
#6400=CARTESIAN_POINT('',(0.976256485627064,-1.503251476213944,0.999999999999997));
#6401=VERTEX_POINT('',#6400);
#6402=CARTESIAN_POINT('',(0.976256485627064,-1.503251476213944,0.999999999999997));
#6403=DIRECTION('',(0.0,0.0,1.0));
#6404=VECTOR('',#6403,0.01);
#6405=LINE('',#6402,#6404);
#6406=EDGE_CURVE('',#6401,#6393,#6405,.T.);
#6407=ORIENTED_EDGE('',*,*,#6406,.F.);
#6408=CARTESIAN_POINT('',(0.976256485627064,-1.592017828761273,0.999999999999997));
#6409=DIRECTION('',(0.0,1.0,0.0));
#6410=VECTOR('',#6409,0.088766352547329);
#6411=LINE('',#6408,#6410);
#6412=EDGE_CURVE('',#6370,#6401,#6411,.T.);
#6413=ORIENTED_EDGE('',*,*,#6412,.F.);
#6414=ORIENTED_EDGE('',*,*,#6375,.T.);
#6415=EDGE_LOOP('',(#6399,#6407,#6413,#6414));
#6416=FACE_OUTER_BOUND('',#6415,.T.);
#6417=ADVANCED_FACE('',(#6416),#6391,.T.);
#6418=CARTESIAN_POINT('',(0.976256485627064,-1.503251476213944,0.999999999999997));
#6419=DIRECTION('',(0.0,1.0,0.0));
#6420=DIRECTION('',(0.0,0.0,1.0));
#6421=AXIS2_PLACEMENT_3D('',#6418,#6419,#6420);
#6422=PLANE('',#6421);
#6423=CARTESIAN_POINT('',(1.451276426259484,-1.503251476213944,1.009999999999997));
#6424=VERTEX_POINT('',#6423);
#6425=CARTESIAN_POINT('',(0.976256485627064,-1.503251476213944,1.009999999999997));
#6426=DIRECTION('',(1.0,0.0,0.0));
#6427=VECTOR('',#6426,0.47501994063242);
#6428=LINE('',#6425,#6427);
#6429=EDGE_CURVE('',#6393,#6424,#6428,.T.);
#6430=ORIENTED_EDGE('',*,*,#6429,.T.);
#6431=CARTESIAN_POINT('',(1.451276426259484,-1.503251476213944,0.999999999999997));
#6432=VERTEX_POINT('',#6431);
#6433=CARTESIAN_POINT('',(1.451276426259484,-1.503251476213944,0.999999999999997));
#6434=DIRECTION('',(0.0,0.0,1.0));
#6435=VECTOR('',#6434,0.01);
#6436=LINE('',#6433,#6435);
#6437=EDGE_CURVE('',#6432,#6424,#6436,.T.);
#6438=ORIENTED_EDGE('',*,*,#6437,.F.);
#6439=CARTESIAN_POINT('',(0.976256485627064,-1.503251476213944,0.999999999999997));
#6440=DIRECTION('',(1.0,0.0,0.0));
#6441=VECTOR('',#6440,0.475019940632419);
#6442=LINE('',#6439,#6441);
#6443=EDGE_CURVE('',#6401,#6432,#6442,.T.);
#6444=ORIENTED_EDGE('',*,*,#6443,.F.);
#6445=ORIENTED_EDGE('',*,*,#6406,.T.);
#6446=EDGE_LOOP('',(#6430,#6438,#6444,#6445));
#6447=FACE_OUTER_BOUND('',#6446,.T.);
#6448=ADVANCED_FACE('',(#6447),#6422,.T.);
#6449=CARTESIAN_POINT('',(1.451276426259484,-1.503251476213944,0.999999999999997));
#6450=DIRECTION('',(1.0,0.0,0.0));
#6451=DIRECTION('',(0.0,0.0,1.0));
#6452=AXIS2_PLACEMENT_3D('',#6449,#6450,#6451);
#6453=PLANE('',#6452);
#6454=CARTESIAN_POINT('',(1.451276426259484,-1.589618738147638,1.009999999999997));
#6455=VERTEX_POINT('',#6454);
#6456=CARTESIAN_POINT('',(1.451276426259483,-1.503251476213945,1.009999999999997));
#6457=DIRECTION('',(0.0,-1.0,0.0));
#6458=VECTOR('',#6457,0.086367261933693);
#6459=LINE('',#6456,#6458);
#6460=EDGE_CURVE('',#6424,#6455,#6459,.T.);
#6461=ORIENTED_EDGE('',*,*,#6460,.T.);
#6462=CARTESIAN_POINT('',(1.451276426259484,-1.589618738147638,0.999999999999997));
#6463=VERTEX_POINT('',#6462);
#6464=CARTESIAN_POINT('',(1.451276426259484,-1.589618738147638,0.999999999999997));
#6465=DIRECTION('',(0.0,0.0,1.0));
#6466=VECTOR('',#6465,0.01);
#6467=LINE('',#6464,#6466);
#6468=EDGE_CURVE('',#6463,#6455,#6467,.T.);
#6469=ORIENTED_EDGE('',*,*,#6468,.F.);
#6470=CARTESIAN_POINT('',(1.451276426259483,-1.503251476213944,0.999999999999997));
#6471=DIRECTION('',(0.0,-1.0,0.0));
#6472=VECTOR('',#6471,0.086367261933692);
#6473=LINE('',#6470,#6472);
#6474=EDGE_CURVE('',#6432,#6463,#6473,.T.);
#6475=ORIENTED_EDGE('',*,*,#6474,.F.);
#6476=ORIENTED_EDGE('',*,*,#6437,.T.);
#6477=EDGE_LOOP('',(#6461,#6469,#6475,#6476));
#6478=FACE_OUTER_BOUND('',#6477,.T.);
#6479=ADVANCED_FACE('',(#6478),#6453,.T.);
#6480=CARTESIAN_POINT('',(1.451276426259484,-1.589618738147638,0.999999999999997));
#6481=DIRECTION('',(0.0,-1.0,0.0));
#6482=DIRECTION('',(0.0,0.0,-1.0));
#6483=AXIS2_PLACEMENT_3D('',#6480,#6481,#6482);
#6484=PLANE('',#6483);
#6485=CARTESIAN_POINT('',(1.405693704683464,-1.589618738147638,1.009999999999997));
#6486=VERTEX_POINT('',#6485);
#6487=CARTESIAN_POINT('',(1.451276426259484,-1.589618738147638,1.009999999999997));
#6488=DIRECTION('',(-1.0,0.0,0.0));
#6489=VECTOR('',#6488,0.04558272157602);
#6490=LINE('',#6487,#6489);
#6491=EDGE_CURVE('',#6455,#6486,#6490,.T.);
#6492=ORIENTED_EDGE('',*,*,#6491,.T.);
#6493=CARTESIAN_POINT('',(1.405693704683464,-1.589618738147638,0.999999999999997));
#6494=VERTEX_POINT('',#6493);
#6495=CARTESIAN_POINT('',(1.405693704683464,-1.589618738147638,0.999999999999997));
#6496=DIRECTION('',(0.0,0.0,1.0));
#6497=VECTOR('',#6496,0.01);
#6498=LINE('',#6495,#6497);
#6499=EDGE_CURVE('',#6494,#6486,#6498,.T.);
#6500=ORIENTED_EDGE('',*,*,#6499,.F.);
#6501=CARTESIAN_POINT('',(1.451276426259484,-1.589618738147638,0.999999999999997));
#6502=DIRECTION('',(-1.0,0.0,0.0));
#6503=VECTOR('',#6502,0.045582721576019);
#6504=LINE('',#6501,#6503);
#6505=EDGE_CURVE('',#6463,#6494,#6504,.T.);
#6506=ORIENTED_EDGE('',*,*,#6505,.F.);
#6507=ORIENTED_EDGE('',*,*,#6468,.T.);
#6508=EDGE_LOOP('',(#6492,#6500,#6506,#6507));
#6509=FACE_OUTER_BOUND('',#6508,.T.);
#6510=ADVANCED_FACE('',(#6509),#6484,.T.);
#6511=CARTESIAN_POINT('',(1.336855930617641,-1.689039876681993,0.999999999999997));
#6512=DIRECTION('',(0.0,0.0,1.0));
#6513=DIRECTION('',(0.843661487721128,0.536875492210413,0.0));
#6514=AXIS2_PLACEMENT_3D('',#6511,#6512,#6513);
#6515=CYLINDRICAL_SURFACE('',#6514,0.120926431874168);
#6516=CARTESIAN_POINT('',(1.336855930617641,-1.689039876681993,1.009999999999997));
#6517=DIRECTION('',(0.0,0.0,-1.0));
#6518=DIRECTION('',(0.843661487721128,0.536875492210413,0.0));
#6519=AXIS2_PLACEMENT_3D('',#6516,#6517,#6518);
#6520=CIRCLE('',#6519,0.120926431874168);
#6521=EDGE_CURVE('',#6486,#6062,#6520,.T.);
#6522=ORIENTED_EDGE('',*,*,#6521,.T.);
#6523=ORIENTED_EDGE('',*,*,#6093,.F.);
#6524=CARTESIAN_POINT('',(1.336855930617641,-1.689039876681993,0.999999999999997));
#6525=DIRECTION('',(0.0,0.0,-1.0));
#6526=DIRECTION('',(0.843661487721128,0.536875492210413,0.0));
#6527=AXIS2_PLACEMENT_3D('',#6524,#6525,#6526);
#6528=CIRCLE('',#6527,0.120926431874168);
#6529=EDGE_CURVE('',#6494,#6081,#6528,.T.);
#6530=ORIENTED_EDGE('',*,*,#6529,.F.);
#6531=ORIENTED_EDGE('',*,*,#6499,.T.);
#6532=EDGE_LOOP('',(#6522,#6523,#6530,#6531));
#6533=FACE_OUTER_BOUND('',#6532,.T.);
#6534=ADVANCED_FACE('',(#6533),#6515,.T.);
#6535=CARTESIAN_POINT('',(1.356752029961658,0.064962223457102,1.009999999999997));
#6536=DIRECTION('',(0.0,0.0,1.0));
#6537=DIRECTION('',(1.0,0.0,0.0));
#6538=AXIS2_PLACEMENT_3D('',#6535,#6536,#6537);
#6539=PLANE('',#6538);
#6540=ORIENTED_EDGE('',*,*,#6070,.F.);
#6541=ORIENTED_EDGE('',*,*,#6521,.F.);
#6542=ORIENTED_EDGE('',*,*,#6491,.F.);
#6543=ORIENTED_EDGE('',*,*,#6460,.F.);
#6544=ORIENTED_EDGE('',*,*,#6429,.F.);
#6545=ORIENTED_EDGE('',*,*,#6398,.F.);
#6546=ORIENTED_EDGE('',*,*,#6367,.F.);
#6547=ORIENTED_EDGE('',*,*,#6335,.F.);
#6548=ORIENTED_EDGE('',*,*,#6302,.F.);
#6549=ORIENTED_EDGE('',*,*,#6269,.F.);
#6550=ORIENTED_EDGE('',*,*,#6237,.F.);
#6551=ORIENTED_EDGE('',*,*,#6206,.F.);
#6552=ORIENTED_EDGE('',*,*,#6175,.F.);
#6553=ORIENTED_EDGE('',*,*,#6143,.F.);
#6554=ORIENTED_EDGE('',*,*,#6110,.F.);
#6555=EDGE_LOOP('',(#6540,#6541,#6542,#6543,#6544,#6545,#6546,#6547,#6548,#6549,#6550,#6551,#6552,#6553,#6554));
#6556=FACE_OUTER_BOUND('',#6555,.T.);
#6557=ADVANCED_FACE('',(#6556),#6539,.T.);
#6558=CARTESIAN_POINT('',(1.356752029961658,0.064962223457102,0.999999999999997));
#6559=DIRECTION('',(0.0,0.0,1.0));
#6560=DIRECTION('',(1.0,0.0,0.0));
#6561=AXIS2_PLACEMENT_3D('',#6558,#6559,#6560);
#6562=PLANE('',#6561);
#6563=ORIENTED_EDGE('',*,*,#6529,.T.);
#6564=ORIENTED_EDGE('',*,*,#6087,.T.);
#6565=ORIENTED_EDGE('',*,*,#6125,.T.);
#6566=ORIENTED_EDGE('',*,*,#6158,.T.);
#6567=ORIENTED_EDGE('',*,*,#6189,.T.);
#6568=ORIENTED_EDGE('',*,*,#6220,.T.);
#6569=ORIENTED_EDGE('',*,*,#6251,.T.);
#6570=ORIENTED_EDGE('',*,*,#6284,.T.);
#6571=ORIENTED_EDGE('',*,*,#6317,.T.);
#6572=ORIENTED_EDGE('',*,*,#6350,.T.);
#6573=ORIENTED_EDGE('',*,*,#6381,.T.);
#6574=ORIENTED_EDGE('',*,*,#6412,.T.);
#6575=ORIENTED_EDGE('',*,*,#6443,.T.);
#6576=ORIENTED_EDGE('',*,*,#6474,.T.);
#6577=ORIENTED_EDGE('',*,*,#6505,.T.);
#6578=EDGE_LOOP('',(#6563,#6564,#6565,#6566,#6567,#6568,#6569,#6570,#6571,#6572,#6573,#6574,#6575,#6576,#6577));
#6579=FACE_OUTER_BOUND('',#6578,.T.);
#6580=ADVANCED_FACE('',(#6579),#6562,.F.);
#6581=CLOSED_SHELL('',(#6097,#6130,#6163,#6194,#6225,#6256,#6289,#6322,#6355,#6386,#6417,#6448,#6479,#6510,#6534,#6557,#6580));
#6582=MANIFOLD_SOLID_BREP('69B',#6581);
#6583=STYLED_ITEM('NONE',(#159),#6582);
#6584=PRESENTATION_LAYER_ASSIGNMENT('3D_Logo','None',(#6582,#8068,#9265,#9793,#9944,#10033,#10693,#11221,#11372,#11461,#11612,#12500));
#6585=CARTESIAN_POINT('',(0.993152683782703,-1.176865533671804,0.999999999999997));
#6586=DIRECTION('',(-0.800537674708467,0.599282430388511,0.0));
#6587=DIRECTION('',(0.0,0.0,1.0));
#6588=AXIS2_PLACEMENT_3D('',#6585,#6586,#6587);
#6589=PLANE('',#6588);
#6590=CARTESIAN_POINT('',(0.993152683782703,-1.176865533671804,1.009999999999997));
#6591=VERTEX_POINT('',#6590);
#6592=CARTESIAN_POINT('',(0.995449210502243,-1.173797771181365,1.009999999999997));
#6593=VERTEX_POINT('',#6592);
#6594=CARTESIAN_POINT('',(0.99315268378273,-1.176865533671824,1.009999999999997));
#6595=DIRECTION('',(0.599282430388492,0.800537674708481,0.0));
#6596=VECTOR('',#6595,0.003832127564592);
#6597=LINE('',#6594,#6596);
#6598=EDGE_CURVE('',#6591,#6593,#6597,.T.);
#6599=ORIENTED_EDGE('',*,*,#6598,.T.);
#6600=CARTESIAN_POINT('',(0.995449210502243,-1.173797771181365,0.999999999999997));
#6601=VERTEX_POINT('',#6600);
#6602=CARTESIAN_POINT('',(0.995449210502243,-1.173797771181365,0.999999999999997));
#6603=DIRECTION('',(0.0,0.0,1.0));
#6604=VECTOR('',#6603,0.01);
#6605=LINE('',#6602,#6604);
#6606=EDGE_CURVE('',#6601,#6593,#6605,.T.);
#6607=ORIENTED_EDGE('',*,*,#6606,.F.);
#6608=CARTESIAN_POINT('',(0.993152683782703,-1.176865533671804,0.999999999999997));
#6609=VERTEX_POINT('',#6608);
#6610=CARTESIAN_POINT('',(0.99315268378273,-1.176865533671823,0.999999999999997));
#6611=DIRECTION('',(0.59928243038852,0.80053767470846,0.0));
#6612=VECTOR('',#6611,0.003832127564592);
#6613=LINE('',#6610,#6612);
#6614=EDGE_CURVE('',#6609,#6601,#6613,.T.);
#6615=ORIENTED_EDGE('',*,*,#6614,.F.);
#6616=CARTESIAN_POINT('',(0.993152683782703,-1.176865533671804,0.999999999999997));
#6617=DIRECTION('',(0.0,0.0,1.0));
#6618=VECTOR('',#6617,0.01);
#6619=LINE('',#6616,#6618);
#6620=EDGE_CURVE('',#6609,#6591,#6619,.T.);
#6621=ORIENTED_EDGE('',*,*,#6620,.T.);
#6622=EDGE_LOOP('',(#6599,#6607,#6615,#6621));
#6623=FACE_OUTER_BOUND('',#6622,.T.);
#6624=ADVANCED_FACE('',(#6623),#6589,.T.);
#6625=CARTESIAN_POINT('',(1.128455996245502,-1.294711829702373,0.999999999999997));
#6626=DIRECTION('',(0.0,0.0,1.0));
#6627=DIRECTION('',(-0.597526159208534,0.801849417946722,0.0));
#6628=AXIS2_PLACEMENT_3D('',#6625,#6626,#6627);
#6629=CYLINDRICAL_SURFACE('',#6628,0.179752648385107);
#6630=CARTESIAN_POINT('',(1.050619819425806,-1.132685460921295,1.009999999999997));
#6631=VERTEX_POINT('',#6630);
#6632=CARTESIAN_POINT('',(1.128455996245502,-1.294711829702373,1.009999999999997));
#6633=DIRECTION('',(0.0,0.0,-1.0));
#6634=DIRECTION('',(-0.597526159208534,0.801849417946722,0.0));
#6635=AXIS2_PLACEMENT_3D('',#6632,#6633,#6634);
#6636=CIRCLE('',#6635,0.179752648385107);
#6637=EDGE_CURVE('',#6593,#6631,#6636,.T.);
#6638=ORIENTED_EDGE('',*,*,#6637,.T.);
#6639=CARTESIAN_POINT('',(1.050619819425806,-1.132685460921295,0.999999999999997));
#6640=VERTEX_POINT('',#6639);
#6641=CARTESIAN_POINT('',(1.050619819425806,-1.132685460921295,0.999999999999997));
#6642=DIRECTION('',(0.0,0.0,1.0));
#6643=VECTOR('',#6642,0.01);
#6644=LINE('',#6641,#6643);
#6645=EDGE_CURVE('',#6640,#6631,#6644,.T.);
#6646=ORIENTED_EDGE('',*,*,#6645,.F.);
#6647=CARTESIAN_POINT('',(1.128455996245502,-1.294711829702373,0.999999999999997));
#6648=DIRECTION('',(0.0,0.0,-1.0));
#6649=DIRECTION('',(-0.597526159208534,0.801849417946722,0.0));
#6650=AXIS2_PLACEMENT_3D('',#6647,#6648,#6649);
#6651=CIRCLE('',#6650,0.179752648385107);
#6652=EDGE_CURVE('',#6601,#6640,#6651,.T.);
#6653=ORIENTED_EDGE('',*,*,#6652,.F.);
#6654=ORIENTED_EDGE('',*,*,#6606,.T.);
#6655=EDGE_LOOP('',(#6638,#6646,#6653,#6654));
#6656=FACE_OUTER_BOUND('',#6655,.T.);
#6657=ADVANCED_FACE('',(#6656),#6629,.T.);
#6658=CARTESIAN_POINT('',(1.199294174955809,-1.495167640143831,0.999999999999997));
#6659=DIRECTION('',(0.0,0.0,1.0));
#6660=DIRECTION('',(-0.300202428416167,0.953875517021501,0.0));
#6661=AXIS2_PLACEMENT_3D('',#6658,#6659,#6660);
#6662=CYLINDRICAL_SURFACE('',#6661,0.391787435025779);
#6663=CARTESIAN_POINT('',(1.113573309077455,-1.112872822759484,1.009999999999997));
#6664=VERTEX_POINT('',#6663);
#6665=CARTESIAN_POINT('',(1.199294174955809,-1.495167640143831,1.009999999999997));
#6666=DIRECTION('',(0.0,0.0,-1.0));
#6667=DIRECTION('',(-0.300202428416167,0.953875517021501,0.0));
#6668=AXIS2_PLACEMENT_3D('',#6665,#6666,#6667);
#6669=CIRCLE('',#6668,0.391787435025779);
#6670=EDGE_CURVE('',#6631,#6664,#6669,.T.);
#6671=ORIENTED_EDGE('',*,*,#6670,.T.);
#6672=CARTESIAN_POINT('',(1.113573309077455,-1.112872822759484,0.999999999999997));
#6673=VERTEX_POINT('',#6672);
#6674=CARTESIAN_POINT('',(1.113573309077455,-1.112872822759484,0.999999999999997));
#6675=DIRECTION('',(0.0,0.0,1.0));
#6676=VECTOR('',#6675,0.01);
#6677=LINE('',#6674,#6676);
#6678=EDGE_CURVE('',#6673,#6664,#6677,.T.);
#6679=ORIENTED_EDGE('',*,*,#6678,.F.);
#6680=CARTESIAN_POINT('',(1.199294174955809,-1.495167640143831,0.999999999999997));
#6681=DIRECTION('',(0.0,0.0,-1.0));
#6682=DIRECTION('',(-0.300202428416167,0.953875517021501,0.0));
#6683=AXIS2_PLACEMENT_3D('',#6680,#6681,#6682);
#6684=CIRCLE('',#6683,0.391787435025779);
#6685=EDGE_CURVE('',#6640,#6673,#6684,.T.);
#6686=ORIENTED_EDGE('',*,*,#6685,.F.);
#6687=ORIENTED_EDGE('',*,*,#6645,.T.);
#6688=EDGE_LOOP('',(#6671,#6679,#6686,#6687));
#6689=FACE_OUTER_BOUND('',#6688,.T.);
#6690=ADVANCED_FACE('',(#6689),#6662,.T.);
#6691=CARTESIAN_POINT('',(1.205991156174629,-1.561959928528366,0.999999999999997));
#6692=DIRECTION('',(0.0,0.0,1.0));
#6693=DIRECTION('',(-0.098697150346582,0.995117516936298,0.0));
#6694=AXIS2_PLACEMENT_3D('',#6691,#6692,#6693);
#6695=CYLINDRICAL_SURFACE('',#6694,0.458497859352858);
#6696=CARTESIAN_POINT('',(1.208394078639612,-1.103468365910485,1.009999999999997));
#6697=VERTEX_POINT('',#6696);
#6698=CARTESIAN_POINT('',(1.205991156174629,-1.561959928528366,1.009999999999997));
#6699=DIRECTION('',(0.0,0.0,-1.0));
#6700=DIRECTION('',(-0.098697150346582,0.995117516936298,0.0));
#6701=AXIS2_PLACEMENT_3D('',#6698,#6699,#6700);
#6702=CIRCLE('',#6701,0.458497859352858);
#6703=EDGE_CURVE('',#6664,#6697,#6702,.T.);
#6704=ORIENTED_EDGE('',*,*,#6703,.T.);
#6705=CARTESIAN_POINT('',(1.208394078639612,-1.103468365910485,0.999999999999997));
#6706=VERTEX_POINT('',#6705);
#6707=CARTESIAN_POINT('',(1.208394078639612,-1.103468365910485,0.999999999999997));
#6708=DIRECTION('',(0.0,0.0,1.0));
#6709=VECTOR('',#6708,0.01);
#6710=LINE('',#6707,#6709);
#6711=EDGE_CURVE('',#6706,#6697,#6710,.T.);
#6712=ORIENTED_EDGE('',*,*,#6711,.F.);
#6713=CARTESIAN_POINT('',(1.205991156174629,-1.561959928528366,0.999999999999997));
#6714=DIRECTION('',(0.0,0.0,-1.0));
#6715=DIRECTION('',(-0.098697150346582,0.995117516936298,0.0));
#6716=AXIS2_PLACEMENT_3D('',#6713,#6714,#6715);
#6717=CIRCLE('',#6716,0.458497859352858);
#6718=EDGE_CURVE('',#6673,#6706,#6717,.T.);
#6719=ORIENTED_EDGE('',*,*,#6718,.F.);
#6720=ORIENTED_EDGE('',*,*,#6678,.T.);
#6721=EDGE_LOOP('',(#6704,#6712,#6719,#6720));
#6722=FACE_OUTER_BOUND('',#6721,.T.);
#6723=ADVANCED_FACE('',(#6722),#6695,.T.);
#6724=CARTESIAN_POINT('',(1.217848122034284,-1.591991008252727,0.999999999999997));
#6725=DIRECTION('',(0.0,0.0,1.0));
#6726=DIRECTION('',(0.04742331068854,0.99887488185625,0.0));
#6727=AXIS2_PLACEMENT_3D('',#6724,#6725,#6726);
#6728=CYLINDRICAL_SURFACE('',#6727,0.488614112587527);
#6729=CARTESIAN_POINT('',(1.273542231755893,-1.106561387031479,1.009999999999997));
#6730=VERTEX_POINT('',#6729);
#6731=CARTESIAN_POINT('',(1.217848122034284,-1.591991008252727,1.009999999999997));
#6732=DIRECTION('',(0.0,0.0,-1.0));
#6733=DIRECTION('',(0.04742331068854,0.99887488185625,0.0));
#6734=AXIS2_PLACEMENT_3D('',#6731,#6732,#6733);
#6735=CIRCLE('',#6734,0.488614112587527);
#6736=EDGE_CURVE('',#6697,#6730,#6735,.T.);
#6737=ORIENTED_EDGE('',*,*,#6736,.T.);
#6738=CARTESIAN_POINT('',(1.273542231755893,-1.106561387031479,0.999999999999997));
#6739=VERTEX_POINT('',#6738);
#6740=CARTESIAN_POINT('',(1.273542231755893,-1.106561387031479,0.999999999999997));
#6741=DIRECTION('',(0.0,0.0,1.0));
#6742=VECTOR('',#6741,0.01);
#6743=LINE('',#6740,#6742);
#6744=EDGE_CURVE('',#6739,#6730,#6743,.T.);
#6745=ORIENTED_EDGE('',*,*,#6744,.F.);
#6746=CARTESIAN_POINT('',(1.217848122034284,-1.591991008252727,0.999999999999997));
#6747=DIRECTION('',(0.0,0.0,-1.0));
#6748=DIRECTION('',(0.04742331068854,0.99887488185625,0.0));
#6749=AXIS2_PLACEMENT_3D('',#6746,#6747,#6748);
#6750=CIRCLE('',#6749,0.488614112587527);
#6751=EDGE_CURVE('',#6706,#6739,#6750,.T.);
#6752=ORIENTED_EDGE('',*,*,#6751,.F.);
#6753=ORIENTED_EDGE('',*,*,#6711,.T.);
#6754=EDGE_LOOP('',(#6737,#6745,#6752,#6753));
#6755=FACE_OUTER_BOUND('',#6754,.T.);
#6756=ADVANCED_FACE('',(#6755),#6728,.T.);
#6757=CARTESIAN_POINT('',(1.198101662942293,-1.735433293275619,0.999999999999997));
#6758=DIRECTION('',(0.0,0.0,1.0));
#6759=DIRECTION('',(0.164497482783767,0.986377502864803,0.0));
#6760=AXIS2_PLACEMENT_3D('',#6757,#6758,#6759);
#6761=CYLINDRICAL_SURFACE('',#6760,0.633380733754149);
#6762=CARTESIAN_POINT('',(1.330821105664229,-1.116113744568849,1.009999999999997));
#6763=VERTEX_POINT('',#6762);
#6764=CARTESIAN_POINT('',(1.198101662942293,-1.735433293275619,1.009999999999997));
#6765=DIRECTION('',(0.0,0.0,-1.0));
#6766=DIRECTION('',(0.164497482783767,0.986377502864803,0.0));
#6767=AXIS2_PLACEMENT_3D('',#6764,#6765,#6766);
#6768=CIRCLE('',#6767,0.633380733754149);
#6769=EDGE_CURVE('',#6730,#6763,#6768,.T.);
#6770=ORIENTED_EDGE('',*,*,#6769,.T.);
#6771=CARTESIAN_POINT('',(1.330821105664229,-1.116113744568849,0.999999999999997));
#6772=VERTEX_POINT('',#6771);
#6773=CARTESIAN_POINT('',(1.330821105664229,-1.116113744568849,0.999999999999997));
#6774=DIRECTION('',(0.0,0.0,1.0));
#6775=VECTOR('',#6774,0.01);
#6776=LINE('',#6773,#6775);
#6777=EDGE_CURVE('',#6772,#6763,#6776,.T.);
#6778=ORIENTED_EDGE('',*,*,#6777,.F.);
#6779=CARTESIAN_POINT('',(1.198101662942293,-1.735433293275619,0.999999999999997));
#6780=DIRECTION('',(0.0,0.0,-1.0));
#6781=DIRECTION('',(0.164497482783767,0.986377502864803,0.0));
#6782=AXIS2_PLACEMENT_3D('',#6779,#6780,#6781);
#6783=CIRCLE('',#6782,0.633380733754149);
#6784=EDGE_CURVE('',#6739,#6772,#6783,.T.);
#6785=ORIENTED_EDGE('',*,*,#6784,.F.);
#6786=ORIENTED_EDGE('',*,*,#6744,.T.);
#6787=EDGE_LOOP('',(#6770,#6778,#6785,#6786));
#6788=FACE_OUTER_BOUND('',#6787,.T.);
#6789=ADVANCED_FACE('',(#6788),#6761,.T.);
#6790=CARTESIAN_POINT('',(1.253278621951285,-1.39722188654457,0.999999999999997));
#6791=DIRECTION('',(0.0,0.0,1.0));
#6792=DIRECTION('',(0.360801359484309,0.932642685595225,0.0));
#6793=AXIS2_PLACEMENT_3D('',#6790,#6791,#6792);
#6794=CYLINDRICAL_SURFACE('',#6793,0.291606968821816);
#6795=CARTESIAN_POINT('',(1.385109806495872,-1.137115825394516,1.009999999999997));
#6796=VERTEX_POINT('',#6795);
#6797=CARTESIAN_POINT('',(1.253278621951285,-1.39722188654457,1.009999999999997));
#6798=DIRECTION('',(0.0,0.0,-1.0));
#6799=DIRECTION('',(0.360801359484309,0.932642685595225,0.0));
#6800=AXIS2_PLACEMENT_3D('',#6797,#6798,#6799);
#6801=CIRCLE('',#6800,0.291606968821816);
#6802=EDGE_CURVE('',#6763,#6796,#6801,.T.);
#6803=ORIENTED_EDGE('',*,*,#6802,.T.);
#6804=CARTESIAN_POINT('',(1.385109806495872,-1.137115825394516,0.999999999999997));
#6805=VERTEX_POINT('',#6804);
#6806=CARTESIAN_POINT('',(1.385109806495872,-1.137115825394516,0.999999999999997));
#6807=DIRECTION('',(0.0,0.0,1.0));
#6808=VECTOR('',#6807,0.01);
#6809=LINE('',#6806,#6808);
#6810=EDGE_CURVE('',#6805,#6796,#6809,.T.);
#6811=ORIENTED_EDGE('',*,*,#6810,.F.);
#6812=CARTESIAN_POINT('',(1.253278621951285,-1.39722188654457,0.999999999999997));
#6813=DIRECTION('',(0.0,0.0,-1.0));
#6814=DIRECTION('',(0.360801359484309,0.932642685595225,0.0));
#6815=AXIS2_PLACEMENT_3D('',#6812,#6813,#6814);
#6816=CIRCLE('',#6815,0.291606968821816);
#6817=EDGE_CURVE('',#6772,#6805,#6816,.T.);
#6818=ORIENTED_EDGE('',*,*,#6817,.F.);
#6819=ORIENTED_EDGE('',*,*,#6777,.T.);
#6820=EDGE_LOOP('',(#6803,#6811,#6818,#6819));
#6821=FACE_OUTER_BOUND('',#6820,.T.);
#6822=ADVANCED_FACE('',(#6821),#6794,.T.);
#6823=CARTESIAN_POINT('',(1.315610672397541,-1.272876394851678,0.999999999999997));
#6824=DIRECTION('',(0.0,0.0,1.0));
#6825=DIRECTION('',(0.602932076880556,0.797792523572702,0.0));
#6826=AXIS2_PLACEMENT_3D('',#6823,#6824,#6825);
#6827=CYLINDRICAL_SURFACE('',#6826,0.152515775775831);
#6828=CARTESIAN_POINT('',(1.427246834197722,-1.168960903999793,1.009999999999997));
#6829=VERTEX_POINT('',#6828);
#6830=CARTESIAN_POINT('',(1.315610672397541,-1.272876394851678,1.009999999999997));
#6831=DIRECTION('',(0.0,0.0,-1.0));
#6832=DIRECTION('',(0.602932076880556,0.797792523572702,0.0));
#6833=AXIS2_PLACEMENT_3D('',#6830,#6831,#6832);
#6834=CIRCLE('',#6833,0.152515775775831);
#6835=EDGE_CURVE('',#6796,#6829,#6834,.T.);
#6836=ORIENTED_EDGE('',*,*,#6835,.T.);
#6837=CARTESIAN_POINT('',(1.427246834197722,-1.168960903999793,0.999999999999997));
#6838=VERTEX_POINT('',#6837);
#6839=CARTESIAN_POINT('',(1.427246834197722,-1.168960903999793,0.999999999999997));
#6840=DIRECTION('',(0.0,0.0,1.0));
#6841=VECTOR('',#6840,0.01);
#6842=LINE('',#6839,#6841);
#6843=EDGE_CURVE('',#6838,#6829,#6842,.T.);
#6844=ORIENTED_EDGE('',*,*,#6843,.F.);
#6845=CARTESIAN_POINT('',(1.315610672397541,-1.272876394851678,0.999999999999997));
#6846=DIRECTION('',(0.0,0.0,-1.0));
#6847=DIRECTION('',(0.602932076880556,0.797792523572702,0.0));
#6848=AXIS2_PLACEMENT_3D('',#6845,#6846,#6847);
#6849=CIRCLE('',#6848,0.152515775775831);
#6850=EDGE_CURVE('',#6805,#6838,#6849,.T.);
#6851=ORIENTED_EDGE('',*,*,#6850,.F.);
#6852=ORIENTED_EDGE('',*,*,#6810,.T.);
#6853=EDGE_LOOP('',(#6836,#6844,#6851,#6852));
#6854=FACE_OUTER_BOUND('',#6853,.T.);
#6855=ADVANCED_FACE('',(#6854),#6827,.T.);
#6856=CARTESIAN_POINT('',(1.347489213536554,-1.24633284125956,0.999999999999997));
#6857=DIRECTION('',(0.0,0.0,1.0));
#6858=DIRECTION('',(0.823316120710938,0.567583091165948,0.0));
#6859=AXIS2_PLACEMENT_3D('',#6856,#6857,#6858);
#6860=CYLINDRICAL_SURFACE('',#6859,0.11112018146583);
#6861=CARTESIAN_POINT('',(1.448170769368077,-1.199312430326526,1.009999999999997));
#6862=VERTEX_POINT('',#6861);
#6863=CARTESIAN_POINT('',(1.347489213536554,-1.24633284125956,1.009999999999997));
#6864=DIRECTION('',(0.0,0.0,-1.0));
#6865=DIRECTION('',(0.823316120710938,0.567583091165948,0.0));
#6866=AXIS2_PLACEMENT_3D('',#6863,#6864,#6865);
#6867=CIRCLE('',#6866,0.11112018146583);
#6868=EDGE_CURVE('',#6829,#6862,#6867,.T.);
#6869=ORIENTED_EDGE('',*,*,#6868,.T.);
#6870=CARTESIAN_POINT('',(1.448170769368077,-1.199312430326526,0.999999999999997));
#6871=VERTEX_POINT('',#6870);
#6872=CARTESIAN_POINT('',(1.448170769368077,-1.199312430326526,0.999999999999997));
#6873=DIRECTION('',(0.0,0.0,1.0));
#6874=VECTOR('',#6873,0.01);
#6875=LINE('',#6872,#6874);
#6876=EDGE_CURVE('',#6871,#6862,#6875,.T.);
#6877=ORIENTED_EDGE('',*,*,#6876,.F.);
#6878=CARTESIAN_POINT('',(1.347489213536554,-1.24633284125956,0.999999999999997));
#6879=DIRECTION('',(0.0,0.0,-1.0));
#6880=DIRECTION('',(0.823316120710938,0.567583091165948,0.0));
#6881=AXIS2_PLACEMENT_3D('',#6878,#6879,#6880);
#6882=CIRCLE('',#6881,0.11112018146583);
#6883=EDGE_CURVE('',#6838,#6871,#6882,.T.);
#6884=ORIENTED_EDGE('',*,*,#6883,.F.);
#6885=ORIENTED_EDGE('',*,*,#6843,.T.);
#6886=EDGE_LOOP('',(#6869,#6877,#6884,#6885));
#6887=FACE_OUTER_BOUND('',#6886,.T.);
#6888=ADVANCED_FACE('',(#6887),#6860,.T.);
#6889=CARTESIAN_POINT('',(1.284088469153029,-1.267592751870407,0.999999999999997));
#6890=DIRECTION('',(0.0,0.0,1.0));
#6891=DIRECTION('',(0.978850032023659,0.204579116254033,0.0));
#6892=AXIS2_PLACEMENT_3D('',#6889,#6890,#6891);
#6893=CYLINDRICAL_SURFACE('',#6892,0.17772226521771);
#6894=CARTESIAN_POINT('',(1.461782802136356,-1.264441945773908,1.009999999999997));
#6895=VERTEX_POINT('',#6894);
#6896=CARTESIAN_POINT('',(1.284088469153029,-1.267592751870407,1.009999999999997));
#6897=DIRECTION('',(0.0,0.0,-1.0));
#6898=DIRECTION('',(0.978850032023659,0.204579116254033,0.0));
#6899=AXIS2_PLACEMENT_3D('',#6896,#6897,#6898);
#6900=CIRCLE('',#6899,0.17772226521771);
#6901=EDGE_CURVE('',#6862,#6895,#6900,.T.);
#6902=ORIENTED_EDGE('',*,*,#6901,.T.);
#6903=CARTESIAN_POINT('',(1.461782802136356,-1.264441945773908,0.999999999999997));
#6904=VERTEX_POINT('',#6903);
#6905=CARTESIAN_POINT('',(1.461782802136356,-1.264441945773908,0.999999999999997));
#6906=DIRECTION('',(0.0,0.0,1.0));
#6907=VECTOR('',#6906,0.01);
#6908=LINE('',#6905,#6907);
#6909=EDGE_CURVE('',#6904,#6895,#6908,.T.);
#6910=ORIENTED_EDGE('',*,*,#6909,.F.);
#6911=CARTESIAN_POINT('',(1.284088469153029,-1.267592751870407,0.999999999999997));
#6912=DIRECTION('',(0.0,0.0,-1.0));
#6913=DIRECTION('',(0.978850032023659,0.204579116254033,0.0));
#6914=AXIS2_PLACEMENT_3D('',#6911,#6912,#6913);
#6915=CIRCLE('',#6914,0.17772226521771);
#6916=EDGE_CURVE('',#6871,#6904,#6915,.T.);
#6917=ORIENTED_EDGE('',*,*,#6916,.F.);
#6918=ORIENTED_EDGE('',*,*,#6876,.T.);
#6919=EDGE_LOOP('',(#6902,#6910,#6917,#6918));
#6920=FACE_OUTER_BOUND('',#6919,.T.);
#6921=ADVANCED_FACE('',(#6920),#6893,.T.);
#6922=CARTESIAN_POINT('',(1.284088469182531,-1.261291139672147,0.999999999999997));
#6923=DIRECTION('',(0.0,0.0,1.0));
#6924=DIRECTION('',(0.978850032016565,-0.204579116287979,0.0));
#6925=AXIS2_PLACEMENT_3D('',#6922,#6923,#6924);
#6926=CYLINDRICAL_SURFACE('',#6925,0.177722265188222);
#6927=CARTESIAN_POINT('',(1.448170769368077,-1.329571461211281,1.009999999999997));
#6928=VERTEX_POINT('',#6927);
#6929=CARTESIAN_POINT('',(1.284088469182531,-1.261291139672147,1.009999999999997));
#6930=DIRECTION('',(0.0,0.0,-1.0));
#6931=DIRECTION('',(0.978850032016565,-0.204579116287979,0.0));
#6932=AXIS2_PLACEMENT_3D('',#6929,#6930,#6931);
#6933=CIRCLE('',#6932,0.177722265188222);
#6934=EDGE_CURVE('',#6895,#6928,#6933,.T.);
#6935=ORIENTED_EDGE('',*,*,#6934,.T.);
#6936=CARTESIAN_POINT('',(1.448170769368077,-1.329571461211281,0.999999999999997));
#6937=VERTEX_POINT('',#6936);
#6938=CARTESIAN_POINT('',(1.448170769368077,-1.329571461211281,0.999999999999997));
#6939=DIRECTION('',(0.0,0.0,1.0));
#6940=VECTOR('',#6939,0.01);
#6941=LINE('',#6938,#6940);
#6942=EDGE_CURVE('',#6937,#6928,#6941,.T.);
#6943=ORIENTED_EDGE('',*,*,#6942,.F.);
#6944=CARTESIAN_POINT('',(1.284088469182531,-1.261291139672147,0.999999999999997));
#6945=DIRECTION('',(0.0,0.0,-1.0));
#6946=DIRECTION('',(0.978850032016565,-0.204579116287979,0.0));
#6947=AXIS2_PLACEMENT_3D('',#6944,#6945,#6946);
#6948=CIRCLE('',#6947,0.177722265188222);
#6949=EDGE_CURVE('',#6904,#6937,#6948,.T.);
#6950=ORIENTED_EDGE('',*,*,#6949,.F.);
#6951=ORIENTED_EDGE('',*,*,#6909,.T.);
#6952=EDGE_LOOP('',(#6935,#6943,#6950,#6951));
#6953=FACE_OUTER_BOUND('',#6952,.T.);
#6954=ADVANCED_FACE('',(#6953),#6926,.T.);
#6955=CARTESIAN_POINT('',(1.347489213503898,-1.282551050283513,0.999999999999997));
#6956=DIRECTION('',(0.0,0.0,1.0));
#6957=DIRECTION('',(0.823316120809495,-0.567583091022984,0.0));
#6958=AXIS2_PLACEMENT_3D('',#6955,#6956,#6957);
#6959=CYLINDRICAL_SURFACE('',#6958,0.111120181493819);
#6960=CARTESIAN_POINT('',(1.427246834197722,-1.359922987548548,1.009999999999997));
#6961=VERTEX_POINT('',#6960);
#6962=CARTESIAN_POINT('',(1.347489213503898,-1.282551050283513,1.009999999999997));
#6963=DIRECTION('',(0.0,0.0,-1.0));
#6964=DIRECTION('',(0.823316120809495,-0.567583091022984,0.0));
#6965=AXIS2_PLACEMENT_3D('',#6962,#6963,#6964);
#6966=CIRCLE('',#6965,0.111120181493819);
#6967=EDGE_CURVE('',#6928,#6961,#6966,.T.);
#6968=ORIENTED_EDGE('',*,*,#6967,.T.);
#6969=CARTESIAN_POINT('',(1.427246834197722,-1.359922987548548,0.999999999999997));
#6970=VERTEX_POINT('',#6969);
#6971=CARTESIAN_POINT('',(1.427246834197722,-1.359922987548548,0.999999999999997));
#6972=DIRECTION('',(0.0,0.0,1.0));
#6973=VECTOR('',#6972,0.01);
#6974=LINE('',#6971,#6973);
#6975=EDGE_CURVE('',#6970,#6961,#6974,.T.);
#6976=ORIENTED_EDGE('',*,*,#6975,.F.);
#6977=CARTESIAN_POINT('',(1.347489213503898,-1.282551050283513,0.999999999999997));
#6978=DIRECTION('',(0.0,0.0,-1.0));
#6979=DIRECTION('',(0.823316120809495,-0.567583091022984,0.0));
#6980=AXIS2_PLACEMENT_3D('',#6977,#6978,#6979);
#6981=CIRCLE('',#6980,0.111120181493819);
#6982=EDGE_CURVE('',#6937,#6970,#6981,.T.);
#6983=ORIENTED_EDGE('',*,*,#6982,.F.);
#6984=ORIENTED_EDGE('',*,*,#6942,.T.);
#6985=EDGE_LOOP('',(#6968,#6976,#6983,#6984));
#6986=FACE_OUTER_BOUND('',#6985,.T.);
#6987=ADVANCED_FACE('',(#6986),#6959,.T.);
#6988=CARTESIAN_POINT('',(1.315610672413864,-1.256007496696127,0.999999999999997));
#6989=DIRECTION('',(0.0,0.0,1.0));
#6990=DIRECTION('',(0.602932076812598,-0.797792523624061,0.0));
#6991=AXIS2_PLACEMENT_3D('',#6988,#6989,#6990);
#6992=CYLINDRICAL_SURFACE('',#6991,0.152515775766013);
#6993=CARTESIAN_POINT('',(1.385109806495872,-1.391768066153831,1.009999999999997));
#6994=VERTEX_POINT('',#6993);
#6995=CARTESIAN_POINT('',(1.315610672413864,-1.256007496696127,1.009999999999997));
#6996=DIRECTION('',(0.0,0.0,-1.0));
#6997=DIRECTION('',(0.602932076812598,-0.797792523624061,0.0));
#6998=AXIS2_PLACEMENT_3D('',#6995,#6996,#6997);
#6999=CIRCLE('',#6998,0.152515775766013);
#7000=EDGE_CURVE('',#6961,#6994,#6999,.T.);
#7001=ORIENTED_EDGE('',*,*,#7000,.T.);
#7002=CARTESIAN_POINT('',(1.385109806495872,-1.391768066153831,0.999999999999997));
#7003=VERTEX_POINT('',#7002);
#7004=CARTESIAN_POINT('',(1.385109806495872,-1.391768066153831,0.999999999999997));
#7005=DIRECTION('',(0.0,0.0,1.0));
#7006=VECTOR('',#7005,0.01);
#7007=LINE('',#7004,#7006);
#7008=EDGE_CURVE('',#7003,#6994,#7007,.T.);
#7009=ORIENTED_EDGE('',*,*,#7008,.F.);
#7010=CARTESIAN_POINT('',(1.315610672413864,-1.256007496696127,0.999999999999997));
#7011=DIRECTION('',(0.0,0.0,-1.0));
#7012=DIRECTION('',(0.602932076812598,-0.797792523624061,0.0));
#7013=AXIS2_PLACEMENT_3D('',#7010,#7011,#7012);
#7014=CIRCLE('',#7013,0.152515775766013);
#7015=EDGE_CURVE('',#6970,#7003,#7014,.T.);
#7016=ORIENTED_EDGE('',*,*,#7015,.F.);
#7017=ORIENTED_EDGE('',*,*,#6975,.T.);
#7018=EDGE_LOOP('',(#7001,#7009,#7016,#7017));
#7019=FACE_OUTER_BOUND('',#7018,.T.);
#7020=ADVANCED_FACE('',(#7019),#6992,.T.);
#7021=CARTESIAN_POINT('',(1.253278621978407,-1.131662004997994,0.999999999999997));
#7022=DIRECTION('',(0.0,0.0,1.0));
#7023=DIRECTION('',(0.360801359400041,-0.932642685627825,0.0));
#7024=AXIS2_PLACEMENT_3D('',#7021,#7022,#7023);
#7025=CYLINDRICAL_SURFACE('',#7024,0.291606968811624);
#7026=CARTESIAN_POINT('',(1.330821105664229,-1.412770146973702,1.009999999999997));
#7027=VERTEX_POINT('',#7026);
#7028=CARTESIAN_POINT('',(1.253278621978407,-1.131662004997994,1.009999999999997));
#7029=DIRECTION('',(0.0,0.0,-1.0));
#7030=DIRECTION('',(0.360801359400041,-0.932642685627825,0.0));
#7031=AXIS2_PLACEMENT_3D('',#7028,#7029,#7030);
#7032=CIRCLE('',#7031,0.291606968811624);
#7033=EDGE_CURVE('',#6994,#7027,#7032,.T.);
#7034=ORIENTED_EDGE('',*,*,#7033,.T.);
#7035=CARTESIAN_POINT('',(1.330821105664229,-1.412770146973702,0.999999999999997));
#7036=VERTEX_POINT('',#7035);
#7037=CARTESIAN_POINT('',(1.330821105664229,-1.412770146973702,0.999999999999997));
#7038=DIRECTION('',(0.0,0.0,1.0));
#7039=VECTOR('',#7038,0.01);
#7040=LINE('',#7037,#7039);
#7041=EDGE_CURVE('',#7036,#7027,#7040,.T.);
#7042=ORIENTED_EDGE('',*,*,#7041,.F.);
#7043=CARTESIAN_POINT('',(1.253278621978407,-1.131662004997994,0.999999999999997));
#7044=DIRECTION('',(0.0,0.0,-1.0));
#7045=DIRECTION('',(0.360801359400041,-0.932642685627825,0.0));
#7046=AXIS2_PLACEMENT_3D('',#7043,#7044,#7045);
#7047=CIRCLE('',#7046,0.291606968811624);
#7048=EDGE_CURVE('',#7003,#7036,#7047,.T.);
#7049=ORIENTED_EDGE('',*,*,#7048,.F.);
#7050=ORIENTED_EDGE('',*,*,#7008,.T.);
#7051=EDGE_LOOP('',(#7034,#7042,#7049,#7050));
#7052=FACE_OUTER_BOUND('',#7051,.T.);
#7053=ADVANCED_FACE('',(#7052),#7025,.T.);
#7054=CARTESIAN_POINT('',(1.198101662942294,-0.793450598261652,0.999999999999997));
#7055=DIRECTION('',(0.0,0.0,1.0));
#7056=DIRECTION('',(0.164497482783765,-0.986377502864803,0.0));
#7057=AXIS2_PLACEMENT_3D('',#7054,#7055,#7056);
#7058=CYLINDRICAL_SURFACE('',#7057,0.633380733754149);
#7059=CARTESIAN_POINT('',(1.273542231755893,-1.422322504511601,1.009999999999997));
#7060=VERTEX_POINT('',#7059);
#7061=CARTESIAN_POINT('',(1.198101662942294,-0.793450598261652,1.009999999999997));
#7062=DIRECTION('',(0.0,0.0,-1.0));
#7063=DIRECTION('',(0.164497482783765,-0.986377502864803,0.0));
#7064=AXIS2_PLACEMENT_3D('',#7061,#7062,#7063);
#7065=CIRCLE('',#7064,0.633380733754149);
#7066=EDGE_CURVE('',#7027,#7060,#7065,.T.);
#7067=ORIENTED_EDGE('',*,*,#7066,.T.);
#7068=CARTESIAN_POINT('',(1.273542231755893,-1.422322504511601,0.999999999999997));
#7069=VERTEX_POINT('',#7068);
#7070=CARTESIAN_POINT('',(1.273542231755893,-1.422322504511601,0.999999999999997));
#7071=DIRECTION('',(0.0,0.0,1.0));
#7072=VECTOR('',#7071,0.01);
#7073=LINE('',#7070,#7072);
#7074=EDGE_CURVE('',#7069,#7060,#7073,.T.);
#7075=ORIENTED_EDGE('',*,*,#7074,.F.);
#7076=CARTESIAN_POINT('',(1.198101662942294,-0.793450598261652,0.999999999999997));
#7077=DIRECTION('',(0.0,0.0,-1.0));
#7078=DIRECTION('',(0.164497482783765,-0.986377502864803,0.0));
#7079=AXIS2_PLACEMENT_3D('',#7076,#7077,#7078);
#7080=CIRCLE('',#7079,0.633380733754149);
#7081=EDGE_CURVE('',#7036,#7069,#7080,.T.);
#7082=ORIENTED_EDGE('',*,*,#7081,.F.);
#7083=ORIENTED_EDGE('',*,*,#7041,.T.);
#7084=EDGE_LOOP('',(#7067,#7075,#7082,#7083));
#7085=FACE_OUTER_BOUND('',#7084,.T.);
#7086=ADVANCED_FACE('',(#7085),#7058,.T.);
#7087=CARTESIAN_POINT('',(1.217848122034284,-0.936892883284542,0.999999999999997));
#7088=DIRECTION('',(0.0,0.0,1.0));
#7089=DIRECTION('',(0.047423310688537,-0.998874881856251,0.0));
#7090=AXIS2_PLACEMENT_3D('',#7087,#7088,#7089);
#7091=CYLINDRICAL_SURFACE('',#7090,0.488614112587527);
#7092=CARTESIAN_POINT('',(1.208394078639612,-1.425415525632581,1.009999999999997));
#7093=VERTEX_POINT('',#7092);
#7094=CARTESIAN_POINT('',(1.217848122034284,-0.936892883284542,1.009999999999997));
#7095=DIRECTION('',(0.0,0.0,-1.0));
#7096=DIRECTION('',(0.047423310688537,-0.998874881856251,0.0));
#7097=AXIS2_PLACEMENT_3D('',#7094,#7095,#7096);
#7098=CIRCLE('',#7097,0.488614112587527);
#7099=EDGE_CURVE('',#7060,#7093,#7098,.T.);
#7100=ORIENTED_EDGE('',*,*,#7099,.T.);
#7101=CARTESIAN_POINT('',(1.208394078639612,-1.425415525632581,0.999999999999997));
#7102=VERTEX_POINT('',#7101);
#7103=CARTESIAN_POINT('',(1.208394078639612,-1.425415525632581,0.999999999999997));
#7104=DIRECTION('',(0.0,0.0,1.0));
#7105=VECTOR('',#7104,0.01);
#7106=LINE('',#7103,#7105);
#7107=EDGE_CURVE('',#7102,#7093,#7106,.T.);
#7108=ORIENTED_EDGE('',*,*,#7107,.F.);
#7109=CARTESIAN_POINT('',(1.217848122034284,-0.936892883284542,0.999999999999997));
#7110=DIRECTION('',(0.0,0.0,-1.0));
#7111=DIRECTION('',(0.047423310688537,-0.998874881856251,0.0));
#7112=AXIS2_PLACEMENT_3D('',#7109,#7110,#7111);
#7113=CIRCLE('',#7112,0.488614112587527);
#7114=EDGE_CURVE('',#7069,#7102,#7113,.T.);
#7115=ORIENTED_EDGE('',*,*,#7114,.F.);
#7116=ORIENTED_EDGE('',*,*,#7074,.T.);
#7117=EDGE_LOOP('',(#7100,#7108,#7115,#7116));
#7118=FACE_OUTER_BOUND('',#7117,.T.);
#7119=ADVANCED_FACE('',(#7118),#7091,.T.);
#7120=CARTESIAN_POINT('',(1.205991156120642,-0.966923963014175,0.999999999999997));
#7121=DIRECTION('',(0.0,0.0,1.0));
#7122=DIRECTION('',(-0.098697150229374,-0.995117516947923,0.0));
#7123=AXIS2_PLACEMENT_3D('',#7120,#7121,#7122);
#7124=CYLINDRICAL_SURFACE('',#7123,0.458497859347502);
#7125=CARTESIAN_POINT('',(1.113573309077455,-1.416011068788328,1.009999999999997));
#7126=VERTEX_POINT('',#7125);
#7127=CARTESIAN_POINT('',(1.205991156120642,-0.966923963014175,1.009999999999997));
#7128=DIRECTION('',(0.0,0.0,-1.0));
#7129=DIRECTION('',(-0.098697150229374,-0.995117516947923,0.0));
#7130=AXIS2_PLACEMENT_3D('',#7127,#7128,#7129);
#7131=CIRCLE('',#7130,0.458497859347502);
#7132=EDGE_CURVE('',#7093,#7126,#7131,.T.);
#7133=ORIENTED_EDGE('',*,*,#7132,.T.);
#7134=CARTESIAN_POINT('',(1.113573309077455,-1.416011068788328,0.999999999999997));
#7135=VERTEX_POINT('',#7134);
#7136=CARTESIAN_POINT('',(1.113573309077455,-1.416011068788328,0.999999999999997));
#7137=DIRECTION('',(0.0,0.0,1.0));
#7138=VECTOR('',#7137,0.01);
#7139=LINE('',#7136,#7138);
#7140=EDGE_CURVE('',#7135,#7126,#7139,.T.);
#7141=ORIENTED_EDGE('',*,*,#7140,.F.);
#7142=CARTESIAN_POINT('',(1.205991156120642,-0.966923963014175,0.999999999999997));
#7143=DIRECTION('',(0.0,0.0,-1.0));
#7144=DIRECTION('',(-0.098697150229374,-0.995117516947923,0.0));
#7145=AXIS2_PLACEMENT_3D('',#7142,#7143,#7144);
#7146=CIRCLE('',#7145,0.458497859347502);
#7147=EDGE_CURVE('',#7102,#7135,#7146,.T.);
#7148=ORIENTED_EDGE('',*,*,#7147,.F.);
#7149=ORIENTED_EDGE('',*,*,#7107,.T.);
#7150=EDGE_LOOP('',(#7133,#7141,#7148,#7149));
#7151=FACE_OUTER_BOUND('',#7150,.T.);
#7152=ADVANCED_FACE('',(#7151),#7124,.T.);
#7153=CARTESIAN_POINT('',(1.199294174991095,-1.033716251403978,0.999999999999997));
#7154=DIRECTION('',(0.0,0.0,1.0));
#7155=DIRECTION('',(-0.300202428493914,-0.953875516997033,0.0));
#7156=AXIS2_PLACEMENT_3D('',#7153,#7154,#7155);
#7157=CYLINDRICAL_SURFACE('',#7156,0.391787435035828);
#7158=CARTESIAN_POINT('',(1.050619819425806,-1.396198430621781,1.009999999999997));
#7159=VERTEX_POINT('',#7158);
#7160=CARTESIAN_POINT('',(1.199294174991095,-1.033716251403978,1.009999999999997));
#7161=DIRECTION('',(0.0,0.0,-1.0));
#7162=DIRECTION('',(-0.300202428493914,-0.953875516997033,0.0));
#7163=AXIS2_PLACEMENT_3D('',#7160,#7161,#7162);
#7164=CIRCLE('',#7163,0.391787435035828);
#7165=EDGE_CURVE('',#7126,#7159,#7164,.T.);
#7166=ORIENTED_EDGE('',*,*,#7165,.T.);
#7167=CARTESIAN_POINT('',(1.050619819425806,-1.396198430621781,0.999999999999997));
#7168=VERTEX_POINT('',#7167);
#7169=CARTESIAN_POINT('',(1.050619819425806,-1.396198430621781,0.999999999999997));
#7170=DIRECTION('',(0.0,0.0,1.0));
#7171=VECTOR('',#7170,0.01);
#7172=LINE('',#7169,#7171);
#7173=EDGE_CURVE('',#7168,#7159,#7172,.T.);
#7174=ORIENTED_EDGE('',*,*,#7173,.F.);
#7175=CARTESIAN_POINT('',(1.199294174991095,-1.033716251403978,0.999999999999997));
#7176=DIRECTION('',(0.0,0.0,-1.0));
#7177=DIRECTION('',(-0.300202428493914,-0.953875516997033,0.0));
#7178=AXIS2_PLACEMENT_3D('',#7175,#7176,#7177);
#7179=CIRCLE('',#7178,0.391787435035828);
#7180=EDGE_CURVE('',#7135,#7168,#7179,.T.);
#7181=ORIENTED_EDGE('',*,*,#7180,.F.);
#7182=ORIENTED_EDGE('',*,*,#7140,.T.);
#7183=EDGE_LOOP('',(#7166,#7174,#7181,#7182));
#7184=FACE_OUTER_BOUND('',#7183,.T.);
#7185=ADVANCED_FACE('',(#7184),#7157,.T.);
#7186=CARTESIAN_POINT('',(1.128455996272888,-1.234172061840162,0.999999999999997));
#7187=DIRECTION('',(0.0,0.0,1.0));
#7188=DIRECTION('',(-0.597526159313931,-0.801849417868182,0.0));
#7189=AXIS2_PLACEMENT_3D('',#7186,#7187,#7188);
#7190=CYLINDRICAL_SURFACE('',#7189,0.179752648402712);
#7191=CARTESIAN_POINT('',(0.995449210502243,-1.355086120350118,1.009999999999997));
#7192=VERTEX_POINT('',#7191);
#7193=CARTESIAN_POINT('',(1.128455996272888,-1.234172061840162,1.009999999999997));
#7194=DIRECTION('',(0.0,0.0,-1.0));
#7195=DIRECTION('',(-0.597526159313931,-0.801849417868182,0.0));
#7196=AXIS2_PLACEMENT_3D('',#7193,#7194,#7195);
#7197=CIRCLE('',#7196,0.179752648402712);
#7198=EDGE_CURVE('',#7159,#7192,#7197,.T.);
#7199=ORIENTED_EDGE('',*,*,#7198,.T.);
#7200=CARTESIAN_POINT('',(0.995449210502243,-1.355086120350118,0.999999999999997));
#7201=VERTEX_POINT('',#7200);
#7202=CARTESIAN_POINT('',(0.995449210502243,-1.355086120350118,0.999999999999997));
#7203=DIRECTION('',(0.0,0.0,1.0));
#7204=VECTOR('',#7203,0.01);
#7205=LINE('',#7202,#7204);
#7206=EDGE_CURVE('',#7201,#7192,#7205,.T.);
#7207=ORIENTED_EDGE('',*,*,#7206,.F.);
#7208=CARTESIAN_POINT('',(1.128455996272888,-1.234172061840162,0.999999999999997));
#7209=DIRECTION('',(0.0,0.0,-1.0));
#7210=DIRECTION('',(-0.597526159313931,-0.801849417868182,0.0));
#7211=AXIS2_PLACEMENT_3D('',#7208,#7209,#7210);
#7212=CIRCLE('',#7211,0.179752648402712);
#7213=EDGE_CURVE('',#7168,#7201,#7212,.T.);
#7214=ORIENTED_EDGE('',*,*,#7213,.F.);
#7215=ORIENTED_EDGE('',*,*,#7173,.T.);
#7216=EDGE_LOOP('',(#7199,#7207,#7214,#7215));
#7217=FACE_OUTER_BOUND('',#7216,.T.);
#7218=ADVANCED_FACE('',(#7217),#7190,.T.);
#7219=CARTESIAN_POINT('',(0.995449210502243,-1.355086120350118,0.999999999999997));
#7220=DIRECTION('',(-0.800537674179972,-0.599282431094489,0.0));
#7221=DIRECTION('',(0.0,0.0,-1.0));
#7222=AXIS2_PLACEMENT_3D('',#7219,#7220,#7221);
#7223=PLANE('',#7222);
#7224=CARTESIAN_POINT('',(0.993152683782703,-1.352018357871262,1.009999999999997));
#7225=VERTEX_POINT('',#7224);
#7226=CARTESIAN_POINT('',(0.995449210502299,-1.355086120350076,1.009999999999997));
#7227=DIRECTION('',(-0.599282431094496,0.800537674179967,0.0));
#7228=VECTOR('',#7227,0.00383212755532);
#7229=LINE('',#7226,#7228);
#7230=EDGE_CURVE('',#7192,#7225,#7229,.T.);
#7231=ORIENTED_EDGE('',*,*,#7230,.T.);
#7232=CARTESIAN_POINT('',(0.993152683782703,-1.352018357871262,0.999999999999997));
#7233=VERTEX_POINT('',#7232);
#7234=CARTESIAN_POINT('',(0.993152683782703,-1.352018357871262,0.999999999999997));
#7235=DIRECTION('',(0.0,0.0,1.0));
#7236=VECTOR('',#7235,0.01);
#7237=LINE('',#7234,#7236);
#7238=EDGE_CURVE('',#7233,#7225,#7237,.T.);
#7239=ORIENTED_EDGE('',*,*,#7238,.F.);
#7240=CARTESIAN_POINT('',(0.995449210502299,-1.355086120350076,0.999999999999997));
#7241=DIRECTION('',(-0.599282431094478,0.80053767417998,0.0));
#7242=VECTOR('',#7241,0.00383212755532);
#7243=LINE('',#7240,#7242);
#7244=EDGE_CURVE('',#7201,#7233,#7243,.T.);
#7245=ORIENTED_EDGE('',*,*,#7244,.F.);
#7246=ORIENTED_EDGE('',*,*,#7206,.T.);
#7247=EDGE_LOOP('',(#7231,#7239,#7245,#7246));
#7248=FACE_OUTER_BOUND('',#7247,.T.);
#7249=ADVANCED_FACE('',(#7248),#7223,.T.);
#7250=CARTESIAN_POINT('',(1.12454574057142,-1.263183838673316,0.999999999999997));
#7251=DIRECTION('',(0.0,0.0,1.0));
#7252=DIRECTION('',(-0.954975888559195,-0.296683420956709,0.0));
#7253=AXIS2_PLACEMENT_3D('',#7250,#7251,#7252);
#7254=CYLINDRICAL_SURFACE('',#7253,0.15860550801583);
#7255=CARTESIAN_POINT('',(0.96594522247755,-1.264441945773908,1.009999999999997));
#7256=VERTEX_POINT('',#7255);
#7257=CARTESIAN_POINT('',(1.12454574057142,-1.263183838673316,1.009999999999997));
#7258=DIRECTION('',(0.0,0.0,-1.0));
#7259=DIRECTION('',(-0.954975888559195,-0.296683420956709,0.0));
#7260=AXIS2_PLACEMENT_3D('',#7257,#7258,#7259);
#7261=CIRCLE('',#7260,0.15860550801583);
#7262=EDGE_CURVE('',#7225,#7256,#7261,.T.);
#7263=ORIENTED_EDGE('',*,*,#7262,.T.);
#7264=CARTESIAN_POINT('',(0.96594522247755,-1.264441945773908,0.999999999999997));
#7265=VERTEX_POINT('',#7264);
#7266=CARTESIAN_POINT('',(0.96594522247755,-1.264441945773908,0.999999999999997));
#7267=DIRECTION('',(0.0,0.0,1.0));
#7268=VECTOR('',#7267,0.01);
#7269=LINE('',#7266,#7268);
#7270=EDGE_CURVE('',#7265,#7256,#7269,.T.);
#7271=ORIENTED_EDGE('',*,*,#7270,.F.);
#7272=CARTESIAN_POINT('',(1.12454574057142,-1.263183838673316,0.999999999999997));
#7273=DIRECTION('',(0.0,0.0,-1.0));
#7274=DIRECTION('',(-0.954975888559195,-0.296683420956709,0.0));
#7275=AXIS2_PLACEMENT_3D('',#7272,#7273,#7274);
#7276=CIRCLE('',#7275,0.15860550801583);
#7277=EDGE_CURVE('',#7233,#7265,#7276,.T.);
#7278=ORIENTED_EDGE('',*,*,#7277,.F.);
#7279=ORIENTED_EDGE('',*,*,#7238,.T.);
#7280=EDGE_LOOP('',(#7263,#7271,#7278,#7279));
#7281=FACE_OUTER_BOUND('',#7280,.T.);
#7282=ADVANCED_FACE('',(#7281),#7254,.T.);
#7283=CARTESIAN_POINT('',(1.124545740590383,-1.265700052869238,0.999999999999997));
#7284=DIRECTION('',(0.0,0.0,1.0));
#7285=DIRECTION('',(-0.95497588857002,0.296683420921866,0.0));
#7286=AXIS2_PLACEMENT_3D('',#7283,#7284,#7285);
#7287=CYLINDRICAL_SURFACE('',#7286,0.158605508034458);
#7288=CARTESIAN_POINT('',(1.124545740590383,-1.265700052869238,1.009999999999997));
#7289=DIRECTION('',(0.0,0.0,-1.0));
#7290=DIRECTION('',(-0.95497588857002,0.296683420921866,0.0));
#7291=AXIS2_PLACEMENT_3D('',#7288,#7289,#7290);
#7292=CIRCLE('',#7291,0.158605508034458);
#7293=EDGE_CURVE('',#7256,#6591,#7292,.T.);
#7294=ORIENTED_EDGE('',*,*,#7293,.T.);
#7295=ORIENTED_EDGE('',*,*,#6620,.F.);
#7296=CARTESIAN_POINT('',(1.124545740590383,-1.265700052869238,0.999999999999997));
#7297=DIRECTION('',(0.0,0.0,-1.0));
#7298=DIRECTION('',(-0.95497588857002,0.296683420921866,0.0));
#7299=AXIS2_PLACEMENT_3D('',#7296,#7297,#7298);
#7300=CIRCLE('',#7299,0.158605508034458);
#7301=EDGE_CURVE('',#7265,#6609,#7300,.T.);
#7302=ORIENTED_EDGE('',*,*,#7301,.F.);
#7303=ORIENTED_EDGE('',*,*,#7270,.T.);
#7304=EDGE_LOOP('',(#7294,#7295,#7302,#7303));
#7305=FACE_OUTER_BOUND('',#7304,.T.);
#7306=ADVANCED_FACE('',(#7305),#7287,.T.);
#7307=CARTESIAN_POINT('',(1.367844568666038,-1.225592969611463,0.999999999999997));
#7308=DIRECTION('',(-0.612874503781709,-0.790180259570134,0.0));
#7309=DIRECTION('',(0.0,0.0,-1.0));
#7310=AXIS2_PLACEMENT_3D('',#7307,#7308,#7309);
#7311=PLANE('',#7310);
#7312=CARTESIAN_POINT('',(1.367844568666038,-1.225592969611463,1.009999999999997));
#7313=VERTEX_POINT('',#7312);
#7314=CARTESIAN_POINT('',(1.358906043305196,-1.21866012836164,1.009999999999997));
#7315=VERTEX_POINT('',#7314);
#7316=CARTESIAN_POINT('',(1.36784456866789,-1.225592969609075,1.009999999999997));
#7317=DIRECTION('',(-0.790180259570134,0.612874503781708,0.0));
#7318=VECTOR('',#7317,0.011312007930586);
#7319=LINE('',#7316,#7318);
#7320=EDGE_CURVE('',#7313,#7315,#7319,.T.);
#7321=ORIENTED_EDGE('',*,*,#7320,.T.);
#7322=CARTESIAN_POINT('',(1.358906043305196,-1.21866012836164,0.999999999999997));
#7323=VERTEX_POINT('',#7322);
#7324=CARTESIAN_POINT('',(1.358906043305196,-1.21866012836164,0.999999999999997));
#7325=DIRECTION('',(0.0,0.0,1.0));
#7326=VECTOR('',#7325,0.01);
#7327=LINE('',#7324,#7326);
#7328=EDGE_CURVE('',#7323,#7315,#7327,.T.);
#7329=ORIENTED_EDGE('',*,*,#7328,.F.);
#7330=CARTESIAN_POINT('',(1.367844568666038,-1.225592969611463,0.999999999999997));
#7331=VERTEX_POINT('',#7330);
#7332=CARTESIAN_POINT('',(1.367844568667889,-1.225592969609075,0.999999999999997));
#7333=DIRECTION('',(-0.790180259570143,0.612874503781698,0.0));
#7334=VECTOR('',#7333,0.011312007930588);
#7335=LINE('',#7332,#7334);
#7336=EDGE_CURVE('',#7331,#7323,#7335,.T.);
#7337=ORIENTED_EDGE('',*,*,#7336,.F.);
#7338=CARTESIAN_POINT('',(1.367844568666038,-1.225592969611463,0.999999999999997));
#7339=DIRECTION('',(0.0,0.0,1.0));
#7340=VECTOR('',#7339,0.01);
#7341=LINE('',#7338,#7340);
#7342=EDGE_CURVE('',#7331,#7313,#7341,.T.);
#7343=ORIENTED_EDGE('',*,*,#7342,.T.);
#7344=EDGE_LOOP('',(#7321,#7329,#7337,#7343));
#7345=FACE_OUTER_BOUND('',#7344,.T.);
#7346=ADVANCED_FACE('',(#7345),#7311,.T.);
#7347=CARTESIAN_POINT('',(1.287091265337156,-1.326076448084442,0.999999999999997));
#7348=DIRECTION('',(0.0,0.0,1.0));
#7349=DIRECTION('',(0.437104599803998,0.899410678628059,0.0));
#7350=AXIS2_PLACEMENT_3D('',#7347,#7348,#7349);
#7351=CYLINDRICAL_SURFACE('',#7350,0.129211563248467);
#7352=CARTESIAN_POINT('',(1.327176973821779,-1.203240117743264,1.009999999999997));
#7353=VERTEX_POINT('',#7352);
#7354=CARTESIAN_POINT('',(1.287091265337156,-1.326076448084442,1.009999999999997));
#7355=DIRECTION('',(0.0,0.0,1.0));
#7356=DIRECTION('',(0.437104599803998,0.899410678628059,0.0));
#7357=AXIS2_PLACEMENT_3D('',#7354,#7355,#7356);
#7358=CIRCLE('',#7357,0.129211563248467);
#7359=EDGE_CURVE('',#7315,#7353,#7358,.T.);
#7360=ORIENTED_EDGE('',*,*,#7359,.T.);
#7361=CARTESIAN_POINT('',(1.327176973821779,-1.203240117743264,0.999999999999997));
#7362=VERTEX_POINT('',#7361);
#7363=CARTESIAN_POINT('',(1.327176973821779,-1.203240117743264,0.999999999999997));
#7364=DIRECTION('',(0.0,0.0,1.0));
#7365=VECTOR('',#7364,0.01);
#7366=LINE('',#7363,#7365);
#7367=EDGE_CURVE('',#7362,#7353,#7366,.T.);
#7368=ORIENTED_EDGE('',*,*,#7367,.F.);
#7369=CARTESIAN_POINT('',(1.287091265337156,-1.326076448084442,0.999999999999997));
#7370=DIRECTION('',(0.0,0.0,1.0));
#7371=DIRECTION('',(0.437104599803998,0.899410678628059,0.0));
#7372=AXIS2_PLACEMENT_3D('',#7369,#7370,#7371);
#7373=CIRCLE('',#7372,0.129211563248467);
#7374=EDGE_CURVE('',#7323,#7362,#7373,.T.);
#7375=ORIENTED_EDGE('',*,*,#7374,.F.);
#7376=ORIENTED_EDGE('',*,*,#7328,.T.);
#7377=EDGE_LOOP('',(#7360,#7368,#7375,#7376));
#7378=FACE_OUTER_BOUND('',#7377,.T.);
#7379=ADVANCED_FACE('',(#7378),#7351,.F.);
#7380=CARTESIAN_POINT('',(1.22649382184509,-1.583717056695156,0.999999999999997));
#7381=DIRECTION('',(0.0,0.0,1.0));
#7382=DIRECTION('',(0.18838647154433,0.982094973685884,0.0));
#7383=AXIS2_PLACEMENT_3D('',#7380,#7381,#7382);
#7384=CYLINDRICAL_SURFACE('',#7383,0.393573116673322);
#7385=CARTESIAN_POINT('',(1.273743721175337,-1.192990496065767,1.009999999999997));
#7386=VERTEX_POINT('',#7385);
#7387=CARTESIAN_POINT('',(1.22649382184509,-1.583717056695156,1.009999999999997));
#7388=DIRECTION('',(0.0,0.0,1.0));
#7389=DIRECTION('',(0.18838647154433,0.982094973685884,0.0));
#7390=AXIS2_PLACEMENT_3D('',#7387,#7388,#7389);
#7391=CIRCLE('',#7390,0.393573116673322);
#7392=EDGE_CURVE('',#7353,#7386,#7391,.T.);
#7393=ORIENTED_EDGE('',*,*,#7392,.T.);
#7394=CARTESIAN_POINT('',(1.273743721175337,-1.192990496065767,0.999999999999997));
#7395=VERTEX_POINT('',#7394);
#7396=CARTESIAN_POINT('',(1.273743721175337,-1.192990496065767,0.999999999999997));
#7397=DIRECTION('',(0.0,0.0,1.0));
#7398=VECTOR('',#7397,0.01);
#7399=LINE('',#7396,#7398);
#7400=EDGE_CURVE('',#7395,#7386,#7399,.T.);
#7401=ORIENTED_EDGE('',*,*,#7400,.F.);
#7402=CARTESIAN_POINT('',(1.22649382184509,-1.583717056695156,0.999999999999997));
#7403=DIRECTION('',(0.0,0.0,1.0));
#7404=DIRECTION('',(0.18838647154433,0.982094973685884,0.0));
#7405=AXIS2_PLACEMENT_3D('',#7402,#7403,#7404);
#7406=CIRCLE('',#7405,0.393573116673322);
#7407=EDGE_CURVE('',#7362,#7395,#7406,.T.);
#7408=ORIENTED_EDGE('',*,*,#7407,.F.);
#7409=ORIENTED_EDGE('',*,*,#7367,.T.);
#7410=EDGE_LOOP('',(#7393,#7401,#7408,#7409));
#7411=FACE_OUTER_BOUND('',#7410,.T.);
#7412=ADVANCED_FACE('',(#7411),#7384,.F.);
#7413=CARTESIAN_POINT('',(1.216165546514515,-1.737584064358484,0.999999999999997));
#7414=DIRECTION('',(0.0,0.0,1.0));
#7415=DIRECTION('',(0.028559773973621,0.999592086458559,0.0));
#7416=AXIS2_PLACEMENT_3D('',#7413,#7414,#7415);
#7417=CYLINDRICAL_SURFACE('',#7416,0.54762888968896);
#7418=CARTESIAN_POINT('',(1.189775549853446,-1.19059140545212,1.009999999999997));
#7419=VERTEX_POINT('',#7418);
#7420=CARTESIAN_POINT('',(1.216165546514515,-1.737584064358484,1.009999999999997));
#7421=DIRECTION('',(0.0,0.0,1.0));
#7422=DIRECTION('',(0.028559773973621,0.999592086458559,0.0));
#7423=AXIS2_PLACEMENT_3D('',#7420,#7421,#7422);
#7424=CIRCLE('',#7423,0.54762888968896);
#7425=EDGE_CURVE('',#7386,#7419,#7424,.T.);
#7426=ORIENTED_EDGE('',*,*,#7425,.T.);
#7427=CARTESIAN_POINT('',(1.189775549853446,-1.19059140545212,0.999999999999997));
#7428=VERTEX_POINT('',#7427);
#7429=CARTESIAN_POINT('',(1.189775549853446,-1.19059140545212,0.999999999999997));
#7430=DIRECTION('',(0.0,0.0,1.0));
#7431=VECTOR('',#7430,0.01);
#7432=LINE('',#7429,#7431);
#7433=EDGE_CURVE('',#7428,#7419,#7432,.T.);
#7434=ORIENTED_EDGE('',*,*,#7433,.F.);
#7435=CARTESIAN_POINT('',(1.216165546514515,-1.737584064358484,0.999999999999997));
#7436=DIRECTION('',(0.0,0.0,1.0));
#7437=DIRECTION('',(0.028559773973621,0.999592086458559,0.0));
#7438=AXIS2_PLACEMENT_3D('',#7435,#7436,#7437);
#7439=CIRCLE('',#7438,0.54762888968896);
#7440=EDGE_CURVE('',#7395,#7428,#7439,.T.);
#7441=ORIENTED_EDGE('',*,*,#7440,.F.);
#7442=ORIENTED_EDGE('',*,*,#7400,.T.);
#7443=EDGE_LOOP('',(#7426,#7434,#7441,#7442));
#7444=FACE_OUTER_BOUND('',#7443,.T.);
#7445=ADVANCED_FACE('',(#7444),#7417,.F.);
#7446=CARTESIAN_POINT('',(1.208568426304688,-1.690002100605141,0.999999999999997));
#7447=DIRECTION('',(0.0,0.0,1.0));
#7448=DIRECTION('',(-0.090535746066502,0.995893206465524,0.0));
#7449=AXIS2_PLACEMENT_3D('',#7446,#7447,#7448);
#7450=CYLINDRICAL_SURFACE('',#7449,0.499764159019787);
#7451=CARTESIAN_POINT('',(1.136995556449931,-1.19538958666888,1.009999999999997));
#7452=VERTEX_POINT('',#7451);
#7453=CARTESIAN_POINT('',(1.208568426304688,-1.690002100605141,1.009999999999997));
#7454=DIRECTION('',(0.0,0.0,1.0));
#7455=DIRECTION('',(-0.090535746066502,0.995893206465524,0.0));
#7456=AXIS2_PLACEMENT_3D('',#7453,#7454,#7455);
#7457=CIRCLE('',#7456,0.499764159019787);
#7458=EDGE_CURVE('',#7419,#7452,#7457,.T.);
#7459=ORIENTED_EDGE('',*,*,#7458,.T.);
#7460=CARTESIAN_POINT('',(1.136995556449931,-1.19538958666888,0.999999999999997));
#7461=VERTEX_POINT('',#7460);
#7462=CARTESIAN_POINT('',(1.136995556449931,-1.19538958666888,0.999999999999997));
#7463=DIRECTION('',(0.0,0.0,1.0));
#7464=VECTOR('',#7463,0.01);
#7465=LINE('',#7462,#7464);
#7466=EDGE_CURVE('',#7461,#7452,#7465,.T.);
#7467=ORIENTED_EDGE('',*,*,#7466,.F.);
#7468=CARTESIAN_POINT('',(1.208568426304688,-1.690002100605141,0.999999999999997));
#7469=DIRECTION('',(0.0,0.0,1.0));
#7470=DIRECTION('',(-0.090535746066502,0.995893206465524,0.0));
#7471=AXIS2_PLACEMENT_3D('',#7468,#7469,#7470);
#7472=CIRCLE('',#7471,0.499764159019787);
#7473=EDGE_CURVE('',#7428,#7461,#7472,.T.);
#7474=ORIENTED_EDGE('',*,*,#7473,.F.);
#7475=ORIENTED_EDGE('',*,*,#7433,.T.);
#7476=EDGE_LOOP('',(#7459,#7467,#7474,#7475));
#7477=FACE_OUTER_BOUND('',#7476,.T.);
#7478=ADVANCED_FACE('',(#7477),#7450,.F.);
#7479=CARTESIAN_POINT('',(1.181678619050833,-1.455690917788899,0.999999999999997));
#7480=DIRECTION('',(0.0,0.0,1.0));
#7481=DIRECTION('',(-0.280276001093176,0.959919456627075,0.0));
#7482=AXIS2_PLACEMENT_3D('',#7479,#7480,#7481);
#7483=CYLINDRICAL_SURFACE('',#7482,0.264108612252532);
#7484=CARTESIAN_POINT('',(1.079277375386329,-1.21224206410096,1.009999999999997));
#7485=VERTEX_POINT('',#7484);
#7486=CARTESIAN_POINT('',(1.181678619050833,-1.455690917788899,1.009999999999997));
#7487=DIRECTION('',(0.0,0.0,1.0));
#7488=DIRECTION('',(-0.280276001093176,0.959919456627075,0.0));
#7489=AXIS2_PLACEMENT_3D('',#7486,#7487,#7488);
#7490=CIRCLE('',#7489,0.264108612252532);
#7491=EDGE_CURVE('',#7452,#7485,#7490,.T.);
#7492=ORIENTED_EDGE('',*,*,#7491,.T.);
#7493=CARTESIAN_POINT('',(1.079277375386329,-1.21224206410096,0.999999999999997));
#7494=VERTEX_POINT('',#7493);
#7495=CARTESIAN_POINT('',(1.079277375386329,-1.21224206410096,0.999999999999997));
#7496=DIRECTION('',(0.0,0.0,1.0));
#7497=VECTOR('',#7496,0.01);
#7498=LINE('',#7495,#7497);
#7499=EDGE_CURVE('',#7494,#7485,#7498,.T.);
#7500=ORIENTED_EDGE('',*,*,#7499,.F.);
#7501=CARTESIAN_POINT('',(1.181678619050833,-1.455690917788899,0.999999999999997));
#7502=DIRECTION('',(0.0,0.0,1.0));
#7503=DIRECTION('',(-0.280276001093176,0.959919456627075,0.0));
#7504=AXIS2_PLACEMENT_3D('',#7501,#7502,#7503);
#7505=CIRCLE('',#7504,0.264108612252532);
#7506=EDGE_CURVE('',#7461,#7494,#7505,.T.);
#7507=ORIENTED_EDGE('',*,*,#7506,.F.);
#7508=ORIENTED_EDGE('',*,*,#7466,.T.);
#7509=EDGE_LOOP('',(#7492,#7500,#7507,#7508));
#7510=FACE_OUTER_BOUND('',#7509,.T.);
#7511=ADVANCED_FACE('',(#7510),#7483,.F.);
#7512=CARTESIAN_POINT('',(1.124206113575114,-1.285982835150764,0.999999999999997));
#7513=DIRECTION('',(0.0,0.0,1.0));
#7514=DIRECTION('',(-0.670118697948125,0.742253952943539,0.0));
#7515=AXIS2_PLACEMENT_3D('',#7512,#7513,#7514);
#7516=CYLINDRICAL_SURFACE('',#7515,0.086349828198692);
#7517=CARTESIAN_POINT('',(1.055426475733779,-1.233775036416069,1.009999999999997));
#7518=VERTEX_POINT('',#7517);
#7519=CARTESIAN_POINT('',(1.124206113575114,-1.285982835150764,1.009999999999997));
#7520=DIRECTION('',(0.0,0.0,1.0));
#7521=DIRECTION('',(-0.670118697948125,0.742253952943539,0.0));
#7522=AXIS2_PLACEMENT_3D('',#7519,#7520,#7521);
#7523=CIRCLE('',#7522,0.086349828198692);
#7524=EDGE_CURVE('',#7485,#7518,#7523,.T.);
#7525=ORIENTED_EDGE('',*,*,#7524,.T.);
#7526=CARTESIAN_POINT('',(1.055426475733779,-1.233775036416069,0.999999999999997));
#7527=VERTEX_POINT('',#7526);
#7528=CARTESIAN_POINT('',(1.055426475733779,-1.233775036416069,0.999999999999997));
#7529=DIRECTION('',(0.0,0.0,1.0));
#7530=VECTOR('',#7529,0.01);
#7531=LINE('',#7528,#7530);
#7532=EDGE_CURVE('',#7527,#7518,#7531,.T.);
#7533=ORIENTED_EDGE('',*,*,#7532,.F.);
#7534=CARTESIAN_POINT('',(1.124206113575114,-1.285982835150764,0.999999999999997));
#7535=DIRECTION('',(0.0,0.0,1.0));
#7536=DIRECTION('',(-0.670118697948125,0.742253952943539,0.0));
#7537=AXIS2_PLACEMENT_3D('',#7534,#7535,#7536);
#7538=CIRCLE('',#7537,0.086349828198692);
#7539=EDGE_CURVE('',#7494,#7527,#7538,.T.);
#7540=ORIENTED_EDGE('',*,*,#7539,.F.);
#7541=ORIENTED_EDGE('',*,*,#7499,.T.);
#7542=EDGE_LOOP('',(#7525,#7533,#7540,#7541));
#7543=FACE_OUTER_BOUND('',#7542,.T.);
#7544=ADVANCED_FACE('',(#7543),#7516,.F.);
#7545=CARTESIAN_POINT('',(1.116352107607425,-1.269788595364377,0.999999999999997));
#7546=DIRECTION('',(0.0,0.0,1.0));
#7547=DIRECTION('',(-0.953926110075794,0.300041624638423,0.0));
#7548=AXIS2_PLACEMENT_3D('',#7545,#7546,#7547);
#7549=CYLINDRICAL_SURFACE('',#7548,0.070773646559372);
#7550=CARTESIAN_POINT('',(1.045780708404821,-1.264441945773907,1.009999999999997));
#7551=VERTEX_POINT('',#7550);
#7552=CARTESIAN_POINT('',(1.116352107607425,-1.269788595364377,1.009999999999997));
#7553=DIRECTION('',(0.0,0.0,1.0));
#7554=DIRECTION('',(-0.953926110075794,0.300041624638423,0.0));
#7555=AXIS2_PLACEMENT_3D('',#7552,#7553,#7554);
#7556=CIRCLE('',#7555,0.070773646559372);
#7557=EDGE_CURVE('',#7518,#7551,#7556,.T.);
#7558=ORIENTED_EDGE('',*,*,#7557,.T.);
#7559=CARTESIAN_POINT('',(1.045780708404821,-1.264441945773907,0.999999999999997));
#7560=VERTEX_POINT('',#7559);
#7561=CARTESIAN_POINT('',(1.045780708404821,-1.264441945773907,0.999999999999997));
#7562=DIRECTION('',(0.0,0.0,1.0));
#7563=VECTOR('',#7562,0.01);
#7564=LINE('',#7561,#7563);
#7565=EDGE_CURVE('',#7560,#7551,#7564,.T.);
#7566=ORIENTED_EDGE('',*,*,#7565,.F.);
#7567=CARTESIAN_POINT('',(1.116352107607425,-1.269788595364377,0.999999999999997));
#7568=DIRECTION('',(0.0,0.0,1.0));
#7569=DIRECTION('',(-0.953926110075794,0.300041624638423,0.0));
#7570=AXIS2_PLACEMENT_3D('',#7567,#7568,#7569);
#7571=CIRCLE('',#7570,0.070773646559372);
#7572=EDGE_CURVE('',#7527,#7560,#7571,.T.);
#7573=ORIENTED_EDGE('',*,*,#7572,.F.);
#7574=ORIENTED_EDGE('',*,*,#7532,.T.);
#7575=EDGE_LOOP('',(#7558,#7566,#7573,#7574));
#7576=FACE_OUTER_BOUND('',#7575,.T.);
#7577=ADVANCED_FACE('',(#7576),#7549,.F.);
#7578=CARTESIAN_POINT('',(1.116352107596629,-1.25909529618396,0.999999999999997));
#7579=DIRECTION('',(0.0,0.0,1.0));
#7580=DIRECTION('',(-0.953926110060003,-0.300041624688627,0.0));
#7581=AXIS2_PLACEMENT_3D('',#7578,#7579,#7580);
#7582=CYLINDRICAL_SURFACE('',#7581,0.070773646547511);
#7583=CARTESIAN_POINT('',(1.055426475733779,-1.295108855126467,1.009999999999997));
#7584=VERTEX_POINT('',#7583);
#7585=CARTESIAN_POINT('',(1.116352107596629,-1.25909529618396,1.009999999999997));
#7586=DIRECTION('',(0.0,0.0,1.0));
#7587=DIRECTION('',(-0.953926110060003,-0.300041624688627,0.0));
#7588=AXIS2_PLACEMENT_3D('',#7585,#7586,#7587);
#7589=CIRCLE('',#7588,0.070773646547511);
#7590=EDGE_CURVE('',#7551,#7584,#7589,.T.);
#7591=ORIENTED_EDGE('',*,*,#7590,.T.);
#7592=CARTESIAN_POINT('',(1.055426475733779,-1.295108855126467,0.999999999999997));
#7593=VERTEX_POINT('',#7592);
#7594=CARTESIAN_POINT('',(1.055426475733779,-1.295108855126467,0.999999999999997));
#7595=DIRECTION('',(0.0,0.0,1.0));
#7596=VECTOR('',#7595,0.01);
#7597=LINE('',#7594,#7596);
#7598=EDGE_CURVE('',#7593,#7584,#7597,.T.);
#7599=ORIENTED_EDGE('',*,*,#7598,.F.);
#7600=CARTESIAN_POINT('',(1.116352107596629,-1.25909529618396,0.999999999999997));
#7601=DIRECTION('',(0.0,0.0,1.0));
#7602=DIRECTION('',(-0.953926110060003,-0.300041624688627,0.0));
#7603=AXIS2_PLACEMENT_3D('',#7600,#7601,#7602);
#7604=CIRCLE('',#7603,0.070773646547511);
#7605=EDGE_CURVE('',#7560,#7593,#7604,.T.);
#7606=ORIENTED_EDGE('',*,*,#7605,.F.);
#7607=ORIENTED_EDGE('',*,*,#7565,.T.);
#7608=EDGE_LOOP('',(#7591,#7599,#7606,#7607));
#7609=FACE_OUTER_BOUND('',#7608,.T.);
#7610=ADVANCED_FACE('',(#7609),#7582,.F.);
#7611=CARTESIAN_POINT('',(1.124206113575114,-1.242901056397071,0.999999999999997));
#7612=DIRECTION('',(0.0,0.0,1.0));
#7613=DIRECTION('',(-0.670118697948127,-0.742253952943537,0.0));
#7614=AXIS2_PLACEMENT_3D('',#7611,#7612,#7613);
#7615=CYLINDRICAL_SURFACE('',#7614,0.086349828198625);
#7616=CARTESIAN_POINT('',(1.079277375386329,-1.31664182744159,1.009999999999997));
#7617=VERTEX_POINT('',#7616);
#7618=CARTESIAN_POINT('',(1.124206113575114,-1.242901056397071,1.009999999999997));
#7619=DIRECTION('',(0.0,0.0,1.0));
#7620=DIRECTION('',(-0.670118697948127,-0.742253952943537,0.0));
#7621=AXIS2_PLACEMENT_3D('',#7618,#7619,#7620);
#7622=CIRCLE('',#7621,0.086349828198625);
#7623=EDGE_CURVE('',#7584,#7617,#7622,.T.);
#7624=ORIENTED_EDGE('',*,*,#7623,.T.);
#7625=CARTESIAN_POINT('',(1.079277375386329,-1.31664182744159,0.999999999999997));
#7626=VERTEX_POINT('',#7625);
#7627=CARTESIAN_POINT('',(1.079277375386329,-1.31664182744159,0.999999999999997));
#7628=DIRECTION('',(0.0,0.0,1.0));
#7629=VECTOR('',#7628,0.01);
#7630=LINE('',#7627,#7629);
#7631=EDGE_CURVE('',#7626,#7617,#7630,.T.);
#7632=ORIENTED_EDGE('',*,*,#7631,.F.);
#7633=CARTESIAN_POINT('',(1.124206113575114,-1.242901056397071,0.999999999999997));
#7634=DIRECTION('',(0.0,0.0,1.0));
#7635=DIRECTION('',(-0.670118697948127,-0.742253952943537,0.0));
#7636=AXIS2_PLACEMENT_3D('',#7633,#7634,#7635);
#7637=CIRCLE('',#7636,0.086349828198625);
#7638=EDGE_CURVE('',#7593,#7626,#7637,.T.);
#7639=ORIENTED_EDGE('',*,*,#7638,.F.);
#7640=ORIENTED_EDGE('',*,*,#7598,.T.);
#7641=EDGE_LOOP('',(#7624,#7632,#7639,#7640));
#7642=FACE_OUTER_BOUND('',#7641,.T.);
#7643=ADVANCED_FACE('',(#7642),#7615,.F.);
#7644=CARTESIAN_POINT('',(1.181678619050833,-1.073192973753662,0.999999999999997));
#7645=DIRECTION('',(0.0,0.0,1.0));
#7646=DIRECTION('',(-0.280276001093178,-0.959919456627074,0.0));
#7647=AXIS2_PLACEMENT_3D('',#7644,#7645,#7646);
#7648=CYLINDRICAL_SURFACE('',#7647,0.264108612253181);
#7649=CARTESIAN_POINT('',(1.136995556449931,-1.333494304873674,1.009999999999997));
#7650=VERTEX_POINT('',#7649);
#7651=CARTESIAN_POINT('',(1.181678619050833,-1.073192973753662,1.009999999999997));
#7652=DIRECTION('',(0.0,0.0,1.0));
#7653=DIRECTION('',(-0.280276001093178,-0.959919456627074,0.0));
#7654=AXIS2_PLACEMENT_3D('',#7651,#7652,#7653);
#7655=CIRCLE('',#7654,0.264108612253181);
#7656=EDGE_CURVE('',#7617,#7650,#7655,.T.);
#7657=ORIENTED_EDGE('',*,*,#7656,.T.);
#7658=CARTESIAN_POINT('',(1.136995556449931,-1.333494304873674,0.999999999999997));
#7659=VERTEX_POINT('',#7658);
#7660=CARTESIAN_POINT('',(1.136995556449931,-1.333494304873674,0.999999999999997));
#7661=DIRECTION('',(0.0,0.0,1.0));
#7662=VECTOR('',#7661,0.01);
#7663=LINE('',#7660,#7662);
#7664=EDGE_CURVE('',#7659,#7650,#7663,.T.);
#7665=ORIENTED_EDGE('',*,*,#7664,.F.);
#7666=CARTESIAN_POINT('',(1.181678619050833,-1.073192973753662,0.999999999999997));
#7667=DIRECTION('',(0.0,0.0,1.0));
#7668=DIRECTION('',(-0.280276001093178,-0.959919456627074,0.0));
#7669=AXIS2_PLACEMENT_3D('',#7666,#7667,#7668);
#7670=CIRCLE('',#7669,0.264108612253181);
#7671=EDGE_CURVE('',#7626,#7659,#7670,.T.);
#7672=ORIENTED_EDGE('',*,*,#7671,.F.);
#7673=ORIENTED_EDGE('',*,*,#7631,.T.);
#7674=EDGE_LOOP('',(#7657,#7665,#7672,#7673));
#7675=FACE_OUTER_BOUND('',#7674,.T.);
#7676=ADVANCED_FACE('',(#7675),#7648,.F.);
#7677=CARTESIAN_POINT('',(1.208568426304689,-0.8388817909374,0.999999999999997));
#7678=DIRECTION('',(0.0,0.0,1.0));
#7679=DIRECTION('',(-0.090535746066504,-0.995893206465523,0.0));
#7680=AXIS2_PLACEMENT_3D('',#7677,#7678,#7679);
#7681=CYLINDRICAL_SURFACE('',#7680,0.499764159018835);
#7682=CARTESIAN_POINT('',(1.189775549853446,-1.338292486096212,1.009999999999997));
#7683=VERTEX_POINT('',#7682);
#7684=CARTESIAN_POINT('',(1.208568426304689,-0.8388817909374,1.009999999999997));
#7685=DIRECTION('',(0.0,0.0,1.0));
#7686=DIRECTION('',(-0.090535746066504,-0.995893206465523,0.0));
#7687=AXIS2_PLACEMENT_3D('',#7684,#7685,#7686);
#7688=CIRCLE('',#7687,0.499764159018835);
#7689=EDGE_CURVE('',#7650,#7683,#7688,.T.);
#7690=ORIENTED_EDGE('',*,*,#7689,.T.);
#7691=CARTESIAN_POINT('',(1.189775549853446,-1.338292486096212,0.999999999999997));
#7692=VERTEX_POINT('',#7691);
#7693=CARTESIAN_POINT('',(1.189775549853446,-1.338292486096212,0.999999999999997));
#7694=DIRECTION('',(0.0,0.0,1.0));
#7695=VECTOR('',#7694,0.01);
#7696=LINE('',#7693,#7695);
#7697=EDGE_CURVE('',#7692,#7683,#7696,.T.);
#7698=ORIENTED_EDGE('',*,*,#7697,.F.);
#7699=CARTESIAN_POINT('',(1.208568426304689,-0.8388817909374,0.999999999999997));
#7700=DIRECTION('',(0.0,0.0,1.0));
#7701=DIRECTION('',(-0.090535746066504,-0.995893206465523,0.0));
#7702=AXIS2_PLACEMENT_3D('',#7699,#7700,#7701);
#7703=CIRCLE('',#7702,0.499764159018835);
#7704=EDGE_CURVE('',#7659,#7692,#7703,.T.);
#7705=ORIENTED_EDGE('',*,*,#7704,.F.);
#7706=ORIENTED_EDGE('',*,*,#7664,.T.);
#7707=EDGE_LOOP('',(#7690,#7698,#7705,#7706));
#7708=FACE_OUTER_BOUND('',#7707,.T.);
#7709=ADVANCED_FACE('',(#7708),#7681,.F.);
#7710=CARTESIAN_POINT('',(1.216165546549538,-0.791299827189321,0.999999999999997));
#7711=DIRECTION('',(0.0,0.0,1.0));
#7712=DIRECTION('',(0.028559773906542,-0.999592086460476,0.0));
#7713=AXIS2_PLACEMENT_3D('',#7710,#7711,#7712);
#7714=CYLINDRICAL_SURFACE('',#7713,0.54762888968664);
#7715=CARTESIAN_POINT('',(1.273743721175337,-1.335893395482048,1.009999999999997));
#7716=VERTEX_POINT('',#7715);
#7717=CARTESIAN_POINT('',(1.216165546549538,-0.791299827189321,1.009999999999997));
#7718=DIRECTION('',(0.0,0.0,1.0));
#7719=DIRECTION('',(0.028559773906542,-0.999592086460476,0.0));
#7720=AXIS2_PLACEMENT_3D('',#7717,#7718,#7719);
#7721=CIRCLE('',#7720,0.54762888968664);
#7722=EDGE_CURVE('',#7683,#7716,#7721,.T.);
#7723=ORIENTED_EDGE('',*,*,#7722,.T.);
#7724=CARTESIAN_POINT('',(1.273743721175337,-1.335893395482048,0.999999999999997));
#7725=VERTEX_POINT('',#7724);
#7726=CARTESIAN_POINT('',(1.273743721175337,-1.335893395482048,0.999999999999997));
#7727=DIRECTION('',(0.0,0.0,1.0));
#7728=VECTOR('',#7727,0.01);
#7729=LINE('',#7726,#7728);
#7730=EDGE_CURVE('',#7725,#7716,#7729,.T.);
#7731=ORIENTED_EDGE('',*,*,#7730,.F.);
#7732=CARTESIAN_POINT('',(1.216165546549538,-0.791299827189321,0.999999999999997));
#7733=DIRECTION('',(0.0,0.0,1.0));
#7734=DIRECTION('',(0.028559773906542,-0.999592086460476,0.0));
#7735=AXIS2_PLACEMENT_3D('',#7732,#7733,#7734);
#7736=CIRCLE('',#7735,0.54762888968664);
#7737=EDGE_CURVE('',#7692,#7725,#7736,.T.);
#7738=ORIENTED_EDGE('',*,*,#7737,.F.);
#7739=ORIENTED_EDGE('',*,*,#7697,.T.);
#7740=EDGE_LOOP('',(#7723,#7731,#7738,#7739));
#7741=FACE_OUTER_BOUND('',#7740,.T.);
#7742=ADVANCED_FACE('',(#7741),#7714,.F.);
#7743=CARTESIAN_POINT('',(1.226493821845091,-0.94516683485265,0.999999999999997));
#7744=DIRECTION('',(0.0,0.0,1.0));
#7745=DIRECTION('',(0.188386471544328,-0.982094973685884,0.0));
#7746=AXIS2_PLACEMENT_3D('',#7743,#7744,#7745);
#7747=CYLINDRICAL_SURFACE('',#7746,0.39357311667543);
#7748=CARTESIAN_POINT('',(1.32717697382178,-1.325643773810355,1.009999999999997));
#7749=VERTEX_POINT('',#7748);
#7750=CARTESIAN_POINT('',(1.226493821845091,-0.94516683485265,1.009999999999997));
#7751=DIRECTION('',(0.0,0.0,1.0));
#7752=DIRECTION('',(0.188386471544328,-0.982094973685884,0.0));
#7753=AXIS2_PLACEMENT_3D('',#7750,#7751,#7752);
#7754=CIRCLE('',#7753,0.39357311667543);
#7755=EDGE_CURVE('',#7716,#7749,#7754,.T.);
#7756=ORIENTED_EDGE('',*,*,#7755,.T.);
#7757=CARTESIAN_POINT('',(1.32717697382178,-1.325643773810355,0.999999999999997));
#7758=VERTEX_POINT('',#7757);
#7759=CARTESIAN_POINT('',(1.32717697382178,-1.325643773810355,0.999999999999997));
#7760=DIRECTION('',(0.0,0.0,1.0));
#7761=VECTOR('',#7760,0.01);
#7762=LINE('',#7759,#7761);
#7763=EDGE_CURVE('',#7758,#7749,#7762,.T.);
#7764=ORIENTED_EDGE('',*,*,#7763,.F.);
#7765=CARTESIAN_POINT('',(1.226493821845091,-0.94516683485265,0.999999999999997));
#7766=DIRECTION('',(0.0,0.0,1.0));
#7767=DIRECTION('',(0.188386471544328,-0.982094973685884,0.0));
#7768=AXIS2_PLACEMENT_3D('',#7765,#7766,#7767);
#7769=CIRCLE('',#7768,0.39357311667543);
#7770=EDGE_CURVE('',#7725,#7758,#7769,.T.);
#7771=ORIENTED_EDGE('',*,*,#7770,.F.);
#7772=ORIENTED_EDGE('',*,*,#7730,.T.);
#7773=EDGE_LOOP('',(#7756,#7764,#7771,#7772));
#7774=FACE_OUTER_BOUND('',#7773,.T.);
#7775=ADVANCED_FACE('',(#7774),#7747,.F.);
#7776=CARTESIAN_POINT('',(1.287091265274735,-1.202807443458098,0.999999999999997));
#7777=DIRECTION('',(0.0,0.0,1.0));
#7778=DIRECTION('',(0.437104600191929,-0.899410678439529,0.0));
#7779=AXIS2_PLACEMENT_3D('',#7776,#7777,#7778);
#7780=CYLINDRICAL_SURFACE('',#7779,0.129211563275222);
#7781=CARTESIAN_POINT('',(1.358906043305196,-1.310223763170373,1.009999999999997));
#7782=VERTEX_POINT('',#7781);
#7783=CARTESIAN_POINT('',(1.287091265274735,-1.202807443458098,1.009999999999997));
#7784=DIRECTION('',(0.0,0.0,1.0));
#7785=DIRECTION('',(0.437104600191929,-0.899410678439529,0.0));
#7786=AXIS2_PLACEMENT_3D('',#7783,#7784,#7785);
#7787=CIRCLE('',#7786,0.129211563275222);
#7788=EDGE_CURVE('',#7749,#7782,#7787,.T.);
#7789=ORIENTED_EDGE('',*,*,#7788,.T.);
#7790=CARTESIAN_POINT('',(1.358906043305196,-1.310223763170373,0.999999999999997));
#7791=VERTEX_POINT('',#7790);
#7792=CARTESIAN_POINT('',(1.358906043305196,-1.310223763170373,0.999999999999997));
#7793=DIRECTION('',(0.0,0.0,1.0));
#7794=VECTOR('',#7793,0.01);
#7795=LINE('',#7792,#7794);
#7796=EDGE_CURVE('',#7791,#7782,#7795,.T.);
#7797=ORIENTED_EDGE('',*,*,#7796,.F.);
#7798=CARTESIAN_POINT('',(1.287091265274735,-1.202807443458098,0.999999999999997));
#7799=DIRECTION('',(0.0,0.0,1.0));
#7800=DIRECTION('',(0.437104600191929,-0.899410678439529,0.0));
#7801=AXIS2_PLACEMENT_3D('',#7798,#7799,#7800);
#7802=CIRCLE('',#7801,0.129211563275222);
#7803=EDGE_CURVE('',#7758,#7791,#7802,.T.);
#7804=ORIENTED_EDGE('',*,*,#7803,.F.);
#7805=ORIENTED_EDGE('',*,*,#7763,.T.);
#7806=EDGE_LOOP('',(#7789,#7797,#7804,#7805));
#7807=FACE_OUTER_BOUND('',#7806,.T.);
#7808=ADVANCED_FACE('',(#7807),#7780,.F.);
#7809=CARTESIAN_POINT('',(1.358906043305196,-1.310223763170373,0.999999999999997));
#7810=DIRECTION('',(-0.612874503470442,0.790180259811557,0.0));
#7811=DIRECTION('',(0.0,0.0,1.0));
#7812=AXIS2_PLACEMENT_3D('',#7809,#7810,#7811);
#7813=PLANE('',#7812);
#7814=CARTESIAN_POINT('',(1.367844568666038,-1.303290921931086,1.009999999999997));
#7815=VERTEX_POINT('',#7814);
#7816=CARTESIAN_POINT('',(1.358906043305439,-1.310223763170686,1.009999999999997));
#7817=DIRECTION('',(0.790180259811558,0.61287450347044,0.0));
#7818=VECTOR('',#7817,0.01131200792413);
#7819=LINE('',#7816,#7818);
#7820=EDGE_CURVE('',#7782,#7815,#7819,.T.);
#7821=ORIENTED_EDGE('',*,*,#7820,.T.);
#7822=CARTESIAN_POINT('',(1.367844568666038,-1.303290921931086,0.999999999999997));
#7823=VERTEX_POINT('',#7822);
#7824=CARTESIAN_POINT('',(1.367844568666038,-1.303290921931086,0.999999999999997));
#7825=DIRECTION('',(0.0,0.0,1.0));
#7826=VECTOR('',#7825,0.01);
#7827=LINE('',#7824,#7826);
#7828=EDGE_CURVE('',#7823,#7815,#7827,.T.);
#7829=ORIENTED_EDGE('',*,*,#7828,.F.);
#7830=CARTESIAN_POINT('',(1.358906043305439,-1.310223763170685,0.999999999999997));
#7831=DIRECTION('',(0.790180259811557,0.612874503470441,0.0));
#7832=VECTOR('',#7831,0.011312007924129);
#7833=LINE('',#7830,#7832);
#7834=EDGE_CURVE('',#7791,#7823,#7833,.T.);
#7835=ORIENTED_EDGE('',*,*,#7834,.F.);
#7836=ORIENTED_EDGE('',*,*,#7796,.T.);
#7837=EDGE_LOOP('',(#7821,#7829,#7835,#7836));
#7838=FACE_OUTER_BOUND('',#7837,.T.);
#7839=ADVANCED_FACE('',(#7838),#7813,.T.);
#7840=CARTESIAN_POINT('',(1.339346846230483,-1.269063709518011,0.999999999999997));
#7841=DIRECTION('',(0.0,0.0,1.0));
#7842=DIRECTION('',(0.856442230492638,-0.516242874845546,0.0));
#7843=AXIS2_PLACEMENT_3D('',#7840,#7841,#7842);
#7844=CYLINDRICAL_SURFACE('',#7843,0.044537874371161);
#7845=CARTESIAN_POINT('',(1.382920805798835,-1.278279581750978,1.009999999999997));
#7846=VERTEX_POINT('',#7845);
#7847=CARTESIAN_POINT('',(1.339346846230483,-1.269063709518011,1.009999999999997));
#7848=DIRECTION('',(0.0,0.0,1.0));
#7849=DIRECTION('',(0.856442230492638,-0.516242874845546,0.0));
#7850=AXIS2_PLACEMENT_3D('',#7847,#7848,#7849);
#7851=CIRCLE('',#7850,0.044537874371161);
#7852=EDGE_CURVE('',#7815,#7846,#7851,.T.);
#7853=ORIENTED_EDGE('',*,*,#7852,.T.);
#7854=CARTESIAN_POINT('',(1.382920805798835,-1.278279581750978,0.999999999999997));
#7855=VERTEX_POINT('',#7854);
#7856=CARTESIAN_POINT('',(1.382920805798835,-1.278279581750978,0.999999999999997));
#7857=DIRECTION('',(0.0,0.0,1.0));
#7858=VECTOR('',#7857,0.01);
#7859=LINE('',#7856,#7858);
#7860=EDGE_CURVE('',#7855,#7846,#7859,.T.);
#7861=ORIENTED_EDGE('',*,*,#7860,.F.);
#7862=CARTESIAN_POINT('',(1.339346846230483,-1.269063709518011,0.999999999999997));
#7863=DIRECTION('',(0.0,0.0,1.0));
#7864=DIRECTION('',(0.856442230492638,-0.516242874845546,0.0));
#7865=AXIS2_PLACEMENT_3D('',#7862,#7863,#7864);
#7866=CIRCLE('',#7865,0.044537874371161);
#7867=EDGE_CURVE('',#7823,#7855,#7866,.T.);
#7868=ORIENTED_EDGE('',*,*,#7867,.F.);
#7869=ORIENTED_EDGE('',*,*,#7828,.T.);
#7870=EDGE_LOOP('',(#7853,#7861,#7868,#7869));
#7871=FACE_OUTER_BOUND('',#7870,.T.);
#7872=ADVANCED_FACE('',(#7871),#7844,.F.);
#7873=CARTESIAN_POINT('',(1.341990201198208,-1.267558986046507,0.999999999999997));
#7874=DIRECTION('',(0.0,0.0,1.0));
#7875=DIRECTION('',(0.995842759032929,-0.091088963555879,0.0));
#7876=AXIS2_PLACEMENT_3D('',#7873,#7874,#7875);
#7877=CYLINDRICAL_SURFACE('',#7876,0.042311293589573);
#7878=CARTESIAN_POINT('',(1.384186523610528,-1.264441945773908,1.009999999999997));
#7879=VERTEX_POINT('',#7878);
#7880=CARTESIAN_POINT('',(1.341990201198208,-1.267558986046507,1.009999999999997));
#7881=DIRECTION('',(0.0,0.0,1.0));
#7882=DIRECTION('',(0.995842759032929,-0.091088963555879,0.0));
#7883=AXIS2_PLACEMENT_3D('',#7880,#7881,#7882);
#7884=CIRCLE('',#7883,0.042311293589573);
#7885=EDGE_CURVE('',#7846,#7879,#7884,.T.);
#7886=ORIENTED_EDGE('',*,*,#7885,.T.);
#7887=CARTESIAN_POINT('',(1.384186523610528,-1.264441945773908,0.999999999999997));
#7888=VERTEX_POINT('',#7887);
#7889=CARTESIAN_POINT('',(1.384186523610528,-1.264441945773908,0.999999999999997));
#7890=DIRECTION('',(0.0,0.0,1.0));
#7891=VECTOR('',#7890,0.01);
#7892=LINE('',#7889,#7891);
#7893=EDGE_CURVE('',#7888,#7879,#7892,.T.);
#7894=ORIENTED_EDGE('',*,*,#7893,.F.);
#7895=CARTESIAN_POINT('',(1.341990201198208,-1.267558986046507,0.999999999999997));
#7896=DIRECTION('',(0.0,0.0,1.0));
#7897=DIRECTION('',(0.995842759032929,-0.091088963555879,0.0));
#7898=AXIS2_PLACEMENT_3D('',#7895,#7896,#7897);
#7899=CIRCLE('',#7898,0.042311293589573);
#7900=EDGE_CURVE('',#7855,#7888,#7899,.T.);
#7901=ORIENTED_EDGE('',*,*,#7900,.F.);
#7902=ORIENTED_EDGE('',*,*,#7860,.T.);
#7903=EDGE_LOOP('',(#7886,#7894,#7901,#7902));
#7904=FACE_OUTER_BOUND('',#7903,.T.);
#7905=ADVANCED_FACE('',(#7904),#7877,.F.);
#7906=CARTESIAN_POINT('',(1.341990201163186,-1.261324905501301,0.999999999999997));
#7907=DIRECTION('',(0.0,0.0,1.0));
#7908=DIRECTION('',(0.995842759039663,0.091088963482251,0.0));
#7909=AXIS2_PLACEMENT_3D('',#7906,#7907,#7908);
#7910=CYLINDRICAL_SURFACE('',#7909,0.042311293623794);
#7911=CARTESIAN_POINT('',(1.382920805798836,-1.250604309786314,1.009999999999997));
#7912=VERTEX_POINT('',#7911);
#7913=CARTESIAN_POINT('',(1.341990201163186,-1.261324905501301,1.009999999999997));
#7914=DIRECTION('',(0.0,0.0,1.0));
#7915=DIRECTION('',(0.995842759039663,0.091088963482251,0.0));
#7916=AXIS2_PLACEMENT_3D('',#7913,#7914,#7915);
#7917=CIRCLE('',#7916,0.042311293623794);
#7918=EDGE_CURVE('',#7879,#7912,#7917,.T.);
#7919=ORIENTED_EDGE('',*,*,#7918,.T.);
#7920=CARTESIAN_POINT('',(1.382920805798836,-1.250604309786314,0.999999999999997));
#7921=VERTEX_POINT('',#7920);
#7922=CARTESIAN_POINT('',(1.382920805798836,-1.250604309786314,0.999999999999997));
#7923=DIRECTION('',(0.0,0.0,1.0));
#7924=VECTOR('',#7923,0.01);
#7925=LINE('',#7922,#7924);
#7926=EDGE_CURVE('',#7921,#7912,#7925,.T.);
#7927=ORIENTED_EDGE('',*,*,#7926,.F.);
#7928=CARTESIAN_POINT('',(1.341990201163186,-1.261324905501301,0.999999999999997));
#7929=DIRECTION('',(0.0,0.0,1.0));
#7930=DIRECTION('',(0.995842759039663,0.091088963482251,0.0));
#7931=AXIS2_PLACEMENT_3D('',#7928,#7929,#7930);
#7932=CIRCLE('',#7931,0.042311293623794);
#7933=EDGE_CURVE('',#7888,#7921,#7932,.T.);
#7934=ORIENTED_EDGE('',*,*,#7933,.F.);
#7935=ORIENTED_EDGE('',*,*,#7893,.T.);
#7936=EDGE_LOOP('',(#7919,#7927,#7934,#7935));
#7937=FACE_OUTER_BOUND('',#7936,.T.);
#7938=ADVANCED_FACE('',(#7937),#7910,.F.);
#7939=CARTESIAN_POINT('',(1.339346846230483,-1.259820182019271,0.999999999999997));
#7940=DIRECTION('',(0.0,0.0,1.0));
#7941=DIRECTION('',(0.85644223049264,0.516242874845544,0.0));
#7942=AXIS2_PLACEMENT_3D('',#7939,#7940,#7941);
#7943=CYLINDRICAL_SURFACE('',#7942,0.044537874371065);
#7944=CARTESIAN_POINT('',(1.339346846230483,-1.259820182019271,1.009999999999997));
#7945=DIRECTION('',(0.0,0.0,1.0));
#7946=DIRECTION('',(0.85644223049264,0.516242874845544,0.0));
#7947=AXIS2_PLACEMENT_3D('',#7944,#7945,#7946);
#7948=CIRCLE('',#7947,0.044537874371065);
#7949=EDGE_CURVE('',#7912,#7313,#7948,.T.);
#7950=ORIENTED_EDGE('',*,*,#7949,.T.);
#7951=ORIENTED_EDGE('',*,*,#7342,.F.);
#7952=CARTESIAN_POINT('',(1.339346846230483,-1.259820182019271,0.999999999999997));
#7953=DIRECTION('',(0.0,0.0,1.0));
#7954=DIRECTION('',(0.85644223049264,0.516242874845544,0.0));
#7955=AXIS2_PLACEMENT_3D('',#7952,#7953,#7954);
#7956=CIRCLE('',#7955,0.044537874371065);
#7957=EDGE_CURVE('',#7921,#7331,#7956,.T.);
#7958=ORIENTED_EDGE('',*,*,#7957,.F.);
#7959=ORIENTED_EDGE('',*,*,#7926,.T.);
#7960=EDGE_LOOP('',(#7950,#7951,#7958,#7959));
#7961=FACE_OUTER_BOUND('',#7960,.T.);
#7962=ADVANCED_FACE('',(#7961),#7943,.F.);
#7963=CARTESIAN_POINT('',(1.356752029961658,0.064962223457102,1.009999999999997));
#7964=DIRECTION('',(0.0,0.0,1.0));
#7965=DIRECTION('',(1.0,0.0,0.0));
#7966=AXIS2_PLACEMENT_3D('',#7963,#7964,#7965);
#7967=PLANE('',#7966);
#7968=ORIENTED_EDGE('',*,*,#6598,.F.);
#7969=ORIENTED_EDGE('',*,*,#7293,.F.);
#7970=ORIENTED_EDGE('',*,*,#7262,.F.);
#7971=ORIENTED_EDGE('',*,*,#7230,.F.);
#7972=ORIENTED_EDGE('',*,*,#7198,.F.);
#7973=ORIENTED_EDGE('',*,*,#7165,.F.);
#7974=ORIENTED_EDGE('',*,*,#7132,.F.);
#7975=ORIENTED_EDGE('',*,*,#7099,.F.);
#7976=ORIENTED_EDGE('',*,*,#7066,.F.);
#7977=ORIENTED_EDGE('',*,*,#7033,.F.);
#7978=ORIENTED_EDGE('',*,*,#7000,.F.);
#7979=ORIENTED_EDGE('',*,*,#6967,.F.);
#7980=ORIENTED_EDGE('',*,*,#6934,.F.);
#7981=ORIENTED_EDGE('',*,*,#6901,.F.);
#7982=ORIENTED_EDGE('',*,*,#6868,.F.);
#7983=ORIENTED_EDGE('',*,*,#6835,.F.);
#7984=ORIENTED_EDGE('',*,*,#6802,.F.);
#7985=ORIENTED_EDGE('',*,*,#6769,.F.);
#7986=ORIENTED_EDGE('',*,*,#6736,.F.);
#7987=ORIENTED_EDGE('',*,*,#6703,.F.);
#7988=ORIENTED_EDGE('',*,*,#6670,.F.);
#7989=ORIENTED_EDGE('',*,*,#6637,.F.);
#7990=EDGE_LOOP('',(#7968,#7969,#7970,#7971,#7972,#7973,#7974,#7975,#7976,#7977,#7978,#7979,#7980,#7981,#7982,#7983,#7984,#7985,#7986,#7987,#7988,#7989));
#7991=FACE_OUTER_BOUND('',#7990,.T.);
#7992=ORIENTED_EDGE('',*,*,#7320,.F.);
#7993=ORIENTED_EDGE('',*,*,#7949,.F.);
#7994=ORIENTED_EDGE('',*,*,#7918,.F.);
#7995=ORIENTED_EDGE('',*,*,#7885,.F.);
#7996=ORIENTED_EDGE('',*,*,#7852,.F.);
#7997=ORIENTED_EDGE('',*,*,#7820,.F.);
#7998=ORIENTED_EDGE('',*,*,#7788,.F.);
#7999=ORIENTED_EDGE('',*,*,#7755,.F.);
#8000=ORIENTED_EDGE('',*,*,#7722,.F.);
#8001=ORIENTED_EDGE('',*,*,#7689,.F.);
#8002=ORIENTED_EDGE('',*,*,#7656,.F.);
#8003=ORIENTED_EDGE('',*,*,#7623,.F.);
#8004=ORIENTED_EDGE('',*,*,#7590,.F.);
#8005=ORIENTED_EDGE('',*,*,#7557,.F.);
#8006=ORIENTED_EDGE('',*,*,#7524,.F.);
#8007=ORIENTED_EDGE('',*,*,#7491,.F.);
#8008=ORIENTED_EDGE('',*,*,#7458,.F.);
#8009=ORIENTED_EDGE('',*,*,#7425,.F.);
#8010=ORIENTED_EDGE('',*,*,#7392,.F.);
#8011=ORIENTED_EDGE('',*,*,#7359,.F.);
#8012=EDGE_LOOP('',(#7992,#7993,#7994,#7995,#7996,#7997,#7998,#7999,#8000,#8001,#8002,#8003,#8004,#8005,#8006,#8007,#8008,#8009,#8010,#8011));
#8013=FACE_BOUND('',#8012,.T.);
#8014=ADVANCED_FACE('',(#7991,#8013),#7967,.T.);
#8015=CARTESIAN_POINT('',(1.356752029961658,0.064962223457102,0.999999999999997));
#8016=DIRECTION('',(0.0,0.0,1.0));
#8017=DIRECTION('',(1.0,0.0,0.0));
#8018=AXIS2_PLACEMENT_3D('',#8015,#8016,#8017);
#8019=PLANE('',#8018);
#8020=ORIENTED_EDGE('',*,*,#7301,.T.);
#8021=ORIENTED_EDGE('',*,*,#6614,.T.);
#8022=ORIENTED_EDGE('',*,*,#6652,.T.);
#8023=ORIENTED_EDGE('',*,*,#6685,.T.);
#8024=ORIENTED_EDGE('',*,*,#6718,.T.);
#8025=ORIENTED_EDGE('',*,*,#6751,.T.);
#8026=ORIENTED_EDGE('',*,*,#6784,.T.);
#8027=ORIENTED_EDGE('',*,*,#6817,.T.);
#8028=ORIENTED_EDGE('',*,*,#6850,.T.);
#8029=ORIENTED_EDGE('',*,*,#6883,.T.);
#8030=ORIENTED_EDGE('',*,*,#6916,.T.);
#8031=ORIENTED_EDGE('',*,*,#6949,.T.);
#8032=ORIENTED_EDGE('',*,*,#6982,.T.);
#8033=ORIENTED_EDGE('',*,*,#7015,.T.);
#8034=ORIENTED_EDGE('',*,*,#7048,.T.);
#8035=ORIENTED_EDGE('',*,*,#7081,.T.);
#8036=ORIENTED_EDGE('',*,*,#7114,.T.);
#8037=ORIENTED_EDGE('',*,*,#7147,.T.);
#8038=ORIENTED_EDGE('',*,*,#7180,.T.);
#8039=ORIENTED_EDGE('',*,*,#7213,.T.);
#8040=ORIENTED_EDGE('',*,*,#7244,.T.);
#8041=ORIENTED_EDGE('',*,*,#7277,.T.);
#8042=EDGE_LOOP('',(#8020,#8021,#8022,#8023,#8024,#8025,#8026,#8027,#8028,#8029,#8030,#8031,#8032,#8033,#8034,#8035,#8036,#8037,#8038,#8039,#8040,#8041));
#8043=FACE_OUTER_BOUND('',#8042,.T.);
#8044=ORIENTED_EDGE('',*,*,#7957,.T.);
#8045=ORIENTED_EDGE('',*,*,#7336,.T.);
#8046=ORIENTED_EDGE('',*,*,#7374,.T.);
#8047=ORIENTED_EDGE('',*,*,#7407,.T.);
#8048=ORIENTED_EDGE('',*,*,#7440,.T.);
#8049=ORIENTED_EDGE('',*,*,#7473,.T.);
#8050=ORIENTED_EDGE('',*,*,#7506,.T.);
#8051=ORIENTED_EDGE('',*,*,#7539,.T.);
#8052=ORIENTED_EDGE('',*,*,#7572,.T.);
#8053=ORIENTED_EDGE('',*,*,#7605,.T.);
#8054=ORIENTED_EDGE('',*,*,#7638,.T.);
#8055=ORIENTED_EDGE('',*,*,#7671,.T.);
#8056=ORIENTED_EDGE('',*,*,#7704,.T.);
#8057=ORIENTED_EDGE('',*,*,#7737,.T.);
#8058=ORIENTED_EDGE('',*,*,#7770,.T.);
#8059=ORIENTED_EDGE('',*,*,#7803,.T.);
#8060=ORIENTED_EDGE('',*,*,#7834,.T.);
#8061=ORIENTED_EDGE('',*,*,#7867,.T.);
#8062=ORIENTED_EDGE('',*,*,#7900,.T.);
#8063=ORIENTED_EDGE('',*,*,#7933,.T.);
#8064=EDGE_LOOP('',(#8044,#8045,#8046,#8047,#8048,#8049,#8050,#8051,#8052,#8053,#8054,#8055,#8056,#8057,#8058,#8059,#8060,#8061,#8062,#8063));
#8065=FACE_BOUND('',#8064,.T.);
#8066=ADVANCED_FACE('',(#8043,#8065),#8019,.F.);
#8067=CLOSED_SHELL('',(#6624,#6657,#6690,#6723,#6756,#6789,#6822,#6855,#6888,#6921,#6954,#6987,#7020,#7053,#7086,#7119,#7152,#7185,#7218,#7249,#7282,#7306,#7346,#7379,#7412,#7445,#7478,#7511,#7544,#7577,#7610,#7643,#7676,#7709,#7742,#7775,#7808,#7839,#7872,#7905,#7938,#7962,#8014,#8066));
#8068=MANIFOLD_SOLID_BREP('697',#8067);
#8069=STYLED_ITEM('NONE',(#159),#8068);
#8070=CARTESIAN_POINT('',(1.281840651958726,-1.026549692173124,0.999999999999997));
#8071=DIRECTION('',(0.0,0.0,1.0));
#8072=DIRECTION('',(0.076696498991581,0.997054485493363,0.0));
#8073=AXIS2_PLACEMENT_3D('',#8070,#8071,#8072);
#8074=CYLINDRICAL_SURFACE('',#8073,0.20957956639284);
#8075=CARTESIAN_POINT('',(1.32892280518986,-0.822327104057755,1.009999999999997));
#8076=VERTEX_POINT('',#8075);
#8077=CARTESIAN_POINT('',(1.266546449347046,-0.817528922835728,1.009999999999997));
#8078=VERTEX_POINT('',#8077);
#8079=CARTESIAN_POINT('',(1.281840651958726,-1.026549692173124,1.009999999999997));
#8080=DIRECTION('',(0.0,0.0,1.0));
#8081=DIRECTION('',(0.076696498991581,0.997054485493363,0.0));
#8082=AXIS2_PLACEMENT_3D('',#8079,#8080,#8081);
#8083=CIRCLE('',#8082,0.20957956639284);
#8084=EDGE_CURVE('',#8076,#8078,#8083,.T.);
#8085=ORIENTED_EDGE('',*,*,#8084,.T.);
#8086=CARTESIAN_POINT('',(1.266546449347046,-0.817528922835728,0.999999999999997));
#8087=VERTEX_POINT('',#8086);
#8088=CARTESIAN_POINT('',(1.266546449347046,-0.817528922835728,0.999999999999997));
#8089=DIRECTION('',(0.0,0.0,1.0));
#8090=VECTOR('',#8089,0.01);
#8091=LINE('',#8088,#8090);
#8092=EDGE_CURVE('',#8087,#8078,#8091,.T.);
#8093=ORIENTED_EDGE('',*,*,#8092,.F.);
#8094=CARTESIAN_POINT('',(1.32892280518986,-0.822327104057755,0.999999999999997));
#8095=VERTEX_POINT('',#8094);
#8096=CARTESIAN_POINT('',(1.281840651958726,-1.026549692173124,0.999999999999997));
#8097=DIRECTION('',(0.0,0.0,1.0));
#8098=DIRECTION('',(0.076696498991581,0.997054485493363,0.0));
#8099=AXIS2_PLACEMENT_3D('',#8096,#8097,#8098);
#8100=CIRCLE('',#8099,0.20957956639284);
#8101=EDGE_CURVE('',#8095,#8087,#8100,.T.);
#8102=ORIENTED_EDGE('',*,*,#8101,.F.);
#8103=CARTESIAN_POINT('',(1.32892280518986,-0.822327104057755,0.999999999999997));
#8104=DIRECTION('',(0.0,0.0,1.0));
#8105=VECTOR('',#8104,0.01);
#8106=LINE('',#8103,#8105);
#8107=EDGE_CURVE('',#8095,#8076,#8106,.T.);
#8108=ORIENTED_EDGE('',*,*,#8107,.T.);
#8109=EDGE_LOOP('',(#8085,#8093,#8102,#8108));
#8110=FACE_OUTER_BOUND('',#8109,.T.);
#8111=ADVANCED_FACE('',(#8110),#8074,.F.);
#8112=CARTESIAN_POINT('',(1.266546449347046,-0.817528922835728,0.999999999999997));
#8113=DIRECTION('',(1.0,0.0,0.0));
#8114=DIRECTION('',(0.0,0.0,1.0));
#8115=AXIS2_PLACEMENT_3D('',#8112,#8113,#8114);
#8116=PLANE('',#8115);
#8117=CARTESIAN_POINT('',(1.266546449347046,-0.949478906346489,1.009999999999997));
#8118=VERTEX_POINT('',#8117);
#8119=CARTESIAN_POINT('',(1.266546449347046,-0.817528922835728,1.009999999999997));
#8120=DIRECTION('',(0.0,-1.0,0.0));
#8121=VECTOR('',#8120,0.131949983510761);
#8122=LINE('',#8119,#8121);
#8123=EDGE_CURVE('',#8078,#8118,#8122,.T.);
#8124=ORIENTED_EDGE('',*,*,#8123,.T.);
#8125=CARTESIAN_POINT('',(1.266546449347046,-0.949478906346489,0.999999999999997));
#8126=VERTEX_POINT('',#8125);
#8127=CARTESIAN_POINT('',(1.266546449347046,-0.949478906346489,0.999999999999997));
#8128=DIRECTION('',(0.0,0.0,1.0));
#8129=VECTOR('',#8128,0.01);
#8130=LINE('',#8127,#8129);
#8131=EDGE_CURVE('',#8126,#8118,#8130,.T.);
#8132=ORIENTED_EDGE('',*,*,#8131,.F.);
#8133=CARTESIAN_POINT('',(1.266546449347046,-0.817528922835727,0.999999999999997));
#8134=DIRECTION('',(0.0,-1.0,0.0));
#8135=VECTOR('',#8134,0.131949983510763);
#8136=LINE('',#8133,#8135);
#8137=EDGE_CURVE('',#8087,#8126,#8136,.T.);
#8138=ORIENTED_EDGE('',*,*,#8137,.F.);
#8139=ORIENTED_EDGE('',*,*,#8092,.T.);
#8140=EDGE_LOOP('',(#8124,#8132,#8138,#8139));
#8141=FACE_OUTER_BOUND('',#8140,.T.);
#8142=ADVANCED_FACE('',(#8141),#8116,.T.);
#8143=CARTESIAN_POINT('',(1.266546449347046,-0.949478906346489,0.999999999999997));
#8144=DIRECTION('',(0.0,1.0,0.0));
#8145=DIRECTION('',(0.0,0.0,1.0));
#8146=AXIS2_PLACEMENT_3D('',#8143,#8144,#8145);
#8147=PLANE('',#8146);
#8148=CARTESIAN_POINT('',(1.302532808490871,-0.949478906346489,1.009999999999997));
#8149=VERTEX_POINT('',#8148);
#8150=CARTESIAN_POINT('',(1.266546449347046,-0.949478906346489,1.009999999999997));
#8151=DIRECTION('',(1.0,0.0,0.0));
#8152=VECTOR('',#8151,0.035986359143825);
#8153=LINE('',#8150,#8152);
#8154=EDGE_CURVE('',#8118,#8149,#8153,.T.);
#8155=ORIENTED_EDGE('',*,*,#8154,.T.);
#8156=CARTESIAN_POINT('',(1.302532808490871,-0.949478906346489,0.999999999999997));
#8157=VERTEX_POINT('',#8156);
#8158=CARTESIAN_POINT('',(1.302532808490871,-0.949478906346489,0.999999999999997));
#8159=DIRECTION('',(0.0,0.0,1.0));
#8160=VECTOR('',#8159,0.01);
#8161=LINE('',#8158,#8160);
#8162=EDGE_CURVE('',#8157,#8149,#8161,.T.);
#8163=ORIENTED_EDGE('',*,*,#8162,.F.);
#8164=CARTESIAN_POINT('',(1.266546449347047,-0.949478906346489,0.999999999999997));
#8165=DIRECTION('',(1.0,0.0,0.0));
#8166=VECTOR('',#8165,0.035986359143825);
#8167=LINE('',#8164,#8166);
#8168=EDGE_CURVE('',#8126,#8157,#8167,.T.);
#8169=ORIENTED_EDGE('',*,*,#8168,.F.);
#8170=ORIENTED_EDGE('',*,*,#8131,.T.);
#8171=EDGE_LOOP('',(#8155,#8163,#8169,#8170));
#8172=FACE_OUTER_BOUND('',#8171,.T.);
#8173=ADVANCED_FACE('',(#8172),#8147,.T.);
#8174=CARTESIAN_POINT('',(1.304856215802189,-0.811669860699162,0.999999999999997));
#8175=DIRECTION('',(0.0,0.0,1.0));
#8176=DIRECTION('',(0.187419360025662,-0.982279992409278,0.0));
#8177=AXIS2_PLACEMENT_3D('',#8174,#8175,#8176);
#8178=CYLINDRICAL_SURFACE('',#8177,0.137828630132393);
#8179=CARTESIAN_POINT('',(1.357757217651148,-0.938942070106722,1.009999999999997));
#8180=VERTEX_POINT('',#8179);
#8181=CARTESIAN_POINT('',(1.304856215802189,-0.811669860699162,1.009999999999997));
#8182=DIRECTION('',(0.0,0.0,1.0));
#8183=DIRECTION('',(0.187419360025662,-0.982279992409278,0.0));
#8184=AXIS2_PLACEMENT_3D('',#8181,#8182,#8183);
#8185=CIRCLE('',#8184,0.137828630132393);
#8186=EDGE_CURVE('',#8149,#8180,#8185,.T.);
#8187=ORIENTED_EDGE('',*,*,#8186,.T.);
#8188=CARTESIAN_POINT('',(1.357757217651148,-0.938942070106722,0.999999999999997));
#8189=VERTEX_POINT('',#8188);
#8190=CARTESIAN_POINT('',(1.357757217651148,-0.938942070106722,0.999999999999997));
#8191=DIRECTION('',(0.0,0.0,1.0));
#8192=VECTOR('',#8191,0.01);
#8193=LINE('',#8190,#8192);
#8194=EDGE_CURVE('',#8189,#8180,#8193,.T.);
#8195=ORIENTED_EDGE('',*,*,#8194,.F.);
#8196=CARTESIAN_POINT('',(1.304856215802189,-0.811669860699162,0.999999999999997));
#8197=DIRECTION('',(0.0,0.0,1.0));
#8198=DIRECTION('',(0.187419360025662,-0.982279992409278,0.0));
#8199=AXIS2_PLACEMENT_3D('',#8196,#8197,#8198);
#8200=CIRCLE('',#8199,0.137828630132393);
#8201=EDGE_CURVE('',#8157,#8189,#8200,.T.);
#8202=ORIENTED_EDGE('',*,*,#8201,.F.);
#8203=ORIENTED_EDGE('',*,*,#8162,.T.);
#8204=EDGE_LOOP('',(#8187,#8195,#8202,#8203));
#8205=FACE_OUTER_BOUND('',#8204,.T.);
#8206=ADVANCED_FACE('',(#8205),#8178,.F.);
#8207=CARTESIAN_POINT('',(1.338152590940779,-0.891633970287691,0.999999999999997));
#8208=DIRECTION('',(0.0,0.0,1.0));
#8209=DIRECTION('',(0.628736424015265,-0.777618485580491,0.0));
#8210=AXIS2_PLACEMENT_3D('',#8207,#8208,#8209);
#8211=CYLINDRICAL_SURFACE('',#8210,0.051209351656484);
#8212=CARTESIAN_POINT('',(1.380307228950545,-0.920709461534647,1.009999999999997));
#8213=VERTEX_POINT('',#8212);
#8214=CARTESIAN_POINT('',(1.338152590940779,-0.891633970287691,1.009999999999997));
#8215=DIRECTION('',(0.0,0.0,1.0));
#8216=DIRECTION('',(0.628736424015265,-0.777618485580491,0.0));
#8217=AXIS2_PLACEMENT_3D('',#8214,#8215,#8216);
#8218=CIRCLE('',#8217,0.051209351656484);
#8219=EDGE_CURVE('',#8180,#8213,#8218,.T.);
#8220=ORIENTED_EDGE('',*,*,#8219,.T.);
#8221=CARTESIAN_POINT('',(1.380307228950545,-0.920709461534647,0.999999999999997));
#8222=VERTEX_POINT('',#8221);
#8223=CARTESIAN_POINT('',(1.380307228950545,-0.920709461534647,0.999999999999997));
#8224=DIRECTION('',(0.0,0.0,1.0));
#8225=VECTOR('',#8224,0.01);
#8226=LINE('',#8223,#8225);
#8227=EDGE_CURVE('',#8222,#8213,#8226,.T.);
#8228=ORIENTED_EDGE('',*,*,#8227,.F.);
#8229=CARTESIAN_POINT('',(1.338152590940779,-0.891633970287691,0.999999999999997));
#8230=DIRECTION('',(0.0,0.0,1.0));
#8231=DIRECTION('',(0.628736424015265,-0.777618485580491,0.0));
#8232=AXIS2_PLACEMENT_3D('',#8229,#8230,#8231);
#8233=CIRCLE('',#8232,0.051209351656484);
#8234=EDGE_CURVE('',#8189,#8222,#8233,.T.);
#8235=ORIENTED_EDGE('',*,*,#8234,.F.);
#8236=ORIENTED_EDGE('',*,*,#8194,.T.);
#8237=EDGE_LOOP('',(#8220,#8228,#8235,#8236));
#8238=FACE_OUTER_BOUND('',#8237,.T.);
#8239=ADVANCED_FACE('',(#8238),#8211,.F.);
#8240=CARTESIAN_POINT('',(1.322605076606986,-0.885804281583868,0.999999999999997));
#8241=DIRECTION('',(0.0,0.0,1.0));
#8242=DIRECTION('',(0.971642155340628,-0.236456173455082,0.0));
#8243=AXIS2_PLACEMENT_3D('',#8240,#8241,#8242);
#8244=CYLINDRICAL_SURFACE('',#8243,0.067438193724302);
#8245=CARTESIAN_POINT('',(1.389893783696262,-0.88131653481373,1.009999999999997));
#8246=VERTEX_POINT('',#8245);
#8247=CARTESIAN_POINT('',(1.322605076606986,-0.885804281583868,1.009999999999997));
#8248=DIRECTION('',(0.0,0.0,1.0));
#8249=DIRECTION('',(0.971642155340628,-0.236456173455082,0.0));
#8250=AXIS2_PLACEMENT_3D('',#8247,#8248,#8249);
#8251=CIRCLE('',#8250,0.067438193724302);
#8252=EDGE_CURVE('',#8213,#8246,#8251,.T.);
#8253=ORIENTED_EDGE('',*,*,#8252,.T.);
#8254=CARTESIAN_POINT('',(1.389893783696262,-0.88131653481373,0.999999999999997));
#8255=VERTEX_POINT('',#8254);
#8256=CARTESIAN_POINT('',(1.389893783696262,-0.88131653481373,0.999999999999997));
#8257=DIRECTION('',(0.0,0.0,1.0));
#8258=VECTOR('',#8257,0.01);
#8259=LINE('',#8256,#8258);
#8260=EDGE_CURVE('',#8255,#8246,#8259,.T.);
#8261=ORIENTED_EDGE('',*,*,#8260,.F.);
#8262=CARTESIAN_POINT('',(1.322605076606986,-0.885804281583868,0.999999999999997));
#8263=DIRECTION('',(0.0,0.0,1.0));
#8264=DIRECTION('',(0.971642155340628,-0.236456173455082,0.0));
#8265=AXIS2_PLACEMENT_3D('',#8262,#8263,#8264);
#8266=CIRCLE('',#8265,0.067438193724302);
#8267=EDGE_CURVE('',#8222,#8255,#8266,.T.);
#8268=ORIENTED_EDGE('',*,*,#8267,.F.);
#8269=ORIENTED_EDGE('',*,*,#8227,.T.);
#8270=EDGE_LOOP('',(#8253,#8261,#8268,#8269));
#8271=FACE_OUTER_BOUND('',#8270,.T.);
#8272=ADVANCED_FACE('',(#8271),#8244,.F.);
#8273=CARTESIAN_POINT('',(1.338943433257434,-0.882836298673473,0.999999999999997));
#8274=DIRECTION('',(0.0,0.0,1.0));
#8275=DIRECTION('',(0.915421967363396,0.402495492730701,0.0));
#8276=AXIS2_PLACEMENT_3D('',#8273,#8274,#8275);
#8277=CYLINDRICAL_SURFACE('',#8276,0.050973011406554);
#8278=CARTESIAN_POINT('',(1.374505526767457,-0.846318010148379,1.009999999999997));
#8279=VERTEX_POINT('',#8278);
#8280=CARTESIAN_POINT('',(1.338943433257434,-0.882836298673473,1.009999999999997));
#8281=DIRECTION('',(0.0,0.0,1.0));
#8282=DIRECTION('',(0.915421967363396,0.402495492730701,0.0));
#8283=AXIS2_PLACEMENT_3D('',#8280,#8281,#8282);
#8284=CIRCLE('',#8283,0.050973011406554);
#8285=EDGE_CURVE('',#8246,#8279,#8284,.T.);
#8286=ORIENTED_EDGE('',*,*,#8285,.T.);
#8287=CARTESIAN_POINT('',(1.374505526767457,-0.846318010148379,0.999999999999997));
#8288=VERTEX_POINT('',#8287);
#8289=CARTESIAN_POINT('',(1.374505526767457,-0.846318010148379,0.999999999999997));
#8290=DIRECTION('',(0.0,0.0,1.0));
#8291=VECTOR('',#8290,0.01);
#8292=LINE('',#8289,#8291);
#8293=EDGE_CURVE('',#8288,#8279,#8292,.T.);
#8294=ORIENTED_EDGE('',*,*,#8293,.F.);
#8295=CARTESIAN_POINT('',(1.338943433257434,-0.882836298673473,0.999999999999997));
#8296=DIRECTION('',(0.0,0.0,1.0));
#8297=DIRECTION('',(0.915421967363396,0.402495492730701,0.0));
#8298=AXIS2_PLACEMENT_3D('',#8295,#8296,#8297);
#8299=CIRCLE('',#8298,0.050973011406554);
#8300=EDGE_CURVE('',#8255,#8288,#8299,.T.);
#8301=ORIENTED_EDGE('',*,*,#8300,.F.);
#8302=ORIENTED_EDGE('',*,*,#8260,.T.);
#8303=EDGE_LOOP('',(#8286,#8294,#8301,#8302));
#8304=FACE_OUTER_BOUND('',#8303,.T.);
#8305=ADVANCED_FACE('',(#8304),#8277,.F.);
#8306=CARTESIAN_POINT('',(1.318393463079793,-0.897631892627431,0.999999999999997));
#8307=DIRECTION('',(0.0,0.0,1.0));
#8308=DIRECTION('',(0.465746432728846,0.884918222436601,0.0));
#8309=AXIS2_PLACEMENT_3D('',#8306,#8307,#8308);
#8310=CYLINDRICAL_SURFACE('',#8309,0.076037347579066);
#8311=CARTESIAN_POINT('',(1.318393463079793,-0.897631892627431,1.009999999999997));
#8312=DIRECTION('',(0.0,0.0,1.0));
#8313=DIRECTION('',(0.465746432728846,0.884918222436601,0.0));
#8314=AXIS2_PLACEMENT_3D('',#8311,#8312,#8313);
#8315=CIRCLE('',#8314,0.076037347579066);
#8316=EDGE_CURVE('',#8279,#8076,#8315,.T.);
#8317=ORIENTED_EDGE('',*,*,#8316,.T.);
#8318=ORIENTED_EDGE('',*,*,#8107,.F.);
#8319=CARTESIAN_POINT('',(1.318393463079793,-0.897631892627431,0.999999999999997));
#8320=DIRECTION('',(0.0,0.0,1.0));
#8321=DIRECTION('',(0.465746432728846,0.884918222436601,0.0));
#8322=AXIS2_PLACEMENT_3D('',#8319,#8320,#8321);
#8323=CIRCLE('',#8322,0.076037347579066);
#8324=EDGE_CURVE('',#8288,#8095,#8323,.T.);
#8325=ORIENTED_EDGE('',*,*,#8324,.F.);
#8326=ORIENTED_EDGE('',*,*,#8293,.T.);
#8327=EDGE_LOOP('',(#8317,#8318,#8325,#8326));
#8328=FACE_OUTER_BOUND('',#8327,.T.);
#8329=ADVANCED_FACE('',(#8328),#8310,.F.);
#8330=CARTESIAN_POINT('',(1.134596465836027,-0.949940004103925,0.999999999999997));
#8331=DIRECTION('',(1.0,0.0,0.0));
#8332=DIRECTION('',(0.0,0.0,1.0));
#8333=AXIS2_PLACEMENT_3D('',#8330,#8331,#8332);
#8334=PLANE('',#8333);
#8335=CARTESIAN_POINT('',(1.134596465836027,-0.949940004103925,1.009999999999997));
#8336=VERTEX_POINT('',#8335);
#8337=CARTESIAN_POINT('',(1.134596465836027,-1.031047987062377,1.009999999999997));
#8338=VERTEX_POINT('',#8337);
#8339=CARTESIAN_POINT('',(1.134596465836027,-0.949940004103925,1.009999999999997));
#8340=DIRECTION('',(0.0,-1.0,0.0));
#8341=VECTOR('',#8340,0.081107982958452);
#8342=LINE('',#8339,#8341);
#8343=EDGE_CURVE('',#8336,#8338,#8342,.T.);
#8344=ORIENTED_EDGE('',*,*,#8343,.T.);
#8345=CARTESIAN_POINT('',(1.134596465836027,-1.031047987062377,0.999999999999997));
#8346=VERTEX_POINT('',#8345);
#8347=CARTESIAN_POINT('',(1.134596465836027,-1.031047987062377,0.999999999999997));
#8348=DIRECTION('',(0.0,0.0,1.0));
#8349=VECTOR('',#8348,0.01);
#8350=LINE('',#8347,#8349);
#8351=EDGE_CURVE('',#8346,#8338,#8350,.T.);
#8352=ORIENTED_EDGE('',*,*,#8351,.F.);
#8353=CARTESIAN_POINT('',(1.134596465836027,-0.949940004103925,0.999999999999997));
#8354=VERTEX_POINT('',#8353);
#8355=CARTESIAN_POINT('',(1.134596465836027,-0.949940004103925,0.999999999999997));
#8356=DIRECTION('',(0.0,-1.0,0.0));
#8357=VECTOR('',#8356,0.08110798295845);
#8358=LINE('',#8355,#8357);
#8359=EDGE_CURVE('',#8354,#8346,#8358,.T.);
#8360=ORIENTED_EDGE('',*,*,#8359,.F.);
#8361=CARTESIAN_POINT('',(1.134596465836027,-0.949940004103925,0.999999999999997));
#8362=DIRECTION('',(0.0,0.0,1.0));
#8363=VECTOR('',#8362,0.01);
#8364=LINE('',#8361,#8363);
#8365=EDGE_CURVE('',#8354,#8336,#8364,.T.);
#8366=ORIENTED_EDGE('',*,*,#8365,.T.);
#8367=EDGE_LOOP('',(#8344,#8352,#8360,#8366));
#8368=FACE_OUTER_BOUND('',#8367,.T.);
#8369=ADVANCED_FACE('',(#8368),#8334,.T.);
#8370=CARTESIAN_POINT('',(1.134596465836027,-1.031047987062377,0.999999999999997));
#8371=DIRECTION('',(0.0,-1.0,0.0));
#8372=DIRECTION('',(0.0,0.0,-1.0));
#8373=AXIS2_PLACEMENT_3D('',#8370,#8371,#8372);
#8374=PLANE('',#8373);
#8375=CARTESIAN_POINT('',(1.113507476161455,-1.031047987062376,1.009999999999997));
#8376=VERTEX_POINT('',#8375);
#8377=CARTESIAN_POINT('',(1.134596465836027,-1.031047987062376,1.009999999999997));
#8378=DIRECTION('',(-1.0,0.0,0.0));
#8379=VECTOR('',#8378,0.021088989674572);
#8380=LINE('',#8377,#8379);
#8381=EDGE_CURVE('',#8338,#8376,#8380,.T.);
#8382=ORIENTED_EDGE('',*,*,#8381,.T.);
#8383=CARTESIAN_POINT('',(1.113507476161455,-1.031047987062376,0.999999999999997));
#8384=VERTEX_POINT('',#8383);
#8385=CARTESIAN_POINT('',(1.113507476161455,-1.031047987062376,0.999999999999997));
#8386=DIRECTION('',(0.0,0.0,1.0));
#8387=VECTOR('',#8386,0.01);
#8388=LINE('',#8385,#8387);
#8389=EDGE_CURVE('',#8384,#8376,#8388,.T.);
#8390=ORIENTED_EDGE('',*,*,#8389,.F.);
#8391=CARTESIAN_POINT('',(1.134596465836027,-1.031047987062376,0.999999999999997));
#8392=DIRECTION('',(-1.0,0.0,0.0));
#8393=VECTOR('',#8392,0.021088989674572);
#8394=LINE('',#8391,#8393);
#8395=EDGE_CURVE('',#8346,#8384,#8394,.T.);
#8396=ORIENTED_EDGE('',*,*,#8395,.F.);
#8397=ORIENTED_EDGE('',*,*,#8351,.T.);
#8398=EDGE_LOOP('',(#8382,#8390,#8396,#8397));
#8399=FACE_OUTER_BOUND('',#8398,.T.);
#8400=ADVANCED_FACE('',(#8399),#8374,.T.);
#8401=CARTESIAN_POINT('',(1.120039426498364,-0.85575738826784,0.999999999999997));
#8402=DIRECTION('',(0.0,0.0,1.0));
#8403=DIRECTION('',(-0.358911239884257,-0.933371695459395,0.0));
#8404=AXIS2_PLACEMENT_3D('',#8401,#8402,#8403);
#8405=CYLINDRICAL_SURFACE('',#8404,0.175412258407399);
#8406=CARTESIAN_POINT('',(1.007444663547548,-0.990263446701534,1.009999999999997));
#8407=VERTEX_POINT('',#8406);
#8408=CARTESIAN_POINT('',(1.120039426498364,-0.85575738826784,1.009999999999997));
#8409=DIRECTION('',(0.0,0.0,-1.0));
#8410=DIRECTION('',(-0.358911239884257,-0.933371695459395,0.0));
#8411=AXIS2_PLACEMENT_3D('',#8408,#8409,#8410);
#8412=CIRCLE('',#8411,0.175412258407399);
#8413=EDGE_CURVE('',#8376,#8407,#8412,.T.);
#8414=ORIENTED_EDGE('',*,*,#8413,.T.);
#8415=CARTESIAN_POINT('',(1.007444663547548,-0.990263446701534,0.999999999999997));
#8416=VERTEX_POINT('',#8415);
#8417=CARTESIAN_POINT('',(1.007444663547548,-0.990263446701534,0.999999999999997));
#8418=DIRECTION('',(0.0,0.0,1.0));
#8419=VECTOR('',#8418,0.01);
#8420=LINE('',#8417,#8419);
#8421=EDGE_CURVE('',#8416,#8407,#8420,.T.);
#8422=ORIENTED_EDGE('',*,*,#8421,.F.);
#8423=CARTESIAN_POINT('',(1.120039426498364,-0.85575738826784,0.999999999999997));
#8424=DIRECTION('',(0.0,0.0,-1.0));
#8425=DIRECTION('',(-0.358911239884257,-0.933371695459395,0.0));
#8426=AXIS2_PLACEMENT_3D('',#8423,#8424,#8425);
#8427=CIRCLE('',#8426,0.175412258407399);
#8428=EDGE_CURVE('',#8384,#8416,#8427,.T.);
#8429=ORIENTED_EDGE('',*,*,#8428,.F.);
#8430=ORIENTED_EDGE('',*,*,#8389,.T.);
#8431=EDGE_LOOP('',(#8414,#8422,#8429,#8430));
#8432=FACE_OUTER_BOUND('',#8431,.T.);
#8433=ADVANCED_FACE('',(#8432),#8405,.T.);
#8434=CARTESIAN_POINT('',(1.007444663547548,-0.990263446701534,0.999999999999997));
#8435=DIRECTION('',(-0.694687914119333,-0.719311269184997,0.0));
#8436=DIRECTION('',(0.0,0.0,-1.0));
#8437=AXIS2_PLACEMENT_3D('',#8434,#8435,#8436);
#8438=PLANE('',#8437);
#8439=CARTESIAN_POINT('',(0.997100976208587,-0.980273842913962,1.009999999999997));
#8440=VERTEX_POINT('',#8439);
#8441=CARTESIAN_POINT('',(1.007444663547209,-0.990263446701885,1.009999999999997));
#8442=DIRECTION('',(-0.719311269184991,0.694687914119338,0.0));
#8443=VECTOR('',#8442,0.014379987885908);
#8444=LINE('',#8441,#8443);
#8445=EDGE_CURVE('',#8407,#8440,#8444,.T.);
#8446=ORIENTED_EDGE('',*,*,#8445,.T.);
#8447=CARTESIAN_POINT('',(0.997100976208587,-0.980273842913962,0.999999999999997));
#8448=VERTEX_POINT('',#8447);
#8449=CARTESIAN_POINT('',(0.997100976208587,-0.980273842913962,0.999999999999997));
#8450=DIRECTION('',(0.0,0.0,1.0));
#8451=VECTOR('',#8450,0.01);
#8452=LINE('',#8449,#8451);
#8453=EDGE_CURVE('',#8448,#8440,#8452,.T.);
#8454=ORIENTED_EDGE('',*,*,#8453,.F.);
#8455=CARTESIAN_POINT('',(1.007444663547209,-0.990263446701885,0.999999999999997));
#8456=DIRECTION('',(-0.719311269184999,0.69468791411933,0.0));
#8457=VECTOR('',#8456,0.014379987885908);
#8458=LINE('',#8455,#8457);
#8459=EDGE_CURVE('',#8416,#8448,#8458,.T.);
#8460=ORIENTED_EDGE('',*,*,#8459,.F.);
#8461=ORIENTED_EDGE('',*,*,#8421,.T.);
#8462=EDGE_LOOP('',(#8446,#8454,#8460,#8461));
#8463=FACE_OUTER_BOUND('',#8462,.T.);
#8464=ADVANCED_FACE('',(#8463),#8438,.T.);
#8465=CARTESIAN_POINT('',(1.103521214779315,-0.890956472600829,0.999999999999997));
#8466=DIRECTION('',(0.0,0.0,1.0));
#8467=DIRECTION('',(-0.838604165583927,-0.544741272041403,0.0));
#8468=AXIS2_PLACEMENT_3D('',#8465,#8466,#8467);
#8469=CYLINDRICAL_SURFACE('',#8468,0.138934732218433);
#8470=CARTESIAN_POINT('',(0.978655576242811,-0.951877996954869,1.009999999999997));
#8471=VERTEX_POINT('',#8470);
#8472=CARTESIAN_POINT('',(1.103521214779315,-0.890956472600829,1.009999999999997));
#8473=DIRECTION('',(0.0,0.0,-1.0));
#8474=DIRECTION('',(-0.838604165583927,-0.544741272041403,0.0));
#8475=AXIS2_PLACEMENT_3D('',#8472,#8473,#8474);
#8476=CIRCLE('',#8475,0.138934732218433);
#8477=EDGE_CURVE('',#8440,#8471,#8476,.T.);
#8478=ORIENTED_EDGE('',*,*,#8477,.T.);
#8479=CARTESIAN_POINT('',(0.978655576242811,-0.951877996954869,0.999999999999997));
#8480=VERTEX_POINT('',#8479);
#8481=CARTESIAN_POINT('',(0.978655576242811,-0.951877996954869,0.999999999999997));
#8482=DIRECTION('',(0.0,0.0,1.0));
#8483=VECTOR('',#8482,0.01);
#8484=LINE('',#8481,#8483);
#8485=EDGE_CURVE('',#8480,#8471,#8484,.T.);
#8486=ORIENTED_EDGE('',*,*,#8485,.F.);
#8487=CARTESIAN_POINT('',(1.103521214779315,-0.890956472600829,0.999999999999997));
#8488=DIRECTION('',(0.0,0.0,-1.0));
#8489=DIRECTION('',(-0.838604165583927,-0.544741272041403,0.0));
#8490=AXIS2_PLACEMENT_3D('',#8487,#8488,#8489);
#8491=CIRCLE('',#8490,0.138934732218433);
#8492=EDGE_CURVE('',#8448,#8480,#8491,.T.);
#8493=ORIENTED_EDGE('',*,*,#8492,.F.);
#8494=ORIENTED_EDGE('',*,*,#8453,.T.);
#8495=EDGE_LOOP('',(#8478,#8486,#8493,#8494));
#8496=FACE_OUTER_BOUND('',#8495,.T.);
#8497=ADVANCED_FACE('',(#8496),#8469,.T.);
#8498=CARTESIAN_POINT('',(1.116477018343143,-0.88994357885145,0.999999999999997));
#8499=DIRECTION('',(0.0,0.0,1.0));
#8500=DIRECTION('',(-0.989359135354139,-0.145493990567688,0.0));
#8501=AXIS2_PLACEMENT_3D('',#8498,#8499,#8500);
#8502=CYLINDRICAL_SURFACE('',#8501,0.151098054416725);
#8503=CARTESIAN_POINT('',(0.966660123192236,-0.870308916244254,1.009999999999997));
#8504=VERTEX_POINT('',#8503);
#8505=CARTESIAN_POINT('',(1.116477018343143,-0.88994357885145,1.009999999999997));
#8506=DIRECTION('',(0.0,0.0,-1.0));
#8507=DIRECTION('',(-0.989359135354139,-0.145493990567688,0.0));
#8508=AXIS2_PLACEMENT_3D('',#8505,#8506,#8507);
#8509=CIRCLE('',#8508,0.151098054416725);
#8510=EDGE_CURVE('',#8471,#8504,#8509,.T.);
#8511=ORIENTED_EDGE('',*,*,#8510,.T.);
#8512=CARTESIAN_POINT('',(0.966660123192236,-0.870308916244254,0.999999999999997));
#8513=VERTEX_POINT('',#8512);
#8514=CARTESIAN_POINT('',(0.966660123192236,-0.870308916244254,0.999999999999997));
#8515=DIRECTION('',(0.0,0.0,1.0));
#8516=VECTOR('',#8515,0.01);
#8517=LINE('',#8514,#8516);
#8518=EDGE_CURVE('',#8513,#8504,#8517,.T.);
#8519=ORIENTED_EDGE('',*,*,#8518,.F.);
#8520=CARTESIAN_POINT('',(1.116477018343143,-0.88994357885145,0.999999999999997));
#8521=DIRECTION('',(0.0,0.0,-1.0));
#8522=DIRECTION('',(-0.989359135354139,-0.145493990567688,0.0));
#8523=AXIS2_PLACEMENT_3D('',#8520,#8521,#8522);
#8524=CIRCLE('',#8523,0.151098054416725);
#8525=EDGE_CURVE('',#8480,#8513,#8524,.T.);
#8526=ORIENTED_EDGE('',*,*,#8525,.F.);
#8527=ORIENTED_EDGE('',*,*,#8485,.T.);
#8528=EDGE_LOOP('',(#8511,#8519,#8526,#8527));
#8529=FACE_OUTER_BOUND('',#8528,.T.);
#8530=ADVANCED_FACE('',(#8529),#8502,.T.);
#8531=CARTESIAN_POINT('',(1.131955494703341,-0.890460948785537,0.999999999999997));
#8532=DIRECTION('',(0.0,0.0,1.0));
#8533=DIRECTION('',(-0.95876330304114,0.284205785904587,0.0));
#8534=AXIS2_PLACEMENT_3D('',#8531,#8532,#8533);
#8535=CYLINDRICAL_SURFACE('',#8534,0.166519260923511);
#8536=CARTESIAN_POINT('',(0.982380609095415,-0.817276128955668,1.009999999999997));
#8537=VERTEX_POINT('',#8536);
#8538=CARTESIAN_POINT('',(1.131955494703341,-0.890460948785537,1.009999999999997));
#8539=DIRECTION('',(0.0,0.0,-1.0));
#8540=DIRECTION('',(-0.95876330304114,0.284205785904587,0.0));
#8541=AXIS2_PLACEMENT_3D('',#8538,#8539,#8540);
#8542=CIRCLE('',#8541,0.166519260923511);
#8543=EDGE_CURVE('',#8504,#8537,#8542,.T.);
#8544=ORIENTED_EDGE('',*,*,#8543,.T.);
#8545=CARTESIAN_POINT('',(0.982380609095415,-0.817276128955668,0.999999999999997));
#8546=VERTEX_POINT('',#8545);
#8547=CARTESIAN_POINT('',(0.982380609095415,-0.817276128955668,0.999999999999997));
#8548=DIRECTION('',(0.0,0.0,1.0));
#8549=VECTOR('',#8548,0.01);
#8550=LINE('',#8547,#8549);
#8551=EDGE_CURVE('',#8546,#8537,#8550,.T.);
#8552=ORIENTED_EDGE('',*,*,#8551,.F.);
#8553=CARTESIAN_POINT('',(1.131955494703341,-0.890460948785537,0.999999999999997));
#8554=DIRECTION('',(0.0,0.0,-1.0));
#8555=DIRECTION('',(-0.95876330304114,0.284205785904587,0.0));
#8556=AXIS2_PLACEMENT_3D('',#8553,#8554,#8555);
#8557=CIRCLE('',#8556,0.166519260923511);
#8558=EDGE_CURVE('',#8513,#8546,#8557,.T.);
#8559=ORIENTED_EDGE('',*,*,#8558,.F.);
#8560=ORIENTED_EDGE('',*,*,#8518,.T.);
#8561=EDGE_LOOP('',(#8544,#8552,#8559,#8560));
#8562=FACE_OUTER_BOUND('',#8561,.T.);
#8563=ADVANCED_FACE('',(#8562),#8535,.T.);
#8564=CARTESIAN_POINT('',(1.096306192439165,-0.881375694165222,0.999999999999997));
#8565=DIRECTION('',(0.0,0.0,1.0));
#8566=DIRECTION('',(-0.764720301662722,0.644362367169961,0.0));
#8567=AXIS2_PLACEMENT_3D('',#8564,#8565,#8566);
#8568=CYLINDRICAL_SURFACE('',#8567,0.130720284579235);
#8569=CARTESIAN_POINT('',(1.013814048378591,-0.779971360091046,1.009999999999997));
#8570=VERTEX_POINT('',#8569);
#8571=CARTESIAN_POINT('',(1.096306192439165,-0.881375694165222,1.009999999999997));
#8572=DIRECTION('',(0.0,0.0,-1.0));
#8573=DIRECTION('',(-0.764720301662722,0.644362367169961,0.0));
#8574=AXIS2_PLACEMENT_3D('',#8571,#8572,#8573);
#8575=CIRCLE('',#8574,0.130720284579235);
#8576=EDGE_CURVE('',#8537,#8570,#8575,.T.);
#8577=ORIENTED_EDGE('',*,*,#8576,.T.);
#8578=CARTESIAN_POINT('',(1.013814048378591,-0.779971360091046,0.999999999999997));
#8579=VERTEX_POINT('',#8578);
#8580=CARTESIAN_POINT('',(1.013814048378591,-0.779971360091046,0.999999999999997));
#8581=DIRECTION('',(0.0,0.0,1.0));
#8582=VECTOR('',#8581,0.01);
#8583=LINE('',#8580,#8582);
#8584=EDGE_CURVE('',#8579,#8570,#8583,.T.);
#8585=ORIENTED_EDGE('',*,*,#8584,.F.);
#8586=CARTESIAN_POINT('',(1.096306192439165,-0.881375694165222,0.999999999999997));
#8587=DIRECTION('',(0.0,0.0,-1.0));
#8588=DIRECTION('',(-0.764720301662722,0.644362367169961,0.0));
#8589=AXIS2_PLACEMENT_3D('',#8586,#8587,#8588);
#8590=CIRCLE('',#8589,0.130720284579235);
#8591=EDGE_CURVE('',#8546,#8579,#8590,.T.);
#8592=ORIENTED_EDGE('',*,*,#8591,.F.);
#8593=ORIENTED_EDGE('',*,*,#8551,.T.);
#8594=EDGE_LOOP('',(#8577,#8585,#8592,#8593));
#8595=FACE_OUTER_BOUND('',#8594,.T.);
#8596=ADVANCED_FACE('',(#8595),#8568,.T.);
#8597=CARTESIAN_POINT('',(1.223775762083635,-1.080123085642986,0.999999999999997));
#8598=DIRECTION('',(0.0,0.0,1.0));
#8599=DIRECTION('',(-0.5302002422659,0.847872456859627,0.0));
#8600=AXIS2_PLACEMENT_3D('',#8597,#8598,#8599);
#8601=CYLINDRICAL_SURFACE('',#8600,0.366299030263269);
#8602=CARTESIAN_POINT('',(1.04583011329711,-0.759950748220469,1.009999999999997));
#8603=VERTEX_POINT('',#8602);
#8604=CARTESIAN_POINT('',(1.223775762083635,-1.080123085642986,1.009999999999997));
#8605=DIRECTION('',(0.0,0.0,-1.0));
#8606=DIRECTION('',(-0.5302002422659,0.847872456859627,0.0));
#8607=AXIS2_PLACEMENT_3D('',#8604,#8605,#8606);
#8608=CIRCLE('',#8607,0.366299030263269);
#8609=EDGE_CURVE('',#8570,#8603,#8608,.T.);
#8610=ORIENTED_EDGE('',*,*,#8609,.T.);
#8611=CARTESIAN_POINT('',(1.04583011329711,-0.759950748220469,0.999999999999997));
#8612=VERTEX_POINT('',#8611);
#8613=CARTESIAN_POINT('',(1.04583011329711,-0.759950748220469,0.999999999999997));
#8614=DIRECTION('',(0.0,0.0,1.0));
#8615=VECTOR('',#8614,0.01);
#8616=LINE('',#8613,#8615);
#8617=EDGE_CURVE('',#8612,#8603,#8616,.T.);
#8618=ORIENTED_EDGE('',*,*,#8617,.F.);
#8619=CARTESIAN_POINT('',(1.223775762083635,-1.080123085642986,0.999999999999997));
#8620=DIRECTION('',(0.0,0.0,-1.0));
#8621=DIRECTION('',(-0.5302002422659,0.847872456859627,0.0));
#8622=AXIS2_PLACEMENT_3D('',#8619,#8620,#8621);
#8623=CIRCLE('',#8622,0.366299030263269);
#8624=EDGE_CURVE('',#8579,#8612,#8623,.T.);
#8625=ORIENTED_EDGE('',*,*,#8624,.F.);
#8626=ORIENTED_EDGE('',*,*,#8584,.T.);
#8627=EDGE_LOOP('',(#8610,#8618,#8625,#8626));
#8628=FACE_OUTER_BOUND('',#8627,.T.);
#8629=ADVANCED_FACE('',(#8628),#8601,.T.);
#8630=CARTESIAN_POINT('',(1.196813845814442,-1.171568215945366,0.999999999999997));
#8631=DIRECTION('',(0.0,0.0,1.0));
#8632=DIRECTION('',(-0.153102994545877,0.988210237278022,0.0));
#8633=AXIS2_PLACEMENT_3D('',#8630,#8631,#8632);
#8634=CYLINDRICAL_SURFACE('',#8633,0.438434746820922);
#8635=CARTESIAN_POINT('',(1.216165546555071,-0.733560751510942,1.009999999999997));
#8636=VERTEX_POINT('',#8635);
#8637=CARTESIAN_POINT('',(1.196813845814442,-1.171568215945366,1.009999999999997));
#8638=DIRECTION('',(0.0,0.0,-1.0));
#8639=DIRECTION('',(-0.153102994545877,0.988210237278022,0.0));
#8640=AXIS2_PLACEMENT_3D('',#8637,#8638,#8639);
#8641=CIRCLE('',#8640,0.438434746820922);
#8642=EDGE_CURVE('',#8603,#8636,#8641,.T.);
#8643=ORIENTED_EDGE('',*,*,#8642,.T.);
#8644=CARTESIAN_POINT('',(1.216165546555071,-0.733560751510942,0.999999999999997));
#8645=VERTEX_POINT('',#8644);
#8646=CARTESIAN_POINT('',(1.216165546555071,-0.733560751510942,0.999999999999997));
#8647=DIRECTION('',(0.0,0.0,1.0));
#8648=VECTOR('',#8647,0.01);
#8649=LINE('',#8646,#8648);
#8650=EDGE_CURVE('',#8645,#8636,#8649,.T.);
#8651=ORIENTED_EDGE('',*,*,#8650,.F.);
#8652=CARTESIAN_POINT('',(1.196813845814442,-1.171568215945366,0.999999999999997));
#8653=DIRECTION('',(0.0,0.0,-1.0));
#8654=DIRECTION('',(-0.153102994545877,0.988210237278022,0.0));
#8655=AXIS2_PLACEMENT_3D('',#8652,#8653,#8654);
#8656=CIRCLE('',#8655,0.438434746820922);
#8657=EDGE_CURVE('',#8612,#8645,#8656,.T.);
#8658=ORIENTED_EDGE('',*,*,#8657,.F.);
#8659=ORIENTED_EDGE('',*,*,#8617,.T.);
#8660=EDGE_LOOP('',(#8643,#8651,#8658,#8659));
#8661=FACE_OUTER_BOUND('',#8660,.T.);
#8662=ADVANCED_FACE('',(#8661),#8634,.T.);
#8663=CARTESIAN_POINT('',(1.212566910680166,-1.357750852256299,0.999999999999997));
#8664=DIRECTION('',(0.0,0.0,1.0));
#8665=DIRECTION('',(0.064939432077689,0.997889207357925,0.0));
#8666=AXIS2_PLACEMENT_3D('',#8663,#8664,#8665);
#8667=CYLINDRICAL_SURFACE('',#8666,0.624200474248467);
#8668=CARTESIAN_POINT('',(1.289896607874142,-0.738358932722431,1.009999999999997));
#8669=VERTEX_POINT('',#8668);
#8670=CARTESIAN_POINT('',(1.212566910680166,-1.357750852256299,1.009999999999997));
#8671=DIRECTION('',(0.0,0.0,-1.0));
#8672=DIRECTION('',(0.064939432077689,0.997889207357925,0.0));
#8673=AXIS2_PLACEMENT_3D('',#8670,#8671,#8672);
#8674=CIRCLE('',#8673,0.624200474248467);
#8675=EDGE_CURVE('',#8636,#8669,#8674,.T.);
#8676=ORIENTED_EDGE('',*,*,#8675,.T.);
#8677=CARTESIAN_POINT('',(1.289896607874142,-0.738358932722431,0.999999999999997));
#8678=VERTEX_POINT('',#8677);
#8679=CARTESIAN_POINT('',(1.289896607874142,-0.738358932722431,0.999999999999997));
#8680=DIRECTION('',(0.0,0.0,1.0));
#8681=VECTOR('',#8680,0.01);
#8682=LINE('',#8679,#8681);
#8683=EDGE_CURVE('',#8678,#8669,#8682,.T.);
#8684=ORIENTED_EDGE('',*,*,#8683,.F.);
#8685=CARTESIAN_POINT('',(1.212566910680166,-1.357750852256299,0.999999999999997));
#8686=DIRECTION('',(0.0,0.0,-1.0));
#8687=DIRECTION('',(0.064939432077689,0.997889207357925,0.0));
#8688=AXIS2_PLACEMENT_3D('',#8685,#8686,#8687);
#8689=CIRCLE('',#8688,0.624200474248467);
#8690=EDGE_CURVE('',#8645,#8678,#8689,.T.);
#8691=ORIENTED_EDGE('',*,*,#8690,.F.);
#8692=ORIENTED_EDGE('',*,*,#8650,.T.);
#8693=EDGE_LOOP('',(#8676,#8684,#8691,#8692));
#8694=FACE_OUTER_BOUND('',#8693,.T.);
#8695=ADVANCED_FACE('',(#8694),#8667,.T.);
#8696=CARTESIAN_POINT('',(1.258769539051604,-1.043475367981469,0.999999999999997));
#8697=DIRECTION('',(0.0,0.0,1.0));
#8698=DIRECTION('',(0.285646294114779,0.958335116052049,0.0));
#8699=AXIS2_PLACEMENT_3D('',#8696,#8697,#8698);
#8700=CYLINDRICAL_SURFACE('',#8699,0.306700070880414);
#8701=CARTESIAN_POINT('',(1.399770142723614,-0.771108403679673,1.009999999999997));
#8702=VERTEX_POINT('',#8701);
#8703=CARTESIAN_POINT('',(1.258769539051604,-1.043475367981469,1.009999999999997));
#8704=DIRECTION('',(0.0,0.0,-1.0));
#8705=DIRECTION('',(0.285646294114779,0.958335116052049,0.0));
#8706=AXIS2_PLACEMENT_3D('',#8703,#8704,#8705);
#8707=CIRCLE('',#8706,0.306700070880414);
#8708=EDGE_CURVE('',#8669,#8702,#8707,.T.);
#8709=ORIENTED_EDGE('',*,*,#8708,.T.);
#8710=CARTESIAN_POINT('',(1.399770142723614,-0.771108403679673,0.999999999999997));
#8711=VERTEX_POINT('',#8710);
#8712=CARTESIAN_POINT('',(1.399770142723614,-0.771108403679673,0.999999999999997));
#8713=DIRECTION('',(0.0,0.0,1.0));
#8714=VECTOR('',#8713,0.01);
#8715=LINE('',#8712,#8714);
#8716=EDGE_CURVE('',#8711,#8702,#8715,.T.);
#8717=ORIENTED_EDGE('',*,*,#8716,.F.);
#8718=CARTESIAN_POINT('',(1.258769539051604,-1.043475367981469,0.999999999999997));
#8719=DIRECTION('',(0.0,0.0,-1.0));
#8720=DIRECTION('',(0.285646294114779,0.958335116052049,0.0));
#8721=AXIS2_PLACEMENT_3D('',#8718,#8719,#8720);
#8722=CIRCLE('',#8721,0.306700070880414);
#8723=EDGE_CURVE('',#8678,#8711,#8722,.T.);
#8724=ORIENTED_EDGE('',*,*,#8723,.F.);
#8725=ORIENTED_EDGE('',*,*,#8683,.T.);
#8726=EDGE_LOOP('',(#8709,#8717,#8724,#8725));
#8727=FACE_OUTER_BOUND('',#8726,.T.);
#8728=ADVANCED_FACE('',(#8727),#8700,.T.);
#8729=CARTESIAN_POINT('',(1.329790394386627,-0.885047549705885,0.999999999999997));
#8730=DIRECTION('',(0.0,0.0,1.0));
#8731=DIRECTION('',(0.797541611542877,0.603263937143262,0.0));
#8732=AXIS2_PLACEMENT_3D('',#8729,#8730,#8731);
#8733=CYLINDRICAL_SURFACE('',#8732,0.133713477904427);
#8734=CARTESIAN_POINT('',(1.458473698092245,-0.848717100756745,1.009999999999997));
#8735=VERTEX_POINT('',#8734);
#8736=CARTESIAN_POINT('',(1.329790394386627,-0.885047549705885,1.009999999999997));
#8737=DIRECTION('',(0.0,0.0,-1.0));
#8738=DIRECTION('',(0.797541611542877,0.603263937143262,0.0));
#8739=AXIS2_PLACEMENT_3D('',#8736,#8737,#8738);
#8740=CIRCLE('',#8739,0.133713477904427);
#8741=EDGE_CURVE('',#8702,#8735,#8740,.T.);
#8742=ORIENTED_EDGE('',*,*,#8741,.T.);
#8743=CARTESIAN_POINT('',(1.458473698092245,-0.848717100756745,0.999999999999997));
#8744=VERTEX_POINT('',#8743);
#8745=CARTESIAN_POINT('',(1.458473698092245,-0.848717100756745,0.999999999999997));
#8746=DIRECTION('',(0.0,0.0,1.0));
#8747=VECTOR('',#8746,0.01);
#8748=LINE('',#8745,#8747);
#8749=EDGE_CURVE('',#8744,#8735,#8748,.T.);
#8750=ORIENTED_EDGE('',*,*,#8749,.F.);
#8751=CARTESIAN_POINT('',(1.329790394386627,-0.885047549705885,0.999999999999997));
#8752=DIRECTION('',(0.0,0.0,-1.0));
#8753=DIRECTION('',(0.797541611542877,0.603263937143262,0.0));
#8754=AXIS2_PLACEMENT_3D('',#8751,#8752,#8753);
#8755=CIRCLE('',#8754,0.133713477904427);
#8756=EDGE_CURVE('',#8711,#8744,#8755,.T.);
#8757=ORIENTED_EDGE('',*,*,#8756,.F.);
#8758=ORIENTED_EDGE('',*,*,#8716,.T.);
#8759=EDGE_LOOP('',(#8742,#8750,#8757,#8758));
#8760=FACE_OUTER_BOUND('',#8759,.T.);
#8761=ADVANCED_FACE('',(#8760),#8733,.T.);
#8762=CARTESIAN_POINT('',(1.299148470327054,-0.88455086089417,0.999999999999997));
#8763=DIRECTION('',(0.0,0.0,1.0));
#8764=DIRECTION('',(0.99924024190338,-0.038973567464056,0.0));
#8765=AXIS2_PLACEMENT_3D('',#8762,#8763,#8764);
#8766=CYLINDRICAL_SURFACE('',#8765,0.163305194555165);
#8767=CARTESIAN_POINT('',(1.455198670673386,-0.932685272076273,1.009999999999997));
#8768=VERTEX_POINT('',#8767);
#8769=CARTESIAN_POINT('',(1.299148470327054,-0.88455086089417,1.009999999999997));
#8770=DIRECTION('',(0.0,0.0,-1.0));
#8771=DIRECTION('',(0.99924024190338,-0.038973567464056,0.0));
#8772=AXIS2_PLACEMENT_3D('',#8769,#8770,#8771);
#8773=CIRCLE('',#8772,0.163305194555165);
#8774=EDGE_CURVE('',#8735,#8768,#8773,.T.);
#8775=ORIENTED_EDGE('',*,*,#8774,.T.);
#8776=CARTESIAN_POINT('',(1.455198670673386,-0.932685272076273,0.999999999999997));
#8777=VERTEX_POINT('',#8776);
#8778=CARTESIAN_POINT('',(1.455198670673386,-0.932685272076273,0.999999999999997));
#8779=DIRECTION('',(0.0,0.0,1.0));
#8780=VECTOR('',#8779,0.01);
#8781=LINE('',#8778,#8780);
#8782=EDGE_CURVE('',#8777,#8768,#8781,.T.);
#8783=ORIENTED_EDGE('',*,*,#8782,.F.);
#8784=CARTESIAN_POINT('',(1.299148470327054,-0.88455086089417,0.999999999999997));
#8785=DIRECTION('',(0.0,0.0,-1.0));
#8786=DIRECTION('',(0.99924024190338,-0.038973567464056,0.0));
#8787=AXIS2_PLACEMENT_3D('',#8784,#8785,#8786);
#8788=CIRCLE('',#8787,0.163305194555165);
#8789=EDGE_CURVE('',#8744,#8777,#8788,.T.);
#8790=ORIENTED_EDGE('',*,*,#8789,.F.);
#8791=ORIENTED_EDGE('',*,*,#8749,.T.);
#8792=EDGE_LOOP('',(#8775,#8783,#8790,#8791));
#8793=FACE_OUTER_BOUND('',#8792,.T.);
#8794=ADVANCED_FACE('',(#8793),#8766,.T.);
#8795=CARTESIAN_POINT('',(1.327046264624503,-0.894033627796456,0.999999999999997));
#8796=DIRECTION('',(0.0,0.0,1.0));
#8797=DIRECTION('',(0.853784448352773,-0.52062665678099,0.0));
#8798=AXIS2_PLACEMENT_3D('',#8795,#8796,#8797);
#8799=CYLINDRICAL_SURFACE('',#8798,0.133854356606157);
#8800=CARTESIAN_POINT('',(1.420088248345315,-0.990263446701534,1.009999999999997));
#8801=VERTEX_POINT('',#8800);
#8802=CARTESIAN_POINT('',(1.327046264624503,-0.894033627796456,1.009999999999997));
#8803=DIRECTION('',(0.0,0.0,-1.0));
#8804=DIRECTION('',(0.853784448352773,-0.52062665678099,0.0));
#8805=AXIS2_PLACEMENT_3D('',#8802,#8803,#8804);
#8806=CIRCLE('',#8805,0.133854356606157);
#8807=EDGE_CURVE('',#8768,#8801,#8806,.T.);
#8808=ORIENTED_EDGE('',*,*,#8807,.T.);
#8809=CARTESIAN_POINT('',(1.420088248345315,-0.990263446701534,0.999999999999997));
#8810=VERTEX_POINT('',#8809);
#8811=CARTESIAN_POINT('',(1.420088248345315,-0.990263446701534,0.999999999999997));
#8812=DIRECTION('',(0.0,0.0,1.0));
#8813=VECTOR('',#8812,0.01);
#8814=LINE('',#8811,#8813);
#8815=EDGE_CURVE('',#8810,#8801,#8814,.T.);
#8816=ORIENTED_EDGE('',*,*,#8815,.F.);
#8817=CARTESIAN_POINT('',(1.327046264624503,-0.894033627796456,0.999999999999997));
#8818=DIRECTION('',(0.0,0.0,-1.0));
#8819=DIRECTION('',(0.853784448352773,-0.52062665678099,0.0));
#8820=AXIS2_PLACEMENT_3D('',#8817,#8818,#8819);
#8821=CIRCLE('',#8820,0.133854356606157);
#8822=EDGE_CURVE('',#8777,#8810,#8821,.T.);
#8823=ORIENTED_EDGE('',*,*,#8822,.F.);
#8824=ORIENTED_EDGE('',*,*,#8782,.T.);
#8825=EDGE_LOOP('',(#8808,#8816,#8823,#8824));
#8826=FACE_OUTER_BOUND('',#8825,.T.);
#8827=ADVANCED_FACE('',(#8826),#8799,.T.);
#8828=CARTESIAN_POINT('',(1.314196472416334,-0.85976823090327,0.999999999999997));
#8829=DIRECTION('',(0.0,0.0,1.0));
#8830=DIRECTION('',(0.434749065798514,-0.900551636380346,0.0));
#8831=AXIS2_PLACEMENT_3D('',#8828,#8829,#8830);
#8832=CYLINDRICAL_SURFACE('',#8831,0.168053769837596);
#8833=CARTESIAN_POINT('',(1.350514620677102,-1.023850715231456,1.009999999999997));
#8834=VERTEX_POINT('',#8833);
#8835=CARTESIAN_POINT('',(1.314196472416334,-0.85976823090327,1.009999999999997));
#8836=DIRECTION('',(0.0,0.0,-1.0));
#8837=DIRECTION('',(0.434749065798514,-0.900551636380346,0.0));
#8838=AXIS2_PLACEMENT_3D('',#8835,#8836,#8837);
#8839=CIRCLE('',#8838,0.168053769837596);
#8840=EDGE_CURVE('',#8801,#8834,#8839,.T.);
#8841=ORIENTED_EDGE('',*,*,#8840,.T.);
#8842=CARTESIAN_POINT('',(1.350514620677102,-1.023850715231456,0.999999999999997));
#8843=VERTEX_POINT('',#8842);
#8844=CARTESIAN_POINT('',(1.350514620677102,-1.023850715231456,0.999999999999997));
#8845=DIRECTION('',(0.0,0.0,1.0));
#8846=VECTOR('',#8845,0.01);
#8847=LINE('',#8844,#8846);
#8848=EDGE_CURVE('',#8843,#8834,#8847,.T.);
#8849=ORIENTED_EDGE('',*,*,#8848,.F.);
#8850=CARTESIAN_POINT('',(1.314196472416334,-0.85976823090327,0.999999999999997));
#8851=DIRECTION('',(0.0,0.0,-1.0));
#8852=DIRECTION('',(0.434749065798514,-0.900551636380346,0.0));
#8853=AXIS2_PLACEMENT_3D('',#8850,#8851,#8852);
#8854=CIRCLE('',#8853,0.168053769837596);
#8855=EDGE_CURVE('',#8810,#8843,#8854,.T.);
#8856=ORIENTED_EDGE('',*,*,#8855,.F.);
#8857=ORIENTED_EDGE('',*,*,#8815,.T.);
#8858=EDGE_LOOP('',(#8841,#8849,#8856,#8857));
#8859=FACE_OUTER_BOUND('',#8858,.T.);
#8860=ADVANCED_FACE('',(#8859),#8832,.T.);
#8861=CARTESIAN_POINT('',(1.235643877468299,-0.480685177040491,0.999999999999997));
#8862=DIRECTION('',(0.0,0.0,1.0));
#8863=DIRECTION('',(0.108059180742769,-0.994144463072245,0.0));
#8864=AXIS2_PLACEMENT_3D('',#8861,#8862,#8863);
#8865=CYLINDRICAL_SURFACE('',#8864,0.555179330959001);
#8866=CARTESIAN_POINT('',(1.240156452648315,-1.03584616827439,1.009999999999997));
#8867=VERTEX_POINT('',#8866);
#8868=CARTESIAN_POINT('',(1.235643877468299,-0.480685177040491,1.009999999999997));
#8869=DIRECTION('',(0.0,0.0,-1.0));
#8870=DIRECTION('',(0.108059180742769,-0.994144463072245,0.0));
#8871=AXIS2_PLACEMENT_3D('',#8868,#8869,#8870);
#8872=CIRCLE('',#8871,0.555179330959001);
#8873=EDGE_CURVE('',#8834,#8867,#8872,.T.);
#8874=ORIENTED_EDGE('',*,*,#8873,.T.);
#8875=CARTESIAN_POINT('',(1.240156452648315,-1.03584616827439,0.999999999999997));
#8876=VERTEX_POINT('',#8875);
#8877=CARTESIAN_POINT('',(1.240156452648315,-1.03584616827439,0.999999999999997));
#8878=DIRECTION('',(0.0,0.0,1.0));
#8879=VECTOR('',#8878,0.01);
#8880=LINE('',#8877,#8879);
#8881=EDGE_CURVE('',#8876,#8867,#8880,.T.);
#8882=ORIENTED_EDGE('',*,*,#8881,.F.);
#8883=CARTESIAN_POINT('',(1.235643877468299,-0.480685177040491,0.999999999999997));
#8884=DIRECTION('',(0.0,0.0,-1.0));
#8885=DIRECTION('',(0.108059180742769,-0.994144463072245,0.0));
#8886=AXIS2_PLACEMENT_3D('',#8883,#8884,#8885);
#8887=CIRCLE('',#8886,0.555179330959001);
#8888=EDGE_CURVE('',#8843,#8876,#8887,.T.);
#8889=ORIENTED_EDGE('',*,*,#8888,.F.);
#8890=ORIENTED_EDGE('',*,*,#8848,.T.);
#8891=EDGE_LOOP('',(#8874,#8882,#8889,#8890));
#8892=FACE_OUTER_BOUND('',#8891,.T.);
#8893=ADVANCED_FACE('',(#8892),#8865,.T.);
#8894=CARTESIAN_POINT('',(1.240156452648315,-1.03584616827439,0.999999999999997));
#8895=DIRECTION('',(0.0,-1.0,0.0));
#8896=DIRECTION('',(0.0,0.0,-1.0));
#8897=AXIS2_PLACEMENT_3D('',#8894,#8895,#8896);
#8898=PLANE('',#8897);
#8899=CARTESIAN_POINT('',(1.196972821681475,-1.03584616827439,1.009999999999997));
#8900=VERTEX_POINT('',#8899);
#8901=CARTESIAN_POINT('',(1.240156452648316,-1.03584616827439,1.009999999999997));
#8902=DIRECTION('',(-1.0,0.0,0.0));
#8903=VECTOR('',#8902,0.043183630966841);
#8904=LINE('',#8901,#8903);
#8905=EDGE_CURVE('',#8867,#8900,#8904,.T.);
#8906=ORIENTED_EDGE('',*,*,#8905,.T.);
#8907=CARTESIAN_POINT('',(1.196972821681475,-1.03584616827439,0.999999999999997));
#8908=VERTEX_POINT('',#8907);
#8909=CARTESIAN_POINT('',(1.196972821681475,-1.03584616827439,0.999999999999997));
#8910=DIRECTION('',(0.0,0.0,1.0));
#8911=VECTOR('',#8910,0.01);
#8912=LINE('',#8909,#8911);
#8913=EDGE_CURVE('',#8908,#8900,#8912,.T.);
#8914=ORIENTED_EDGE('',*,*,#8913,.F.);
#8915=CARTESIAN_POINT('',(1.240156452648315,-1.03584616827439,0.999999999999997));
#8916=DIRECTION('',(-1.0,0.0,0.0));
#8917=VECTOR('',#8916,0.043183630966841);
#8918=LINE('',#8915,#8917);
#8919=EDGE_CURVE('',#8876,#8908,#8918,.T.);
#8920=ORIENTED_EDGE('',*,*,#8919,.F.);
#8921=ORIENTED_EDGE('',*,*,#8881,.T.);
#8922=EDGE_LOOP('',(#8906,#8914,#8920,#8921));
#8923=FACE_OUTER_BOUND('',#8922,.T.);
#8924=ADVANCED_FACE('',(#8923),#8898,.T.);
#8925=CARTESIAN_POINT('',(1.196972821681475,-1.03584616827439,0.999999999999997));
#8926=DIRECTION('',(-1.0,0.0,0.0));
#8927=DIRECTION('',(0.0,0.0,-1.0));
#8928=AXIS2_PLACEMENT_3D('',#8925,#8926,#8927);
#8929=PLANE('',#8928);
#8930=CARTESIAN_POINT('',(1.196972821681475,-0.817528922835728,1.009999999999997));
#8931=VERTEX_POINT('',#8930);
#8932=CARTESIAN_POINT('',(1.196972821681475,-1.03584616827439,1.009999999999997));
#8933=DIRECTION('',(0.0,1.0,0.0));
#8934=VECTOR('',#8933,0.218317245438662);
#8935=LINE('',#8932,#8934);
#8936=EDGE_CURVE('',#8900,#8931,#8935,.T.);
#8937=ORIENTED_EDGE('',*,*,#8936,.T.);
#8938=CARTESIAN_POINT('',(1.196972821681475,-0.817528922835728,0.999999999999997));
#8939=VERTEX_POINT('',#8938);
#8940=CARTESIAN_POINT('',(1.196972821681475,-0.817528922835728,0.999999999999997));
#8941=DIRECTION('',(0.0,0.0,1.0));
#8942=VECTOR('',#8941,0.01);
#8943=LINE('',#8940,#8942);
#8944=EDGE_CURVE('',#8939,#8931,#8943,.T.);
#8945=ORIENTED_EDGE('',*,*,#8944,.F.);
#8946=CARTESIAN_POINT('',(1.196972821681475,-1.03584616827439,0.999999999999997));
#8947=DIRECTION('',(0.0,1.0,0.0));
#8948=VECTOR('',#8947,0.218317245438662);
#8949=LINE('',#8946,#8948);
#8950=EDGE_CURVE('',#8908,#8939,#8949,.T.);
#8951=ORIENTED_EDGE('',*,*,#8950,.F.);
#8952=ORIENTED_EDGE('',*,*,#8913,.T.);
#8953=EDGE_LOOP('',(#8937,#8945,#8951,#8952));
#8954=FACE_OUTER_BOUND('',#8953,.T.);
#8955=ADVANCED_FACE('',(#8954),#8929,.T.);
#8956=CARTESIAN_POINT('',(1.1983689754419,-2.014772272179823,0.999999999999997));
#8957=DIRECTION('',(0.0,0.0,1.0));
#8958=DIRECTION('',(-0.032241294018283,0.999480114339463,0.0));
#8959=AXIS2_PLACEMENT_3D('',#8956,#8957,#8958);
#8960=CYLINDRICAL_SURFACE('',#8959,1.19724416339943);
#8961=CARTESIAN_POINT('',(1.122601012793614,-0.81992801344411,1.009999999999997));
#8962=VERTEX_POINT('',#8961);
#8963=CARTESIAN_POINT('',(1.1983689754419,-2.014772272179823,1.009999999999997));
#8964=DIRECTION('',(0.0,0.0,1.0));
#8965=DIRECTION('',(-0.032241294018283,0.999480114339463,0.0));
#8966=AXIS2_PLACEMENT_3D('',#8963,#8964,#8965);
#8967=CIRCLE('',#8966,1.19724416339943);
#8968=EDGE_CURVE('',#8931,#8962,#8967,.T.);
#8969=ORIENTED_EDGE('',*,*,#8968,.T.);
#8970=CARTESIAN_POINT('',(1.122601012793614,-0.81992801344411,0.999999999999997));
#8971=VERTEX_POINT('',#8970);
#8972=CARTESIAN_POINT('',(1.122601012793614,-0.81992801344411,0.999999999999997));
#8973=DIRECTION('',(0.0,0.0,1.0));
#8974=VECTOR('',#8973,0.01);
#8975=LINE('',#8972,#8974);
#8976=EDGE_CURVE('',#8971,#8962,#8975,.T.);
#8977=ORIENTED_EDGE('',*,*,#8976,.F.);
#8978=CARTESIAN_POINT('',(1.1983689754419,-2.014772272179823,0.999999999999997));
#8979=DIRECTION('',(0.0,0.0,1.0));
#8980=DIRECTION('',(-0.032241294018283,0.999480114339463,0.0));
#8981=AXIS2_PLACEMENT_3D('',#8978,#8979,#8980);
#8982=CIRCLE('',#8981,1.19724416339943);
#8983=EDGE_CURVE('',#8939,#8971,#8982,.T.);
#8984=ORIENTED_EDGE('',*,*,#8983,.F.);
#8985=ORIENTED_EDGE('',*,*,#8944,.T.);
#8986=EDGE_LOOP('',(#8969,#8977,#8984,#8985));
#8987=FACE_OUTER_BOUND('',#8986,.T.);
#8988=ADVANCED_FACE('',(#8987),#8960,.F.);
#8989=CARTESIAN_POINT('',(1.141261565200668,-0.976274504094555,0.999999999999997));
#8990=DIRECTION('',(0.0,0.0,1.0));
#8991=DIRECTION('',(-0.269932160550705,0.962879342752989,0.0));
#8992=AXIS2_PLACEMENT_3D('',#8989,#8990,#8991);
#8993=CYLINDRICAL_SURFACE('',#8992,0.157456156928688);
#8994=CARTESIAN_POINT('',(1.075930086245854,-0.833011671464853,1.009999999999997));
#8995=VERTEX_POINT('',#8994);
#8996=CARTESIAN_POINT('',(1.141261565200668,-0.976274504094555,1.009999999999997));
#8997=DIRECTION('',(0.0,0.0,1.0));
#8998=DIRECTION('',(-0.269932160550705,0.962879342752989,0.0));
#8999=AXIS2_PLACEMENT_3D('',#8996,#8997,#8998);
#9000=CIRCLE('',#8999,0.157456156928688);
#9001=EDGE_CURVE('',#8962,#8995,#9000,.T.);
#9002=ORIENTED_EDGE('',*,*,#9001,.T.);
#9003=CARTESIAN_POINT('',(1.075930086245854,-0.833011671464853,0.999999999999997));
#9004=VERTEX_POINT('',#9003);
#9005=CARTESIAN_POINT('',(1.075930086245854,-0.833011671464853,0.999999999999997));
#9006=DIRECTION('',(0.0,0.0,1.0));
#9007=VECTOR('',#9006,0.01);
#9008=LINE('',#9005,#9007);
#9009=EDGE_CURVE('',#9004,#8995,#9008,.T.);
#9010=ORIENTED_EDGE('',*,*,#9009,.F.);
#9011=CARTESIAN_POINT('',(1.141261565200668,-0.976274504094555,0.999999999999997));
#9012=DIRECTION('',(0.0,0.0,1.0));
#9013=DIRECTION('',(-0.269932160550705,0.962879342752989,0.0));
#9014=AXIS2_PLACEMENT_3D('',#9011,#9012,#9013);
#9015=CIRCLE('',#9014,0.157456156928688);
#9016=EDGE_CURVE('',#8971,#9004,#9015,.T.);
#9017=ORIENTED_EDGE('',*,*,#9016,.F.);
#9018=ORIENTED_EDGE('',*,*,#8976,.T.);
#9019=EDGE_LOOP('',(#9002,#9010,#9017,#9018));
#9020=FACE_OUTER_BOUND('',#9019,.T.);
#9021=ADVANCED_FACE('',(#9020),#8993,.F.);
#9022=CARTESIAN_POINT('',(1.101537391076826,-0.88871894924983,0.999999999999997));
#9023=DIRECTION('',(0.0,0.0,1.0));
#9024=DIRECTION('',(-0.707106781120309,0.707106781252786,0.0));
#9025=AXIS2_PLACEMENT_3D('',#9022,#9023,#9024);
#9026=CYLINDRICAL_SURFACE('',#9025,0.061310968504725);
#9027=CARTESIAN_POINT('',(1.04583011329711,-0.863111644408069,1.009999999999997));
#9028=VERTEX_POINT('',#9027);
#9029=CARTESIAN_POINT('',(1.101537391076826,-0.88871894924983,1.009999999999997));
#9030=DIRECTION('',(0.0,0.0,1.0));
#9031=DIRECTION('',(-0.707106781120309,0.707106781252786,0.0));
#9032=AXIS2_PLACEMENT_3D('',#9029,#9030,#9031);
#9033=CIRCLE('',#9032,0.061310968504725);
#9034=EDGE_CURVE('',#8995,#9028,#9033,.T.);
#9035=ORIENTED_EDGE('',*,*,#9034,.T.);
#9036=CARTESIAN_POINT('',(1.04583011329711,-0.863111644408069,0.999999999999997));
#9037=VERTEX_POINT('',#9036);
#9038=CARTESIAN_POINT('',(1.04583011329711,-0.863111644408069,0.999999999999997));
#9039=DIRECTION('',(0.0,0.0,1.0));
#9040=VECTOR('',#9039,0.01);
#9041=LINE('',#9038,#9040);
#9042=EDGE_CURVE('',#9037,#9028,#9041,.T.);
#9043=ORIENTED_EDGE('',*,*,#9042,.F.);
#9044=CARTESIAN_POINT('',(1.101537391076826,-0.88871894924983,0.999999999999997));
#9045=DIRECTION('',(0.0,0.0,1.0));
#9046=DIRECTION('',(-0.707106781120309,0.707106781252786,0.0));
#9047=AXIS2_PLACEMENT_3D('',#9044,#9045,#9046);
#9048=CIRCLE('',#9047,0.061310968504725);
#9049=EDGE_CURVE('',#9004,#9037,#9048,.T.);
#9050=ORIENTED_EDGE('',*,*,#9049,.F.);
#9051=ORIENTED_EDGE('',*,*,#9009,.T.);
#9052=EDGE_LOOP('',(#9035,#9043,#9050,#9051));
#9053=FACE_OUTER_BOUND('',#9052,.T.);
#9054=ADVANCED_FACE('',(#9053),#9026,.F.);
#9055=CARTESIAN_POINT('',(1.096538164818831,-0.886557302631844,0.999999999999997));
#9056=DIRECTION('',(0.0,0.0,1.0));
#9057=DIRECTION('',(-0.989646076347273,-0.14352924291045,0.0));
#9058=AXIS2_PLACEMENT_3D('',#9055,#9056,#9057);
#9059=CYLINDRICAL_SURFACE('',#9058,0.055865959032835);
#9060=CARTESIAN_POINT('',(1.054579940682962,-0.923442432509243,1.009999999999997));
#9061=VERTEX_POINT('',#9060);
#9062=CARTESIAN_POINT('',(1.096538164818831,-0.886557302631844,1.009999999999997));
#9063=DIRECTION('',(0.0,0.0,1.0));
#9064=DIRECTION('',(-0.989646076347273,-0.14352924291045,0.0));
#9065=AXIS2_PLACEMENT_3D('',#9062,#9063,#9064);
#9066=CIRCLE('',#9065,0.055865959032835);
#9067=EDGE_CURVE('',#9028,#9061,#9066,.T.);
#9068=ORIENTED_EDGE('',*,*,#9067,.T.);
#9069=CARTESIAN_POINT('',(1.054579940682962,-0.923442432509243,0.999999999999997));
#9070=VERTEX_POINT('',#9069);
#9071=CARTESIAN_POINT('',(1.054579940682962,-0.923442432509243,0.999999999999997));
#9072=DIRECTION('',(0.0,0.0,1.0));
#9073=VECTOR('',#9072,0.01);
#9074=LINE('',#9071,#9073);
#9075=EDGE_CURVE('',#9070,#9061,#9074,.T.);
#9076=ORIENTED_EDGE('',*,*,#9075,.F.);
#9077=CARTESIAN_POINT('',(1.096538164818831,-0.886557302631844,0.999999999999997));
#9078=DIRECTION('',(0.0,0.0,1.0));
#9079=DIRECTION('',(-0.989646076347273,-0.14352924291045,0.0));
#9080=AXIS2_PLACEMENT_3D('',#9077,#9078,#9079);
#9081=CIRCLE('',#9080,0.055865959032835);
#9082=EDGE_CURVE('',#9037,#9070,#9081,.T.);
#9083=ORIENTED_EDGE('',*,*,#9082,.F.);
#9084=ORIENTED_EDGE('',*,*,#9042,.T.);
#9085=EDGE_LOOP('',(#9068,#9076,#9083,#9084));
#9086=FACE_OUTER_BOUND('',#9085,.T.);
#9087=ADVANCED_FACE('',(#9086),#9059,.F.);
#9088=CARTESIAN_POINT('',(1.085377259133208,-0.901631226779119,0.999999999999997));
#9089=DIRECTION('',(0.0,0.0,1.0));
#9090=DIRECTION('',(-0.686698641470337,-0.726942209396864,0.0));
#9091=AXIS2_PLACEMENT_3D('',#9088,#9089,#9090);
#9092=CYLINDRICAL_SURFACE('',#9091,0.037738621055279);
#9093=CARTESIAN_POINT('',(1.065353435583719,-0.933619506034774,1.009999999999997));
#9094=VERTEX_POINT('',#9093);
#9095=CARTESIAN_POINT('',(1.085377259133208,-0.901631226779119,1.009999999999997));
#9096=DIRECTION('',(0.0,0.0,1.0));
#9097=DIRECTION('',(-0.686698641470337,-0.726942209396864,0.0));
#9098=AXIS2_PLACEMENT_3D('',#9095,#9096,#9097);
#9099=CIRCLE('',#9098,0.037738621055279);
#9100=EDGE_CURVE('',#9061,#9094,#9099,.T.);
#9101=ORIENTED_EDGE('',*,*,#9100,.T.);
#9102=CARTESIAN_POINT('',(1.065353435583719,-0.933619506034774,0.999999999999997));
#9103=VERTEX_POINT('',#9102);
#9104=CARTESIAN_POINT('',(1.065353435583719,-0.933619506034774,0.999999999999997));
#9105=DIRECTION('',(0.0,0.0,1.0));
#9106=VECTOR('',#9105,0.01);
#9107=LINE('',#9104,#9106);
#9108=EDGE_CURVE('',#9103,#9094,#9107,.T.);
#9109=ORIENTED_EDGE('',*,*,#9108,.F.);
#9110=CARTESIAN_POINT('',(1.085377259133208,-0.901631226779119,0.999999999999997));
#9111=DIRECTION('',(0.0,0.0,1.0));
#9112=DIRECTION('',(-0.686698641470337,-0.726942209396864,0.0));
#9113=AXIS2_PLACEMENT_3D('',#9110,#9111,#9112);
#9114=CIRCLE('',#9113,0.037738621055279);
#9115=EDGE_CURVE('',#9070,#9103,#9114,.T.);
#9116=ORIENTED_EDGE('',*,*,#9115,.F.);
#9117=ORIENTED_EDGE('',*,*,#9075,.T.);
#9118=EDGE_LOOP('',(#9101,#9109,#9116,#9117));
#9119=FACE_OUTER_BOUND('',#9118,.T.);
#9120=ADVANCED_FACE('',(#9119),#9092,.F.);
#9121=CARTESIAN_POINT('',(1.12969058746132,-0.815233017937495,0.999999999999997));
#9122=DIRECTION('',(0.0,0.0,1.0));
#9123=DIRECTION('',(-0.230506191929478,-0.973070858407635,0.0));
#9124=AXIS2_PLACEMENT_3D('',#9121,#9122,#9123);
#9125=CYLINDRICAL_SURFACE('',#9124,0.134739117093795);
#9126=CARTESIAN_POINT('',(1.134082965930238,-0.949900522131638,1.009999999999997));
#9127=VERTEX_POINT('',#9126);
#9128=CARTESIAN_POINT('',(1.12969058746132,-0.815233017937495,1.009999999999997));
#9129=DIRECTION('',(0.0,0.0,1.0));
#9130=DIRECTION('',(-0.230506191929478,-0.973070858407635,0.0));
#9131=AXIS2_PLACEMENT_3D('',#9128,#9129,#9130);
#9132=CIRCLE('',#9131,0.134739117093795);
#9133=EDGE_CURVE('',#9094,#9127,#9132,.T.);
#9134=ORIENTED_EDGE('',*,*,#9133,.T.);
#9135=CARTESIAN_POINT('',(1.134082965930238,-0.949900522131638,0.999999999999997));
#9136=VERTEX_POINT('',#9135);
#9137=CARTESIAN_POINT('',(1.134082965930238,-0.949900522131638,0.999999999999997));
#9138=DIRECTION('',(0.0,0.0,1.0));
#9139=VECTOR('',#9138,0.01);
#9140=LINE('',#9137,#9139);
#9141=EDGE_CURVE('',#9136,#9127,#9140,.T.);
#9142=ORIENTED_EDGE('',*,*,#9141,.F.);
#9143=CARTESIAN_POINT('',(1.12969058746132,-0.815233017937495,0.999999999999997));
#9144=DIRECTION('',(0.0,0.0,1.0));
#9145=DIRECTION('',(-0.230506191929478,-0.973070858407635,0.0));
#9146=AXIS2_PLACEMENT_3D('',#9143,#9144,#9145);
#9147=CIRCLE('',#9146,0.134739117093795);
#9148=EDGE_CURVE('',#9103,#9136,#9147,.T.);
#9149=ORIENTED_EDGE('',*,*,#9148,.F.);
#9150=ORIENTED_EDGE('',*,*,#9108,.T.);
#9151=EDGE_LOOP('',(#9134,#9142,#9149,#9150));
#9152=FACE_OUTER_BOUND('',#9151,.T.);
#9153=ADVANCED_FACE('',(#9152),#9125,.F.);
#9154=CARTESIAN_POINT('',(1.134082965930238,-0.949900522131638,0.999999999999997));
#9155=DIRECTION('',(0.076661710186701,0.997057160944773,0.0));
#9156=DIRECTION('',(0.0,0.0,1.0));
#9157=AXIS2_PLACEMENT_3D('',#9154,#9155,#9156);
#9158=PLANE('',#9157);
#9159=CARTESIAN_POINT('',(1.134082965930215,-0.949900522131932,1.009999999999997));
#9160=DIRECTION('',(0.997057160944779,-0.076661710186623,0.0));
#9161=VECTOR('',#9160,0.000515015513729);
#9162=LINE('',#9159,#9161);
#9163=EDGE_CURVE('',#9127,#8336,#9162,.T.);
#9164=ORIENTED_EDGE('',*,*,#9163,.T.);
#9165=ORIENTED_EDGE('',*,*,#8365,.F.);
#9166=CARTESIAN_POINT('',(1.134082965930215,-0.949900522131932,0.999999999999997));
#9167=DIRECTION('',(0.997057160944765,-0.076661710186804,0.0));
#9168=VECTOR('',#9167,0.000515015513729);
#9169=LINE('',#9166,#9168);
#9170=EDGE_CURVE('',#9136,#8354,#9169,.T.);
#9171=ORIENTED_EDGE('',*,*,#9170,.F.);
#9172=ORIENTED_EDGE('',*,*,#9141,.T.);
#9173=EDGE_LOOP('',(#9164,#9165,#9171,#9172));
#9174=FACE_OUTER_BOUND('',#9173,.T.);
#9175=ADVANCED_FACE('',(#9174),#9158,.T.);
#9176=CARTESIAN_POINT('',(1.356752029961658,0.064962223457102,1.009999999999997));
#9177=DIRECTION('',(0.0,0.0,1.0));
#9178=DIRECTION('',(1.0,0.0,0.0));
#9179=AXIS2_PLACEMENT_3D('',#9176,#9177,#9178);
#9180=PLANE('',#9179);
#9181=ORIENTED_EDGE('',*,*,#8343,.F.);
#9182=ORIENTED_EDGE('',*,*,#9163,.F.);
#9183=ORIENTED_EDGE('',*,*,#9133,.F.);
#9184=ORIENTED_EDGE('',*,*,#9100,.F.);
#9185=ORIENTED_EDGE('',*,*,#9067,.F.);
#9186=ORIENTED_EDGE('',*,*,#9034,.F.);
#9187=ORIENTED_EDGE('',*,*,#9001,.F.);
#9188=ORIENTED_EDGE('',*,*,#8968,.F.);
#9189=ORIENTED_EDGE('',*,*,#8936,.F.);
#9190=ORIENTED_EDGE('',*,*,#8905,.F.);
#9191=ORIENTED_EDGE('',*,*,#8873,.F.);
#9192=ORIENTED_EDGE('',*,*,#8840,.F.);
#9193=ORIENTED_EDGE('',*,*,#8807,.F.);
#9194=ORIENTED_EDGE('',*,*,#8774,.F.);
#9195=ORIENTED_EDGE('',*,*,#8741,.F.);
#9196=ORIENTED_EDGE('',*,*,#8708,.F.);
#9197=ORIENTED_EDGE('',*,*,#8675,.F.);
#9198=ORIENTED_EDGE('',*,*,#8642,.F.);
#9199=ORIENTED_EDGE('',*,*,#8609,.F.);
#9200=ORIENTED_EDGE('',*,*,#8576,.F.);
#9201=ORIENTED_EDGE('',*,*,#8543,.F.);
#9202=ORIENTED_EDGE('',*,*,#8510,.F.);
#9203=ORIENTED_EDGE('',*,*,#8477,.F.);
#9204=ORIENTED_EDGE('',*,*,#8445,.F.);
#9205=ORIENTED_EDGE('',*,*,#8413,.F.);
#9206=ORIENTED_EDGE('',*,*,#8381,.F.);
#9207=EDGE_LOOP('',(#9181,#9182,#9183,#9184,#9185,#9186,#9187,#9188,#9189,#9190,#9191,#9192,#9193,#9194,#9195,#9196,#9197,#9198,#9199,#9200,#9201,#9202,#9203,#9204,#9205,#9206));
#9208=FACE_OUTER_BOUND('',#9207,.T.);
#9209=ORIENTED_EDGE('',*,*,#8084,.F.);
#9210=ORIENTED_EDGE('',*,*,#8316,.F.);
#9211=ORIENTED_EDGE('',*,*,#8285,.F.);
#9212=ORIENTED_EDGE('',*,*,#8252,.F.);
#9213=ORIENTED_EDGE('',*,*,#8219,.F.);
#9214=ORIENTED_EDGE('',*,*,#8186,.F.);
#9215=ORIENTED_EDGE('',*,*,#8154,.F.);
#9216=ORIENTED_EDGE('',*,*,#8123,.F.);
#9217=EDGE_LOOP('',(#9209,#9210,#9211,#9212,#9213,#9214,#9215,#9216));
#9218=FACE_BOUND('',#9217,.T.);
#9219=ADVANCED_FACE('',(#9208,#9218),#9180,.T.);
#9220=CARTESIAN_POINT('',(1.356752029961658,0.064962223457102,0.999999999999997));
#9221=DIRECTION('',(0.0,0.0,1.0));
#9222=DIRECTION('',(1.0,0.0,0.0));
#9223=AXIS2_PLACEMENT_3D('',#9220,#9221,#9222);
#9224=PLANE('',#9223);
#9225=ORIENTED_EDGE('',*,*,#9170,.T.);
#9226=ORIENTED_EDGE('',*,*,#8359,.T.);
#9227=ORIENTED_EDGE('',*,*,#8395,.T.);
#9228=ORIENTED_EDGE('',*,*,#8428,.T.);
#9229=ORIENTED_EDGE('',*,*,#8459,.T.);
#9230=ORIENTED_EDGE('',*,*,#8492,.T.);
#9231=ORIENTED_EDGE('',*,*,#8525,.T.);
#9232=ORIENTED_EDGE('',*,*,#8558,.T.);
#9233=ORIENTED_EDGE('',*,*,#8591,.T.);
#9234=ORIENTED_EDGE('',*,*,#8624,.T.);
#9235=ORIENTED_EDGE('',*,*,#8657,.T.);
#9236=ORIENTED_EDGE('',*,*,#8690,.T.);
#9237=ORIENTED_EDGE('',*,*,#8723,.T.);
#9238=ORIENTED_EDGE('',*,*,#8756,.T.);
#9239=ORIENTED_EDGE('',*,*,#8789,.T.);
#9240=ORIENTED_EDGE('',*,*,#8822,.T.);
#9241=ORIENTED_EDGE('',*,*,#8855,.T.);
#9242=ORIENTED_EDGE('',*,*,#8888,.T.);
#9243=ORIENTED_EDGE('',*,*,#8919,.T.);
#9244=ORIENTED_EDGE('',*,*,#8950,.T.);
#9245=ORIENTED_EDGE('',*,*,#8983,.T.);
#9246=ORIENTED_EDGE('',*,*,#9016,.T.);
#9247=ORIENTED_EDGE('',*,*,#9049,.T.);
#9248=ORIENTED_EDGE('',*,*,#9082,.T.);
#9249=ORIENTED_EDGE('',*,*,#9115,.T.);
#9250=ORIENTED_EDGE('',*,*,#9148,.T.);
#9251=EDGE_LOOP('',(#9225,#9226,#9227,#9228,#9229,#9230,#9231,#9232,#9233,#9234,#9235,#9236,#9237,#9238,#9239,#9240,#9241,#9242,#9243,#9244,#9245,#9246,#9247,#9248,#9249,#9250));
#9252=FACE_OUTER_BOUND('',#9251,.T.);
#9253=ORIENTED_EDGE('',*,*,#8324,.T.);
#9254=ORIENTED_EDGE('',*,*,#8101,.T.);
#9255=ORIENTED_EDGE('',*,*,#8137,.T.);
#9256=ORIENTED_EDGE('',*,*,#8168,.T.);
#9257=ORIENTED_EDGE('',*,*,#8201,.T.);
#9258=ORIENTED_EDGE('',*,*,#8234,.T.);
#9259=ORIENTED_EDGE('',*,*,#8267,.T.);
#9260=ORIENTED_EDGE('',*,*,#8300,.T.);
#9261=EDGE_LOOP('',(#9253,#9254,#9255,#9256,#9257,#9258,#9259,#9260));
#9262=FACE_BOUND('',#9261,.T.);
#9263=ADVANCED_FACE('',(#9252,#9262),#9224,.F.);
#9264=CLOSED_SHELL('',(#8111,#8142,#8173,#8206,#8239,#8272,#8305,#8329,#8369,#8400,#8433,#8464,#8497,#8530,#8563,#8596,#8629,#8662,#8695,#8728,#8761,#8794,#8827,#8860,#8893,#8924,#8955,#8988,#9021,#9054,#9087,#9120,#9153,#9175,#9219,#9263));
#9265=MANIFOLD_SOLID_BREP('693',#9264);
#9266=STYLED_ITEM('NONE',(#159),#9265);
#9267=CARTESIAN_POINT('',(1.336770224664006,-0.55210748969002,0.999999999999997));
#9268=DIRECTION('',(0.0,0.0,1.0));
#9269=DIRECTION('',(0.998329958414882,-0.05776931825234,0.0));
#9270=AXIS2_PLACEMENT_3D('',#9267,#9268,#9269);
#9271=CYLINDRICAL_SURFACE('',#9270,0.121868698080733);
#9272=CARTESIAN_POINT('',(1.456074607478865,-0.527238959114691,1.009999999999997));
#9273=VERTEX_POINT('',#9272);
#9274=CARTESIAN_POINT('',(1.452409822222322,-0.590571278486604,1.009999999999997));
#9275=VERTEX_POINT('',#9274);
#9276=CARTESIAN_POINT('',(1.336770224664006,-0.55210748969002,1.009999999999997));
#9277=DIRECTION('',(0.0,0.0,-1.0));
#9278=DIRECTION('',(0.998329958414882,-0.05776931825234,0.0));
#9279=AXIS2_PLACEMENT_3D('',#9276,#9277,#9278);
#9280=CIRCLE('',#9279,0.121868698080733);
#9281=EDGE_CURVE('',#9273,#9275,#9280,.T.);
#9282=ORIENTED_EDGE('',*,*,#9281,.T.);
#9283=CARTESIAN_POINT('',(1.452409822222322,-0.590571278486604,0.999999999999997));
#9284=VERTEX_POINT('',#9283);
#9285=CARTESIAN_POINT('',(1.452409822222322,-0.590571278486604,0.999999999999997));
#9286=DIRECTION('',(0.0,0.0,1.0));
#9287=VECTOR('',#9286,0.01);
#9288=LINE('',#9285,#9287);
#9289=EDGE_CURVE('',#9284,#9275,#9288,.T.);
#9290=ORIENTED_EDGE('',*,*,#9289,.F.);
#9291=CARTESIAN_POINT('',(1.456074607478865,-0.527238959114691,0.999999999999997));
#9292=VERTEX_POINT('',#9291);
#9293=CARTESIAN_POINT('',(1.336770224664006,-0.55210748969002,0.999999999999997));
#9294=DIRECTION('',(0.0,0.0,-1.0));
#9295=DIRECTION('',(0.998329958414882,-0.05776931825234,0.0));
#9296=AXIS2_PLACEMENT_3D('',#9293,#9294,#9295);
#9297=CIRCLE('',#9296,0.121868698080733);
#9298=EDGE_CURVE('',#9292,#9284,#9297,.T.);
#9299=ORIENTED_EDGE('',*,*,#9298,.F.);
#9300=CARTESIAN_POINT('',(1.456074607478865,-0.527238959114691,0.999999999999997));
#9301=DIRECTION('',(0.0,0.0,1.0));
#9302=VECTOR('',#9301,0.01);
#9303=LINE('',#9300,#9302);
#9304=EDGE_CURVE('',#9292,#9273,#9303,.T.);
#9305=ORIENTED_EDGE('',*,*,#9304,.T.);
#9306=EDGE_LOOP('',(#9282,#9290,#9299,#9305));
#9307=FACE_OUTER_BOUND('',#9306,.T.);
#9308=ADVANCED_FACE('',(#9307),#9271,.T.);
#9309=CARTESIAN_POINT('',(1.373411849812865,-0.564318468847784,0.999999999999997));
#9310=DIRECTION('',(0.0,0.0,1.0));
#9311=DIRECTION('',(0.744531910211556,-0.667586874254379,0.0));
#9312=AXIS2_PLACEMENT_3D('',#9309,#9310,#9311);
#9313=CYLINDRICAL_SURFACE('',#9312,0.083245958812446);
#9314=CARTESIAN_POINT('',(1.408092795292105,-0.639996217752649,1.009999999999997));
#9315=VERTEX_POINT('',#9314);
#9316=CARTESIAN_POINT('',(1.373411849812865,-0.564318468847784,1.009999999999997));
#9317=DIRECTION('',(0.0,0.0,-1.0));
#9318=DIRECTION('',(0.744531910211556,-0.667586874254379,0.0));
#9319=AXIS2_PLACEMENT_3D('',#9316,#9317,#9318);
#9320=CIRCLE('',#9319,0.083245958812446);
#9321=EDGE_CURVE('',#9275,#9315,#9320,.T.);
#9322=ORIENTED_EDGE('',*,*,#9321,.T.);
#9323=CARTESIAN_POINT('',(1.408092795292105,-0.639996217752649,0.999999999999997));
#9324=VERTEX_POINT('',#9323);
#9325=CARTESIAN_POINT('',(1.408092795292105,-0.639996217752649,0.999999999999997));
#9326=DIRECTION('',(0.0,0.0,1.0));
#9327=VECTOR('',#9326,0.01);
#9328=LINE('',#9325,#9327);
#9329=EDGE_CURVE('',#9324,#9315,#9328,.T.);
#9330=ORIENTED_EDGE('',*,*,#9329,.F.);
#9331=CARTESIAN_POINT('',(1.373411849812865,-0.564318468847784,0.999999999999997));
#9332=DIRECTION('',(0.0,0.0,-1.0));
#9333=DIRECTION('',(0.744531910211556,-0.667586874254379,0.0));
#9334=AXIS2_PLACEMENT_3D('',#9331,#9332,#9333);
#9335=CIRCLE('',#9334,0.083245958812446);
#9336=EDGE_CURVE('',#9284,#9324,#9335,.T.);
#9337=ORIENTED_EDGE('',*,*,#9336,.F.);
#9338=ORIENTED_EDGE('',*,*,#9289,.T.);
#9339=EDGE_LOOP('',(#9322,#9330,#9337,#9338));
#9340=FACE_OUTER_BOUND('',#9339,.T.);
#9341=ADVANCED_FACE('',(#9340),#9313,.T.);
#9342=CARTESIAN_POINT('',(1.364293581093776,-0.567253178416943,0.999999999999997));
#9343=DIRECTION('',(0.0,0.0,1.0));
#9344=DIRECTION('',(0.236812467927453,-0.971555379293486,0.0));
#9345=AXIS2_PLACEMENT_3D('',#9342,#9343,#9344);
#9346=CYLINDRICAL_SURFACE('',#9345,0.084911253295139);
#9347=CARTESIAN_POINT('',(1.358879816631306,-0.65199167079506,1.009999999999997));
#9348=VERTEX_POINT('',#9347);
#9349=CARTESIAN_POINT('',(1.364293581093776,-0.567253178416943,1.009999999999997));
#9350=DIRECTION('',(0.0,0.0,-1.0));
#9351=DIRECTION('',(0.236812467927453,-0.971555379293486,0.0));
#9352=AXIS2_PLACEMENT_3D('',#9349,#9350,#9351);
#9353=CIRCLE('',#9352,0.084911253295139);
#9354=EDGE_CURVE('',#9315,#9348,#9353,.T.);
#9355=ORIENTED_EDGE('',*,*,#9354,.T.);
#9356=CARTESIAN_POINT('',(1.358879816631306,-0.65199167079506,0.999999999999997));
#9357=VERTEX_POINT('',#9356);
#9358=CARTESIAN_POINT('',(1.358879816631306,-0.65199167079506,0.999999999999997));
#9359=DIRECTION('',(0.0,0.0,1.0));
#9360=VECTOR('',#9359,0.01);
#9361=LINE('',#9358,#9360);
#9362=EDGE_CURVE('',#9357,#9348,#9361,.T.);
#9363=ORIENTED_EDGE('',*,*,#9362,.F.);
#9364=CARTESIAN_POINT('',(1.364293581093776,-0.567253178416943,0.999999999999997));
#9365=DIRECTION('',(0.0,0.0,-1.0));
#9366=DIRECTION('',(0.236812467927453,-0.971555379293486,0.0));
#9367=AXIS2_PLACEMENT_3D('',#9364,#9365,#9366);
#9368=CIRCLE('',#9367,0.084911253295139);
#9369=EDGE_CURVE('',#9324,#9357,#9368,.T.);
#9370=ORIENTED_EDGE('',*,*,#9369,.F.);
#9371=ORIENTED_EDGE('',*,*,#9329,.T.);
#9372=EDGE_LOOP('',(#9355,#9363,#9370,#9371));
#9373=FACE_OUTER_BOUND('',#9372,.T.);
#9374=ADVANCED_FACE('',(#9373),#9346,.T.);
#9375=CARTESIAN_POINT('',(1.358879816631306,-0.65199167079506,0.999999999999997));
#9376=DIRECTION('',(0.0,-1.0,0.0));
#9377=DIRECTION('',(0.0,0.0,-1.0));
#9378=AXIS2_PLACEMENT_3D('',#9375,#9376,#9377);
#9379=PLANE('',#9378);
#9380=CARTESIAN_POINT('',(0.976256485627065,-0.65199167079506,1.009999999999997));
#9381=VERTEX_POINT('',#9380);
#9382=CARTESIAN_POINT('',(1.358879816631306,-0.65199167079506,1.009999999999997));
#9383=DIRECTION('',(-1.0,0.0,0.0));
#9384=VECTOR('',#9383,0.382623331004242);
#9385=LINE('',#9382,#9384);
#9386=EDGE_CURVE('',#9348,#9381,#9385,.T.);
#9387=ORIENTED_EDGE('',*,*,#9386,.T.);
#9388=CARTESIAN_POINT('',(0.976256485627065,-0.65199167079506,0.999999999999997));
#9389=VERTEX_POINT('',#9388);
#9390=CARTESIAN_POINT('',(0.976256485627065,-0.65199167079506,0.999999999999997));
#9391=DIRECTION('',(0.0,0.0,1.0));
#9392=VECTOR('',#9391,0.01);
#9393=LINE('',#9390,#9392);
#9394=EDGE_CURVE('',#9389,#9381,#9393,.T.);
#9395=ORIENTED_EDGE('',*,*,#9394,.F.);
#9396=CARTESIAN_POINT('',(1.358879816631306,-0.65199167079506,0.999999999999997));
#9397=DIRECTION('',(-1.0,0.0,0.0));
#9398=VECTOR('',#9397,0.382623331004242);
#9399=LINE('',#9396,#9398);
#9400=EDGE_CURVE('',#9357,#9389,#9399,.T.);
#9401=ORIENTED_EDGE('',*,*,#9400,.F.);
#9402=ORIENTED_EDGE('',*,*,#9362,.T.);
#9403=EDGE_LOOP('',(#9387,#9395,#9401,#9402));
#9404=FACE_OUTER_BOUND('',#9403,.T.);
#9405=ADVANCED_FACE('',(#9404),#9379,.T.);
#9406=CARTESIAN_POINT('',(0.976256485627065,-0.65199167079506,0.999999999999997));
#9407=DIRECTION('',(-1.0,0.0,0.0));
#9408=DIRECTION('',(0.0,0.0,-1.0));
#9409=AXIS2_PLACEMENT_3D('',#9406,#9407,#9408);
#9410=PLANE('',#9409);
#9411=CARTESIAN_POINT('',(0.976256485627065,-0.565624408867161,1.009999999999997));
#9412=VERTEX_POINT('',#9411);
#9413=CARTESIAN_POINT('',(0.976256485627065,-0.65199167079506,1.009999999999997));
#9414=DIRECTION('',(0.0,1.0,0.0));
#9415=VECTOR('',#9414,0.086367261927899);
#9416=LINE('',#9413,#9415);
#9417=EDGE_CURVE('',#9381,#9412,#9416,.T.);
#9418=ORIENTED_EDGE('',*,*,#9417,.T.);
#9419=CARTESIAN_POINT('',(0.976256485627065,-0.565624408867161,0.999999999999997));
#9420=VERTEX_POINT('',#9419);
#9421=CARTESIAN_POINT('',(0.976256485627065,-0.565624408867161,0.999999999999997));
#9422=DIRECTION('',(0.0,0.0,1.0));
#9423=VECTOR('',#9422,0.01);
#9424=LINE('',#9421,#9423);
#9425=EDGE_CURVE('',#9420,#9412,#9424,.T.);
#9426=ORIENTED_EDGE('',*,*,#9425,.F.);
#9427=CARTESIAN_POINT('',(0.976256485627065,-0.65199167079506,0.999999999999997));
#9428=DIRECTION('',(0.0,1.0,0.0));
#9429=VECTOR('',#9428,0.0863672619279);
#9430=LINE('',#9427,#9429);
#9431=EDGE_CURVE('',#9389,#9420,#9430,.T.);
#9432=ORIENTED_EDGE('',*,*,#9431,.F.);
#9433=ORIENTED_EDGE('',*,*,#9394,.T.);
#9434=EDGE_LOOP('',(#9418,#9426,#9432,#9433));
#9435=FACE_OUTER_BOUND('',#9434,.T.);
#9436=ADVANCED_FACE('',(#9435),#9410,.T.);
#9437=CARTESIAN_POINT('',(0.976256485627065,-0.565624408867161,0.999999999999997));
#9438=DIRECTION('',(0.0,1.0,0.0));
#9439=DIRECTION('',(0.0,0.0,1.0));
#9440=AXIS2_PLACEMENT_3D('',#9437,#9438,#9439);
#9441=PLANE('',#9440);
#9442=CARTESIAN_POINT('',(1.312129170925694,-0.565624408867161,1.009999999999997));
#9443=VERTEX_POINT('',#9442);
#9444=CARTESIAN_POINT('',(0.976256485627065,-0.565624408867161,1.009999999999997));
#9445=DIRECTION('',(1.0,0.0,0.0));
#9446=VECTOR('',#9445,0.335872685298629);
#9447=LINE('',#9444,#9446);
#9448=EDGE_CURVE('',#9412,#9443,#9447,.T.);
#9449=ORIENTED_EDGE('',*,*,#9448,.T.);
#9450=CARTESIAN_POINT('',(1.312129170925694,-0.565624408867161,0.999999999999997));
#9451=VERTEX_POINT('',#9450);
#9452=CARTESIAN_POINT('',(1.312129170925694,-0.565624408867161,0.999999999999997));
#9453=DIRECTION('',(0.0,0.0,1.0));
#9454=VECTOR('',#9453,0.01);
#9455=LINE('',#9452,#9454);
#9456=EDGE_CURVE('',#9451,#9443,#9455,.T.);
#9457=ORIENTED_EDGE('',*,*,#9456,.F.);
#9458=CARTESIAN_POINT('',(0.976256485627065,-0.565624408867161,0.999999999999997));
#9459=DIRECTION('',(1.0,0.0,0.0));
#9460=VECTOR('',#9459,0.33587268529863);
#9461=LINE('',#9458,#9460);
#9462=EDGE_CURVE('',#9420,#9451,#9461,.T.);
#9463=ORIENTED_EDGE('',*,*,#9462,.F.);
#9464=ORIENTED_EDGE('',*,*,#9425,.T.);
#9465=EDGE_LOOP('',(#9449,#9457,#9463,#9464));
#9466=FACE_OUTER_BOUND('',#9465,.T.);
#9467=ADVANCED_FACE('',(#9466),#9441,.T.);
#9468=CARTESIAN_POINT('',(1.314419211971714,-0.463444958829014,0.999999999999997));
#9469=DIRECTION('',(0.0,0.0,1.0));
#9470=DIRECTION('',(0.231620527226607,-0.972806214704279,0.0));
#9471=AXIS2_PLACEMENT_3D('',#9468,#9469,#9470);
#9472=CYLINDRICAL_SURFACE('',#9471,0.102205108962932);
#9473=CARTESIAN_POINT('',(1.362510073723204,-0.553628955824753,1.009999999999997));
#9474=VERTEX_POINT('',#9473);
#9475=CARTESIAN_POINT('',(1.314419211971714,-0.463444958829014,1.009999999999997));
#9476=DIRECTION('',(0.0,0.0,1.0));
#9477=DIRECTION('',(0.231620527226607,-0.972806214704279,0.0));
#9478=AXIS2_PLACEMENT_3D('',#9475,#9476,#9477);
#9479=CIRCLE('',#9478,0.102205108962932);
#9480=EDGE_CURVE('',#9443,#9474,#9479,.T.);
#9481=ORIENTED_EDGE('',*,*,#9480,.T.);
#9482=CARTESIAN_POINT('',(1.362510073723204,-0.553628955824753,0.999999999999997));
#9483=VERTEX_POINT('',#9482);
#9484=CARTESIAN_POINT('',(1.362510073723204,-0.553628955824753,0.999999999999997));
#9485=DIRECTION('',(0.0,0.0,1.0));
#9486=VECTOR('',#9485,0.01);
#9487=LINE('',#9484,#9486);
#9488=EDGE_CURVE('',#9483,#9474,#9487,.T.);
#9489=ORIENTED_EDGE('',*,*,#9488,.F.);
#9490=CARTESIAN_POINT('',(1.314419211971714,-0.463444958829014,0.999999999999997));
#9491=DIRECTION('',(0.0,0.0,1.0));
#9492=DIRECTION('',(0.231620527226607,-0.972806214704279,0.0));
#9493=AXIS2_PLACEMENT_3D('',#9490,#9491,#9492);
#9494=CIRCLE('',#9493,0.102205108962932);
#9495=EDGE_CURVE('',#9451,#9483,#9494,.T.);
#9496=ORIENTED_EDGE('',*,*,#9495,.F.);
#9497=ORIENTED_EDGE('',*,*,#9456,.T.);
#9498=EDGE_LOOP('',(#9481,#9489,#9496,#9497));
#9499=FACE_OUTER_BOUND('',#9498,.T.);
#9500=ADVANCED_FACE('',(#9499),#9472,.F.);
#9501=CARTESIAN_POINT('',(1.316249555638015,-0.508586446602838,0.999999999999997));
#9502=DIRECTION('',(0.0,0.0,1.0));
#9503=DIRECTION('',(0.986725053283515,-0.162399720512826,0.0));
#9504=AXIS2_PLACEMENT_3D('',#9501,#9502,#9503);
#9505=CYLINDRICAL_SURFACE('',#9504,0.064566734240666);
#9506=CARTESIAN_POINT('',(1.37450552676272,-0.480745739017709,1.009999999999997));
#9507=VERTEX_POINT('',#9506);
#9508=CARTESIAN_POINT('',(1.316249555638015,-0.508586446602838,1.009999999999997));
#9509=DIRECTION('',(0.0,0.0,1.0));
#9510=DIRECTION('',(0.986725053283515,-0.162399720512826,0.0));
#9511=AXIS2_PLACEMENT_3D('',#9508,#9509,#9510);
#9512=CIRCLE('',#9511,0.064566734240666);
#9513=EDGE_CURVE('',#9474,#9507,#9512,.T.);
#9514=ORIENTED_EDGE('',*,*,#9513,.T.);
#9515=CARTESIAN_POINT('',(1.37450552676272,-0.480745739017709,0.999999999999997));
#9516=VERTEX_POINT('',#9515);
#9517=CARTESIAN_POINT('',(1.37450552676272,-0.480745739017709,0.999999999999997));
#9518=DIRECTION('',(0.0,0.0,1.0));
#9519=VECTOR('',#9518,0.01);
#9520=LINE('',#9517,#9519);
#9521=EDGE_CURVE('',#9516,#9507,#9520,.T.);
#9522=ORIENTED_EDGE('',*,*,#9521,.F.);
#9523=CARTESIAN_POINT('',(1.316249555638015,-0.508586446602838,0.999999999999997));
#9524=DIRECTION('',(0.0,0.0,1.0));
#9525=DIRECTION('',(0.986725053283515,-0.162399720512826,0.0));
#9526=AXIS2_PLACEMENT_3D('',#9523,#9524,#9525);
#9527=CIRCLE('',#9526,0.064566734240666);
#9528=EDGE_CURVE('',#9483,#9516,#9527,.T.);
#9529=ORIENTED_EDGE('',*,*,#9528,.F.);
#9530=ORIENTED_EDGE('',*,*,#9488,.T.);
#9531=EDGE_LOOP('',(#9514,#9522,#9529,#9530));
#9532=FACE_OUTER_BOUND('',#9531,.T.);
#9533=ADVANCED_FACE('',(#9532),#9505,.F.);
#9534=CARTESIAN_POINT('',(1.325324169274927,-0.505526851302881,0.999999999999997));
#9535=DIRECTION('',(0.0,0.0,1.0));
#9536=DIRECTION('',(0.515110309861256,0.857123893421856,0.0));
#9537=AXIS2_PLACEMENT_3D('',#9534,#9535,#9536);
#9538=CYLINDRICAL_SURFACE('',#9537,0.055071857154183);
#9539=CARTESIAN_POINT('',(1.324124623970736,-0.450468059621358,1.009999999999997));
#9540=VERTEX_POINT('',#9539);
#9541=CARTESIAN_POINT('',(1.325324169274927,-0.505526851302881,1.009999999999997));
#9542=DIRECTION('',(0.0,0.0,1.0));
#9543=DIRECTION('',(0.515110309861256,0.857123893421856,0.0));
#9544=AXIS2_PLACEMENT_3D('',#9541,#9542,#9543);
#9545=CIRCLE('',#9544,0.055071857154183);
#9546=EDGE_CURVE('',#9507,#9540,#9545,.T.);
#9547=ORIENTED_EDGE('',*,*,#9546,.T.);
#9548=CARTESIAN_POINT('',(1.324124623970736,-0.450468059621358,0.999999999999997));
#9549=VERTEX_POINT('',#9548);
#9550=CARTESIAN_POINT('',(1.324124623970736,-0.450468059621358,0.999999999999997));
#9551=DIRECTION('',(0.0,0.0,1.0));
#9552=VECTOR('',#9551,0.01);
#9553=LINE('',#9550,#9552);
#9554=EDGE_CURVE('',#9549,#9540,#9553,.T.);
#9555=ORIENTED_EDGE('',*,*,#9554,.F.);
#9556=CARTESIAN_POINT('',(1.325324169274927,-0.505526851302881,0.999999999999997));
#9557=DIRECTION('',(0.0,0.0,1.0));
#9558=DIRECTION('',(0.515110309861256,0.857123893421856,0.0));
#9559=AXIS2_PLACEMENT_3D('',#9556,#9557,#9558);
#9560=CIRCLE('',#9559,0.055071857154183);
#9561=EDGE_CURVE('',#9516,#9549,#9560,.T.);
#9562=ORIENTED_EDGE('',*,*,#9561,.F.);
#9563=ORIENTED_EDGE('',*,*,#9521,.T.);
#9564=EDGE_LOOP('',(#9547,#9555,#9562,#9563));
#9565=FACE_OUTER_BOUND('',#9564,.T.);
#9566=ADVANCED_FACE('',(#9565),#9538,.F.);
#9567=CARTESIAN_POINT('',(1.324124623970736,-0.450468059621358,0.999999999999997));
#9568=DIRECTION('',(0.0,-1.0,0.0));
#9569=DIRECTION('',(0.0,0.0,-1.0));
#9570=AXIS2_PLACEMENT_3D('',#9567,#9568,#9569);
#9571=PLANE('',#9570);
#9572=CARTESIAN_POINT('',(0.976256485627065,-0.450468059621358,1.009999999999997));
#9573=VERTEX_POINT('',#9572);
#9574=CARTESIAN_POINT('',(1.324124623970736,-0.450468059621358,1.009999999999997));
#9575=DIRECTION('',(-1.0,0.0,0.0));
#9576=VECTOR('',#9575,0.347868138343671);
#9577=LINE('',#9574,#9576);
#9578=EDGE_CURVE('',#9540,#9573,#9577,.T.);
#9579=ORIENTED_EDGE('',*,*,#9578,.T.);
#9580=CARTESIAN_POINT('',(0.976256485627065,-0.450468059621358,0.999999999999997));
#9581=VERTEX_POINT('',#9580);
#9582=CARTESIAN_POINT('',(0.976256485627065,-0.450468059621358,0.999999999999997));
#9583=DIRECTION('',(0.0,0.0,1.0));
#9584=VECTOR('',#9583,0.01);
#9585=LINE('',#9582,#9584);
#9586=EDGE_CURVE('',#9581,#9573,#9585,.T.);
#9587=ORIENTED_EDGE('',*,*,#9586,.F.);
#9588=CARTESIAN_POINT('',(1.324124623970736,-0.450468059621358,0.999999999999997));
#9589=DIRECTION('',(-1.0,0.0,0.0));
#9590=VECTOR('',#9589,0.347868138343672);
#9591=LINE('',#9588,#9590);
#9592=EDGE_CURVE('',#9549,#9581,#9591,.T.);
#9593=ORIENTED_EDGE('',*,*,#9592,.F.);
#9594=ORIENTED_EDGE('',*,*,#9554,.T.);
#9595=EDGE_LOOP('',(#9579,#9587,#9593,#9594));
#9596=FACE_OUTER_BOUND('',#9595,.T.);
#9597=ADVANCED_FACE('',(#9596),#9571,.T.);
#9598=CARTESIAN_POINT('',(0.976256485627065,-0.450468059621358,0.999999999999997));
#9599=DIRECTION('',(-1.0,0.0,0.0));
#9600=DIRECTION('',(0.0,0.0,-1.0));
#9601=AXIS2_PLACEMENT_3D('',#9598,#9599,#9600);
#9602=PLANE('',#9601);
#9603=CARTESIAN_POINT('',(0.976256485627065,-0.361701707073492,1.009999999999997));
#9604=VERTEX_POINT('',#9603);
#9605=CARTESIAN_POINT('',(0.976256485627065,-0.450468059621358,1.009999999999997));
#9606=DIRECTION('',(0.0,1.0,0.0));
#9607=VECTOR('',#9606,0.088766352547866);
#9608=LINE('',#9605,#9607);
#9609=EDGE_CURVE('',#9573,#9604,#9608,.T.);
#9610=ORIENTED_EDGE('',*,*,#9609,.T.);
#9611=CARTESIAN_POINT('',(0.976256485627065,-0.361701707073492,0.999999999999997));
#9612=VERTEX_POINT('',#9611);
#9613=CARTESIAN_POINT('',(0.976256485627065,-0.361701707073492,0.999999999999997));
#9614=DIRECTION('',(0.0,0.0,1.0));
#9615=VECTOR('',#9614,0.01);
#9616=LINE('',#9613,#9615);
#9617=EDGE_CURVE('',#9612,#9604,#9616,.T.);
#9618=ORIENTED_EDGE('',*,*,#9617,.F.);
#9619=CARTESIAN_POINT('',(0.976256485627065,-0.450468059621358,0.999999999999997));
#9620=DIRECTION('',(0.0,1.0,0.0));
#9621=VECTOR('',#9620,0.088766352547866);
#9622=LINE('',#9619,#9621);
#9623=EDGE_CURVE('',#9581,#9612,#9622,.T.);
#9624=ORIENTED_EDGE('',*,*,#9623,.F.);
#9625=ORIENTED_EDGE('',*,*,#9586,.T.);
#9626=EDGE_LOOP('',(#9610,#9618,#9624,#9625));
#9627=FACE_OUTER_BOUND('',#9626,.T.);
#9628=ADVANCED_FACE('',(#9627),#9602,.T.);
#9629=CARTESIAN_POINT('',(0.976256485627065,-0.361701707073492,0.999999999999997));
#9630=DIRECTION('',(0.0,1.0,0.0));
#9631=DIRECTION('',(0.0,0.0,1.0));
#9632=AXIS2_PLACEMENT_3D('',#9629,#9630,#9631);
#9633=PLANE('',#9632);
#9634=CARTESIAN_POINT('',(1.451276426259485,-0.361701707073492,1.009999999999997));
#9635=VERTEX_POINT('',#9634);
#9636=CARTESIAN_POINT('',(0.976256485627065,-0.361701707073492,1.009999999999997));
#9637=DIRECTION('',(1.0,0.0,0.0));
#9638=VECTOR('',#9637,0.47501994063242);
#9639=LINE('',#9636,#9638);
#9640=EDGE_CURVE('',#9604,#9635,#9639,.T.);
#9641=ORIENTED_EDGE('',*,*,#9640,.T.);
#9642=CARTESIAN_POINT('',(1.451276426259485,-0.361701707073492,0.999999999999997));
#9643=VERTEX_POINT('',#9642);
#9644=CARTESIAN_POINT('',(1.451276426259485,-0.361701707073492,0.999999999999997));
#9645=DIRECTION('',(0.0,0.0,1.0));
#9646=VECTOR('',#9645,0.01);
#9647=LINE('',#9644,#9646);
#9648=EDGE_CURVE('',#9643,#9635,#9647,.T.);
#9649=ORIENTED_EDGE('',*,*,#9648,.F.);
#9650=CARTESIAN_POINT('',(0.976256485627065,-0.361701707073492,0.999999999999997));
#9651=DIRECTION('',(1.0,0.0,0.0));
#9652=VECTOR('',#9651,0.475019940632419);
#9653=LINE('',#9650,#9652);
#9654=EDGE_CURVE('',#9612,#9643,#9653,.T.);
#9655=ORIENTED_EDGE('',*,*,#9654,.F.);
#9656=ORIENTED_EDGE('',*,*,#9617,.T.);
#9657=EDGE_LOOP('',(#9641,#9649,#9655,#9656));
#9658=FACE_OUTER_BOUND('',#9657,.T.);
#9659=ADVANCED_FACE('',(#9658),#9633,.T.);
#9660=CARTESIAN_POINT('',(1.451276426259485,-0.361701707073492,0.999999999999997));
#9661=DIRECTION('',(1.0,0.0,0.0));
#9662=DIRECTION('',(0.0,0.0,1.0));
#9663=AXIS2_PLACEMENT_3D('',#9660,#9661,#9662);
#9664=PLANE('',#9663);
#9665=CARTESIAN_POINT('',(1.451276426259485,-0.448068969012453,1.009999999999997));
#9666=VERTEX_POINT('',#9665);
#9667=CARTESIAN_POINT('',(1.451276426259484,-0.361701707073492,1.009999999999997));
#9668=DIRECTION('',(0.0,-1.0,0.0));
#9669=VECTOR('',#9668,0.08636726193896);
#9670=LINE('',#9667,#9669);
#9671=EDGE_CURVE('',#9635,#9666,#9670,.T.);
#9672=ORIENTED_EDGE('',*,*,#9671,.T.);
#9673=CARTESIAN_POINT('',(1.451276426259485,-0.448068969012453,0.999999999999997));
#9674=VERTEX_POINT('',#9673);
#9675=CARTESIAN_POINT('',(1.451276426259485,-0.448068969012453,0.999999999999997));
#9676=DIRECTION('',(0.0,0.0,1.0));
#9677=VECTOR('',#9676,0.01);
#9678=LINE('',#9675,#9677);
#9679=EDGE_CURVE('',#9674,#9666,#9678,.T.);
#9680=ORIENTED_EDGE('',*,*,#9679,.F.);
#9681=CARTESIAN_POINT('',(1.451276426259484,-0.361701707073492,0.999999999999997));
#9682=DIRECTION('',(0.0,-1.0,0.0));
#9683=VECTOR('',#9682,0.086367261938961);
#9684=LINE('',#9681,#9683);
#9685=EDGE_CURVE('',#9643,#9674,#9684,.T.);
#9686=ORIENTED_EDGE('',*,*,#9685,.F.);
#9687=ORIENTED_EDGE('',*,*,#9648,.T.);
#9688=EDGE_LOOP('',(#9672,#9680,#9686,#9687));
#9689=FACE_OUTER_BOUND('',#9688,.T.);
#9690=ADVANCED_FACE('',(#9689),#9664,.T.);
#9691=CARTESIAN_POINT('',(1.451276426259485,-0.448068969012453,0.999999999999997));
#9692=DIRECTION('',(0.0,-1.0,0.0));
#9693=DIRECTION('',(0.0,0.0,-1.0));
#9694=AXIS2_PLACEMENT_3D('',#9691,#9692,#9693);
#9695=PLANE('',#9694);
#9696=CARTESIAN_POINT('',(1.405693704683465,-0.448068969012453,1.009999999999997));
#9697=VERTEX_POINT('',#9696);
#9698=CARTESIAN_POINT('',(1.451276426259485,-0.448068969012453,1.009999999999997));
#9699=DIRECTION('',(-1.0,0.0,0.0));
#9700=VECTOR('',#9699,0.04558272157602);
#9701=LINE('',#9698,#9700);
#9702=EDGE_CURVE('',#9666,#9697,#9701,.T.);
#9703=ORIENTED_EDGE('',*,*,#9702,.T.);
#9704=CARTESIAN_POINT('',(1.405693704683465,-0.448068969012453,0.999999999999997));
#9705=VERTEX_POINT('',#9704);
#9706=CARTESIAN_POINT('',(1.405693704683465,-0.448068969012453,0.999999999999997));
#9707=DIRECTION('',(0.0,0.0,1.0));
#9708=VECTOR('',#9707,0.01);
#9709=LINE('',#9706,#9708);
#9710=EDGE_CURVE('',#9705,#9697,#9709,.T.);
#9711=ORIENTED_EDGE('',*,*,#9710,.F.);
#9712=CARTESIAN_POINT('',(1.451276426259485,-0.448068969012453,0.999999999999997));
#9713=DIRECTION('',(-1.0,0.0,0.0));
#9714=VECTOR('',#9713,0.045582721576019);
#9715=LINE('',#9712,#9714);
#9716=EDGE_CURVE('',#9674,#9705,#9715,.T.);
#9717=ORIENTED_EDGE('',*,*,#9716,.F.);
#9718=ORIENTED_EDGE('',*,*,#9679,.T.);
#9719=EDGE_LOOP('',(#9703,#9711,#9717,#9718));
#9720=FACE_OUTER_BOUND('',#9719,.T.);
#9721=ADVANCED_FACE('',(#9720),#9695,.T.);
#9722=CARTESIAN_POINT('',(1.336855930622907,-0.547490107540489,0.999999999999997));
#9723=DIRECTION('',(0.0,0.0,1.0));
#9724=DIRECTION('',(0.843661487717416,0.536875492216246,0.0));
#9725=AXIS2_PLACEMENT_3D('',#9722,#9723,#9724);
#9726=CYLINDRICAL_SURFACE('',#9725,0.120926431866087);
#9727=CARTESIAN_POINT('',(1.336855930622907,-0.547490107540489,1.009999999999997));
#9728=DIRECTION('',(0.0,0.0,-1.0));
#9729=DIRECTION('',(0.843661487717416,0.536875492216246,0.0));
#9730=AXIS2_PLACEMENT_3D('',#9727,#9728,#9729);
#9731=CIRCLE('',#9730,0.120926431866087);
#9732=EDGE_CURVE('',#9697,#9273,#9731,.T.);
#9733=ORIENTED_EDGE('',*,*,#9732,.T.);
#9734=ORIENTED_EDGE('',*,*,#9304,.F.);
#9735=CARTESIAN_POINT('',(1.336855930622907,-0.547490107540489,0.999999999999997));
#9736=DIRECTION('',(0.0,0.0,-1.0));
#9737=DIRECTION('',(0.843661487717416,0.536875492216246,0.0));
#9738=AXIS2_PLACEMENT_3D('',#9735,#9736,#9737);
#9739=CIRCLE('',#9738,0.120926431866087);
#9740=EDGE_CURVE('',#9705,#9292,#9739,.T.);
#9741=ORIENTED_EDGE('',*,*,#9740,.F.);
#9742=ORIENTED_EDGE('',*,*,#9710,.T.);
#9743=EDGE_LOOP('',(#9733,#9734,#9741,#9742));
#9744=FACE_OUTER_BOUND('',#9743,.T.);
#9745=ADVANCED_FACE('',(#9744),#9726,.T.);
#9746=CARTESIAN_POINT('',(1.356752029961658,0.064962223457102,1.009999999999997));
#9747=DIRECTION('',(0.0,0.0,1.0));
#9748=DIRECTION('',(1.0,0.0,0.0));
#9749=AXIS2_PLACEMENT_3D('',#9746,#9747,#9748);
#9750=PLANE('',#9749);
#9751=ORIENTED_EDGE('',*,*,#9281,.F.);
#9752=ORIENTED_EDGE('',*,*,#9732,.F.);
#9753=ORIENTED_EDGE('',*,*,#9702,.F.);
#9754=ORIENTED_EDGE('',*,*,#9671,.F.);
#9755=ORIENTED_EDGE('',*,*,#9640,.F.);
#9756=ORIENTED_EDGE('',*,*,#9609,.F.);
#9757=ORIENTED_EDGE('',*,*,#9578,.F.);
#9758=ORIENTED_EDGE('',*,*,#9546,.F.);
#9759=ORIENTED_EDGE('',*,*,#9513,.F.);
#9760=ORIENTED_EDGE('',*,*,#9480,.F.);
#9761=ORIENTED_EDGE('',*,*,#9448,.F.);
#9762=ORIENTED_EDGE('',*,*,#9417,.F.);
#9763=ORIENTED_EDGE('',*,*,#9386,.F.);
#9764=ORIENTED_EDGE('',*,*,#9354,.F.);
#9765=ORIENTED_EDGE('',*,*,#9321,.F.);
#9766=EDGE_LOOP('',(#9751,#9752,#9753,#9754,#9755,#9756,#9757,#9758,#9759,#9760,#9761,#9762,#9763,#9764,#9765));
#9767=FACE_OUTER_BOUND('',#9766,.T.);
#9768=ADVANCED_FACE('',(#9767),#9750,.T.);
#9769=CARTESIAN_POINT('',(1.356752029961658,0.064962223457102,0.999999999999997));
#9770=DIRECTION('',(0.0,0.0,1.0));
#9771=DIRECTION('',(1.0,0.0,0.0));
#9772=AXIS2_PLACEMENT_3D('',#9769,#9770,#9771);
#9773=PLANE('',#9772);
#9774=ORIENTED_EDGE('',*,*,#9740,.T.);
#9775=ORIENTED_EDGE('',*,*,#9298,.T.);
#9776=ORIENTED_EDGE('',*,*,#9336,.T.);
#9777=ORIENTED_EDGE('',*,*,#9369,.T.);
#9778=ORIENTED_EDGE('',*,*,#9400,.T.);
#9779=ORIENTED_EDGE('',*,*,#9431,.T.);
#9780=ORIENTED_EDGE('',*,*,#9462,.T.);
#9781=ORIENTED_EDGE('',*,*,#9495,.T.);
#9782=ORIENTED_EDGE('',*,*,#9528,.T.);
#9783=ORIENTED_EDGE('',*,*,#9561,.T.);
#9784=ORIENTED_EDGE('',*,*,#9592,.T.);
#9785=ORIENTED_EDGE('',*,*,#9623,.T.);
#9786=ORIENTED_EDGE('',*,*,#9654,.T.);
#9787=ORIENTED_EDGE('',*,*,#9685,.T.);
#9788=ORIENTED_EDGE('',*,*,#9716,.T.);
#9789=EDGE_LOOP('',(#9774,#9775,#9776,#9777,#9778,#9779,#9780,#9781,#9782,#9783,#9784,#9785,#9786,#9787,#9788));
#9790=FACE_OUTER_BOUND('',#9789,.T.);
#9791=ADVANCED_FACE('',(#9790),#9773,.F.);
#9792=CLOSED_SHELL('',(#9308,#9341,#9374,#9405,#9436,#9467,#9500,#9533,#9566,#9597,#9628,#9659,#9690,#9721,#9745,#9768,#9791));
#9793=MANIFOLD_SOLID_BREP('68F',#9792);
#9794=STYLED_ITEM('NONE',(#159),#9793);
#9795=CARTESIAN_POINT('',(1.451276426259485,-0.251343539050242,0.999999999999997));
#9796=DIRECTION('',(0.0,-1.0,0.0));
#9797=DIRECTION('',(0.0,0.0,-1.0));
#9798=AXIS2_PLACEMENT_3D('',#9795,#9796,#9797);
#9799=PLANE('',#9798);
#9800=CARTESIAN_POINT('',(1.451276426259485,-0.251343539050242,1.009999999999997));
#9801=VERTEX_POINT('',#9800);
#9802=CARTESIAN_POINT('',(0.976256485627065,-0.251343539050242,1.009999999999997));
#9803=VERTEX_POINT('',#9802);
#9804=CARTESIAN_POINT('',(1.451276426259485,-0.251343539050242,1.009999999999997));
#9805=DIRECTION('',(-1.0,0.0,0.0));
#9806=VECTOR('',#9805,0.47501994063242);
#9807=LINE('',#9804,#9806);
#9808=EDGE_CURVE('',#9801,#9803,#9807,.T.);
#9809=ORIENTED_EDGE('',*,*,#9808,.T.);
#9810=CARTESIAN_POINT('',(0.976256485627065,-0.251343539050242,0.999999999999997));
#9811=VERTEX_POINT('',#9810);
#9812=CARTESIAN_POINT('',(0.976256485627065,-0.251343539050242,0.999999999999997));
#9813=DIRECTION('',(0.0,0.0,1.0));
#9814=VECTOR('',#9813,0.01);
#9815=LINE('',#9812,#9814);
#9816=EDGE_CURVE('',#9811,#9803,#9815,.T.);
#9817=ORIENTED_EDGE('',*,*,#9816,.F.);
#9818=CARTESIAN_POINT('',(1.451276426259485,-0.251343539050242,0.999999999999997));
#9819=VERTEX_POINT('',#9818);
#9820=CARTESIAN_POINT('',(1.451276426259485,-0.251343539050242,0.999999999999997));
#9821=DIRECTION('',(-1.0,0.0,0.0));
#9822=VECTOR('',#9821,0.475019940632419);
#9823=LINE('',#9820,#9822);
#9824=EDGE_CURVE('',#9819,#9811,#9823,.T.);
#9825=ORIENTED_EDGE('',*,*,#9824,.F.);
#9826=CARTESIAN_POINT('',(1.451276426259485,-0.251343539050242,0.999999999999997));
#9827=DIRECTION('',(0.0,0.0,1.0));
#9828=VECTOR('',#9827,0.01);
#9829=LINE('',#9826,#9828);
#9830=EDGE_CURVE('',#9819,#9801,#9829,.T.);
#9831=ORIENTED_EDGE('',*,*,#9830,.T.);
#9832=EDGE_LOOP('',(#9809,#9817,#9825,#9831));
#9833=FACE_OUTER_BOUND('',#9832,.T.);
#9834=ADVANCED_FACE('',(#9833),#9799,.T.);
#9835=CARTESIAN_POINT('',(0.976256485627065,-0.251343539050242,0.999999999999997));
#9836=DIRECTION('',(-1.0,0.0,0.0));
#9837=DIRECTION('',(0.0,0.0,-1.0));
#9838=AXIS2_PLACEMENT_3D('',#9835,#9836,#9837);
#9839=PLANE('',#9838);
#9840=CARTESIAN_POINT('',(0.976256485627065,-0.164976277117602,1.009999999999997));
#9841=VERTEX_POINT('',#9840);
#9842=CARTESIAN_POINT('',(0.976256485627065,-0.251343539050242,1.009999999999997));
#9843=DIRECTION('',(0.0,1.0,0.0));
#9844=VECTOR('',#9843,0.08636726193264);
#9845=LINE('',#9842,#9844);
#9846=EDGE_CURVE('',#9803,#9841,#9845,.T.);
#9847=ORIENTED_EDGE('',*,*,#9846,.T.);
#9848=CARTESIAN_POINT('',(0.976256485627065,-0.164976277117602,0.999999999999997));
#9849=VERTEX_POINT('',#9848);
#9850=CARTESIAN_POINT('',(0.976256485627065,-0.164976277117602,0.999999999999997));
#9851=DIRECTION('',(0.0,0.0,1.0));
#9852=VECTOR('',#9851,0.01);
#9853=LINE('',#9850,#9852);
#9854=EDGE_CURVE('',#9849,#9841,#9853,.T.);
#9855=ORIENTED_EDGE('',*,*,#9854,.F.);
#9856=CARTESIAN_POINT('',(0.976256485627065,-0.251343539050242,0.999999999999997));
#9857=DIRECTION('',(0.0,1.0,0.0));
#9858=VECTOR('',#9857,0.08636726193264);
#9859=LINE('',#9856,#9858);
#9860=EDGE_CURVE('',#9811,#9849,#9859,.T.);
#9861=ORIENTED_EDGE('',*,*,#9860,.F.);
#9862=ORIENTED_EDGE('',*,*,#9816,.T.);
#9863=EDGE_LOOP('',(#9847,#9855,#9861,#9862));
#9864=FACE_OUTER_BOUND('',#9863,.T.);
#9865=ADVANCED_FACE('',(#9864),#9839,.T.);
#9866=CARTESIAN_POINT('',(0.976256485627065,-0.164976277117602,0.999999999999997));
#9867=DIRECTION('',(0.0,1.0,0.0));
#9868=DIRECTION('',(0.0,0.0,1.0));
#9869=AXIS2_PLACEMENT_3D('',#9866,#9867,#9868);
#9870=PLANE('',#9869);
#9871=CARTESIAN_POINT('',(1.451276426259485,-0.164976277117602,1.009999999999997));
#9872=VERTEX_POINT('',#9871);
#9873=CARTESIAN_POINT('',(0.976256485627065,-0.164976277117602,1.009999999999997));
#9874=DIRECTION('',(1.0,0.0,0.0));
#9875=VECTOR('',#9874,0.47501994063242);
#9876=LINE('',#9873,#9875);
#9877=EDGE_CURVE('',#9841,#9872,#9876,.T.);
#9878=ORIENTED_EDGE('',*,*,#9877,.T.);
#9879=CARTESIAN_POINT('',(1.451276426259485,-0.164976277117602,0.999999999999997));
#9880=VERTEX_POINT('',#9879);
#9881=CARTESIAN_POINT('',(1.451276426259485,-0.164976277117602,0.999999999999997));
#9882=DIRECTION('',(0.0,0.0,1.0));
#9883=VECTOR('',#9882,0.01);
#9884=LINE('',#9881,#9883);
#9885=EDGE_CURVE('',#9880,#9872,#9884,.T.);
#9886=ORIENTED_EDGE('',*,*,#9885,.F.);
#9887=CARTESIAN_POINT('',(0.976256485627065,-0.164976277117602,0.999999999999997));
#9888=DIRECTION('',(1.0,0.0,0.0));
#9889=VECTOR('',#9888,0.475019940632419);
#9890=LINE('',#9887,#9889);
#9891=EDGE_CURVE('',#9849,#9880,#9890,.T.);
#9892=ORIENTED_EDGE('',*,*,#9891,.F.);
#9893=ORIENTED_EDGE('',*,*,#9854,.T.);
#9894=EDGE_LOOP('',(#9878,#9886,#9892,#9893));
#9895=FACE_OUTER_BOUND('',#9894,.T.);
#9896=ADVANCED_FACE('',(#9895),#9870,.T.);
#9897=CARTESIAN_POINT('',(1.451276426259485,-0.164976277117602,0.999999999999997));
#9898=DIRECTION('',(1.0,0.0,0.0));
#9899=DIRECTION('',(0.0,0.0,1.0));
#9900=AXIS2_PLACEMENT_3D('',#9897,#9898,#9899);
#9901=PLANE('',#9900);
#9902=CARTESIAN_POINT('',(1.451276426259484,-0.164976277117602,1.009999999999997));
#9903=DIRECTION('',(0.0,-1.0,0.0));
#9904=VECTOR('',#9903,0.08636726193264);
#9905=LINE('',#9902,#9904);
#9906=EDGE_CURVE('',#9872,#9801,#9905,.T.);
#9907=ORIENTED_EDGE('',*,*,#9906,.T.);
#9908=ORIENTED_EDGE('',*,*,#9830,.F.);
#9909=CARTESIAN_POINT('',(1.451276426259484,-0.164976277117601,0.999999999999997));
#9910=DIRECTION('',(0.0,-1.0,0.0));
#9911=VECTOR('',#9910,0.08636726193264);
#9912=LINE('',#9909,#9911);
#9913=EDGE_CURVE('',#9880,#9819,#9912,.T.);
#9914=ORIENTED_EDGE('',*,*,#9913,.F.);
#9915=ORIENTED_EDGE('',*,*,#9885,.T.);
#9916=EDGE_LOOP('',(#9907,#9908,#9914,#9915));
#9917=FACE_OUTER_BOUND('',#9916,.T.);
#9918=ADVANCED_FACE('',(#9917),#9901,.T.);
#9919=CARTESIAN_POINT('',(1.356752029961658,0.064962223457102,1.009999999999997));
#9920=DIRECTION('',(0.0,0.0,1.0));
#9921=DIRECTION('',(1.0,0.0,0.0));
#9922=AXIS2_PLACEMENT_3D('',#9919,#9920,#9921);
#9923=PLANE('',#9922);
#9924=ORIENTED_EDGE('',*,*,#9808,.F.);
#9925=ORIENTED_EDGE('',*,*,#9906,.F.);
#9926=ORIENTED_EDGE('',*,*,#9877,.F.);
#9927=ORIENTED_EDGE('',*,*,#9846,.F.);
#9928=EDGE_LOOP('',(#9924,#9925,#9926,#9927));
#9929=FACE_OUTER_BOUND('',#9928,.T.);
#9930=ADVANCED_FACE('',(#9929),#9923,.T.);
#9931=CARTESIAN_POINT('',(1.356752029961658,0.064962223457102,0.999999999999997));
#9932=DIRECTION('',(0.0,0.0,1.0));
#9933=DIRECTION('',(1.0,0.0,0.0));
#9934=AXIS2_PLACEMENT_3D('',#9931,#9932,#9933);
#9935=PLANE('',#9934);
#9936=ORIENTED_EDGE('',*,*,#9913,.T.);
#9937=ORIENTED_EDGE('',*,*,#9824,.T.);
#9938=ORIENTED_EDGE('',*,*,#9860,.T.);
#9939=ORIENTED_EDGE('',*,*,#9891,.T.);
#9940=EDGE_LOOP('',(#9936,#9937,#9938,#9939));
#9941=FACE_OUTER_BOUND('',#9940,.T.);
#9942=ADVANCED_FACE('',(#9941),#9935,.F.);
#9943=CLOSED_SHELL('',(#9834,#9865,#9896,#9918,#9930,#9942));
#9944=MANIFOLD_SOLID_BREP('68B',#9943);
#9945=STYLED_ITEM('NONE',(#159),#9944);
#9946=CARTESIAN_POINT('',(1.596001074635316,-0.208159908086805,0.999999999999997));
#9947=DIRECTION('',(0.0,0.0,1.0));
#9948=DIRECTION('',(0.0,-1.0,0.0));
#9949=AXIS2_PLACEMENT_3D('',#9946,#9947,#9948);
#9950=CYLINDRICAL_SURFACE('',#9949,0.056782075366698);
#9951=CARTESIAN_POINT('',(1.596001074635316,-0.264941983453503,1.009999999999997));
#9952=VERTEX_POINT('',#9951);
#9953=CARTESIAN_POINT('',(1.596001074635316,-0.264941983453503,0.999999999999997));
#9954=VERTEX_POINT('',#9953);
#9955=CARTESIAN_POINT('',(1.596001074635316,-0.264941983453503,1.009999999999997));
#9956=DIRECTION('',(0.0,0.0,-1.0));
#9957=VECTOR('',#9956,0.01);
#9958=LINE('',#9955,#9957);
#9959=EDGE_CURVE('',#9952,#9954,#9958,.T.);
#9960=ORIENTED_EDGE('',*,*,#9959,.F.);
#9961=CARTESIAN_POINT('',(1.596001074635316,-0.1513778327201,1.009999999999997));
#9962=VERTEX_POINT('',#9961);
#9963=CARTESIAN_POINT('',(1.596001074635316,-0.208159908086805,1.009999999999997));
#9964=DIRECTION('',(0.0,0.0,-1.0));
#9965=DIRECTION('',(0.0,-1.0,0.0));
#9966=AXIS2_PLACEMENT_3D('',#9963,#9964,#9965);
#9967=CIRCLE('',#9966,0.056782075366698);
#9968=EDGE_CURVE('',#9952,#9962,#9967,.T.);
#9969=ORIENTED_EDGE('',*,*,#9968,.T.);
#9970=CARTESIAN_POINT('',(1.596001074635316,-0.1513778327201,0.999999999999997));
#9971=VERTEX_POINT('',#9970);
#9972=CARTESIAN_POINT('',(1.596001074635316,-0.151377832720107,1.009999999999997));
#9973=DIRECTION('',(0.0,0.0,-1.0));
#9974=VECTOR('',#9973,0.01);
#9975=LINE('',#9972,#9974);
#9976=EDGE_CURVE('',#9962,#9971,#9975,.T.);
#9977=ORIENTED_EDGE('',*,*,#9976,.T.);
#9978=CARTESIAN_POINT('',(1.596001074635316,-0.208159908086805,0.999999999999997));
#9979=DIRECTION('',(0.0,0.0,-1.0));
#9980=DIRECTION('',(0.0,-1.0,0.0));
#9981=AXIS2_PLACEMENT_3D('',#9978,#9979,#9980);
#9982=CIRCLE('',#9981,0.056782075366698);
#9983=EDGE_CURVE('',#9954,#9971,#9982,.T.);
#9984=ORIENTED_EDGE('',*,*,#9983,.F.);
#9985=EDGE_LOOP('',(#9960,#9969,#9977,#9984));
#9986=FACE_OUTER_BOUND('',#9985,.T.);
#9987=ADVANCED_FACE('',(#9986),#9950,.T.);
#9988=CARTESIAN_POINT('',(1.596001074635316,-0.208159908086805,0.999999999999997));
#9989=DIRECTION('',(0.0,0.0,1.0));
#9990=DIRECTION('',(0.0,-1.0,0.0));
#9991=AXIS2_PLACEMENT_3D('',#9988,#9989,#9990);
#9992=CYLINDRICAL_SURFACE('',#9991,0.056782075366698);
#9993=ORIENTED_EDGE('',*,*,#9959,.T.);
#9994=CARTESIAN_POINT('',(1.596001074635316,-0.208159908086805,0.999999999999997));
#9995=DIRECTION('',(0.0,0.0,-1.0));
#9996=DIRECTION('',(0.0,-1.0,0.0));
#9997=AXIS2_PLACEMENT_3D('',#9994,#9995,#9996);
#9998=CIRCLE('',#9997,0.056782075366698);
#9999=EDGE_CURVE('',#9971,#9954,#9998,.T.);
#10000=ORIENTED_EDGE('',*,*,#9999,.F.);
#10001=ORIENTED_EDGE('',*,*,#9976,.F.);
#10002=CARTESIAN_POINT('',(1.596001074635316,-0.208159908086805,1.009999999999997));
#10003=DIRECTION('',(0.0,0.0,-1.0));
#10004=DIRECTION('',(0.0,-1.0,0.0));
#10005=AXIS2_PLACEMENT_3D('',#10002,#10003,#10004);
#10006=CIRCLE('',#10005,0.056782075366698);
#10007=EDGE_CURVE('',#9962,#9952,#10006,.T.);
#10008=ORIENTED_EDGE('',*,*,#10007,.T.);
#10009=EDGE_LOOP('',(#9993,#10000,#10001,#10008));
#10010=FACE_OUTER_BOUND('',#10009,.T.);
#10011=ADVANCED_FACE('',(#10010),#9992,.T.);
#10012=CARTESIAN_POINT('',(1.356752029961658,0.064962223457106,1.009999999999997));
#10013=DIRECTION('',(0.0,0.0,1.0));
#10014=DIRECTION('',(1.0,0.0,0.0));
#10015=AXIS2_PLACEMENT_3D('',#10012,#10013,#10014);
#10016=PLANE('',#10015);
#10017=ORIENTED_EDGE('',*,*,#10007,.F.);
#10018=ORIENTED_EDGE('',*,*,#9968,.F.);
#10019=EDGE_LOOP('',(#10017,#10018));
#10020=FACE_OUTER_BOUND('',#10019,.T.);
#10021=ADVANCED_FACE('',(#10020),#10016,.T.);
#10022=CARTESIAN_POINT('',(1.356752029961658,0.064962223457106,0.999999999999997));
#10023=DIRECTION('',(0.0,0.0,1.0));
#10024=DIRECTION('',(1.0,0.0,0.0));
#10025=AXIS2_PLACEMENT_3D('',#10022,#10023,#10024);
#10026=PLANE('',#10025);
#10027=ORIENTED_EDGE('',*,*,#9999,.T.);
#10028=ORIENTED_EDGE('',*,*,#9983,.T.);
#10029=EDGE_LOOP('',(#10027,#10028));
#10030=FACE_OUTER_BOUND('',#10029,.T.);
#10031=ADVANCED_FACE('',(#10030),#10026,.F.);
#10032=CLOSED_SHELL('',(#9987,#10011,#10021,#10031));
#10033=MANIFOLD_SOLID_BREP('687',#10032);
#10034=STYLED_ITEM('NONE',(#159),#10033);
#10035=CARTESIAN_POINT('',(1.632877154551405,-0.064788167109996,0.999999999999997));
#10036=DIRECTION('',(0.0,0.0,1.0));
#10037=DIRECTION('',(0.344254649178148,0.938876315879376,0.0));
#10038=AXIS2_PLACEMENT_3D('',#10035,#10036,#10037);
#10039=CYLINDRICAL_SURFACE('',#10038,0.113333306292007);
#10040=CARTESIAN_POINT('',(1.632146996521636,0.048542787109571,1.009999999999997));
#10041=VERTEX_POINT('',#10040);
#10042=CARTESIAN_POINT('',(1.705580030844335,0.022152790405308,1.009999999999997));
#10043=VERTEX_POINT('',#10042);
#10044=CARTESIAN_POINT('',(1.632877154551405,-0.064788167109996,1.009999999999997));
#10045=DIRECTION('',(0.0,0.0,-1.0));
#10046=DIRECTION('',(0.344254649178148,0.938876315879376,0.0));
#10047=AXIS2_PLACEMENT_3D('',#10044,#10045,#10046);
#10048=CIRCLE('',#10047,0.113333306292007);
#10049=EDGE_CURVE('',#10041,#10043,#10048,.T.);
#10050=ORIENTED_EDGE('',*,*,#10049,.T.);
#10051=CARTESIAN_POINT('',(1.705580030844335,0.022152790405308,0.999999999999997));
#10052=VERTEX_POINT('',#10051);
#10053=CARTESIAN_POINT('',(1.705580030844335,0.022152790405308,0.999999999999997));
#10054=DIRECTION('',(0.0,0.0,1.0));
#10055=VECTOR('',#10054,0.01);
#10056=LINE('',#10053,#10055);
#10057=EDGE_CURVE('',#10052,#10043,#10056,.T.);
#10058=ORIENTED_EDGE('',*,*,#10057,.F.);
#10059=CARTESIAN_POINT('',(1.632146996521636,0.048542787109571,0.999999999999997));
#10060=VERTEX_POINT('',#10059);
#10061=CARTESIAN_POINT('',(1.632877154551405,-0.064788167109996,0.999999999999997));
#10062=DIRECTION('',(0.0,0.0,-1.0));
#10063=DIRECTION('',(0.344254649178148,0.938876315879376,0.0));
#10064=AXIS2_PLACEMENT_3D('',#10061,#10062,#10063);
#10065=CIRCLE('',#10064,0.113333306292007);
#10066=EDGE_CURVE('',#10060,#10052,#10065,.T.);
#10067=ORIENTED_EDGE('',*,*,#10066,.F.);
#10068=CARTESIAN_POINT('',(1.632146996521636,0.048542787109571,0.999999999999997));
#10069=DIRECTION('',(0.0,0.0,1.0));
#10070=VECTOR('',#10069,0.01);
#10071=LINE('',#10068,#10070);
#10072=EDGE_CURVE('',#10060,#10041,#10071,.T.);
#10073=ORIENTED_EDGE('',*,*,#10072,.T.);
#10074=EDGE_LOOP('',(#10050,#10058,#10067,#10073));
#10075=FACE_OUTER_BOUND('',#10074,.T.);
#10076=ADVANCED_FACE('',(#10075),#10039,.T.);
#10077=CARTESIAN_POINT('',(1.635802229232375,-0.057655252897672,0.999999999999997));
#10078=DIRECTION('',(0.0,0.0,1.0));
#10079=DIRECTION('',(0.766270793304727,0.642517759542991,0.0));
#10080=AXIS2_PLACEMENT_3D('',#10077,#10078,#10079);
#10081=CYLINDRICAL_SURFACE('',#10080,0.106010685186621);
#10082=CARTESIAN_POINT('',(1.7265532187822,-0.00285996779476,1.009999999999997));
#10083=VERTEX_POINT('',#10082);
#10084=CARTESIAN_POINT('',(1.635802229232375,-0.057655252897672,1.009999999999997));
#10085=DIRECTION('',(0.0,0.0,-1.0));
#10086=DIRECTION('',(0.766270793304727,0.642517759542991,0.0));
#10087=AXIS2_PLACEMENT_3D('',#10084,#10085,#10086);
#10088=CIRCLE('',#10087,0.106010685186621);
#10089=EDGE_CURVE('',#10043,#10083,#10088,.T.);
#10090=ORIENTED_EDGE('',*,*,#10089,.T.);
#10091=CARTESIAN_POINT('',(1.7265532187822,-0.00285996779476,0.999999999999997));
#10092=VERTEX_POINT('',#10091);
#10093=CARTESIAN_POINT('',(1.7265532187822,-0.00285996779476,0.999999999999997));
#10094=DIRECTION('',(0.0,0.0,1.0));
#10095=VECTOR('',#10094,0.01);
#10096=LINE('',#10093,#10095);
#10097=EDGE_CURVE('',#10092,#10083,#10096,.T.);
#10098=ORIENTED_EDGE('',*,*,#10097,.F.);
#10099=CARTESIAN_POINT('',(1.635802229232375,-0.057655252897672,0.999999999999997));
#10100=DIRECTION('',(0.0,0.0,-1.0));
#10101=DIRECTION('',(0.766270793304727,0.642517759542991,0.0));
#10102=AXIS2_PLACEMENT_3D('',#10099,#10100,#10101);
#10103=CIRCLE('',#10102,0.106010685186621);
#10104=EDGE_CURVE('',#10052,#10092,#10103,.T.);
#10105=ORIENTED_EDGE('',*,*,#10104,.F.);
#10106=ORIENTED_EDGE('',*,*,#10057,.T.);
#10107=EDGE_LOOP('',(#10090,#10098,#10105,#10106));
#10108=FACE_OUTER_BOUND('',#10107,.T.);
#10109=ADVANCED_FACE('',(#10108),#10081,.T.);
#10110=CARTESIAN_POINT('',(1.62962050037034,-0.05655885856847,0.999999999999997));
#10111=DIRECTION('',(0.0,0.0,1.0));
#10112=DIRECTION('',(0.969172500805283,0.246383164365657,0.0));
#10113=AXIS2_PLACEMENT_3D('',#10110,#10111,#10112);
#10114=CYLINDRICAL_SURFACE('',#10113,0.110813008121476);
#10115=CARTESIAN_POINT('',(1.740429961285102,-0.057445504388158,1.009999999999997));
#10116=VERTEX_POINT('',#10115);
#10117=CARTESIAN_POINT('',(1.62962050037034,-0.05655885856847,1.009999999999997));
#10118=DIRECTION('',(0.0,0.0,-1.0));
#10119=DIRECTION('',(0.969172500805283,0.246383164365657,0.0));
#10120=AXIS2_PLACEMENT_3D('',#10117,#10118,#10119);
#10121=CIRCLE('',#10120,0.110813008121475);
#10122=EDGE_CURVE('',#10083,#10116,#10121,.T.);
#10123=ORIENTED_EDGE('',*,*,#10122,.T.);
#10124=CARTESIAN_POINT('',(1.740429961285102,-0.057445504388158,0.999999999999997));
#10125=VERTEX_POINT('',#10124);
#10126=CARTESIAN_POINT('',(1.740429961285102,-0.057445504388158,0.999999999999997));
#10127=DIRECTION('',(0.0,0.0,1.0));
#10128=VECTOR('',#10127,0.01);
#10129=LINE('',#10126,#10128);
#10130=EDGE_CURVE('',#10125,#10116,#10129,.T.);
#10131=ORIENTED_EDGE('',*,*,#10130,.F.);
#10132=CARTESIAN_POINT('',(1.62962050037034,-0.05655885856847,0.999999999999997));
#10133=DIRECTION('',(0.0,0.0,-1.0));
#10134=DIRECTION('',(0.969172500805283,0.246383164365657,0.0));
#10135=AXIS2_PLACEMENT_3D('',#10132,#10133,#10134);
#10136=CIRCLE('',#10135,0.110813008121475);
#10137=EDGE_CURVE('',#10092,#10125,#10136,.T.);
#10138=ORIENTED_EDGE('',*,*,#10137,.F.);
#10139=ORIENTED_EDGE('',*,*,#10097,.T.);
#10140=EDGE_LOOP('',(#10123,#10131,#10138,#10139));
#10141=FACE_OUTER_BOUND('',#10140,.T.);
#10142=ADVANCED_FACE('',(#10141),#10114,.T.);
#10143=CARTESIAN_POINT('',(1.58305720484721,-0.048317718836525,0.999999999999997));
#10144=DIRECTION('',(0.0,0.0,1.0));
#10145=DIRECTION('',(0.971910234092347,-0.235351857580432,0.0));
#10146=AXIS2_PLACEMENT_3D('',#10143,#10144,#10145);
#10147=CYLINDRICAL_SURFACE('',#10146,0.157637244767378);
#10148=CARTESIAN_POINT('',(1.727171846321038,-0.112196283713817,1.009999999999997));
#10149=VERTEX_POINT('',#10148);
#10150=CARTESIAN_POINT('',(1.58305720484721,-0.048317718836525,1.009999999999997));
#10151=DIRECTION('',(0.0,0.0,-1.0));
#10152=DIRECTION('',(0.971910234092347,-0.235351857580432,0.0));
#10153=AXIS2_PLACEMENT_3D('',#10150,#10151,#10152);
#10154=CIRCLE('',#10153,0.157637244767378);
#10155=EDGE_CURVE('',#10116,#10149,#10154,.T.);
#10156=ORIENTED_EDGE('',*,*,#10155,.T.);
#10157=CARTESIAN_POINT('',(1.727171846321038,-0.112196283713817,0.999999999999997));
#10158=VERTEX_POINT('',#10157);
#10159=CARTESIAN_POINT('',(1.727171846321038,-0.112196283713817,0.999999999999997));
#10160=DIRECTION('',(0.0,0.0,1.0));
#10161=VECTOR('',#10160,0.01);
#10162=LINE('',#10159,#10161);
#10163=EDGE_CURVE('',#10158,#10149,#10162,.T.);
#10164=ORIENTED_EDGE('',*,*,#10163,.F.);
#10165=CARTESIAN_POINT('',(1.58305720484721,-0.048317718836525,0.999999999999997));
#10166=DIRECTION('',(0.0,0.0,-1.0));
#10167=DIRECTION('',(0.971910234092347,-0.235351857580432,0.0));
#10168=AXIS2_PLACEMENT_3D('',#10165,#10166,#10167);
#10169=CIRCLE('',#10168,0.157637244767378);
#10170=EDGE_CURVE('',#10125,#10158,#10169,.T.);
#10171=ORIENTED_EDGE('',*,*,#10170,.F.);
#10172=ORIENTED_EDGE('',*,*,#10130,.T.);
#10173=EDGE_LOOP('',(#10156,#10164,#10171,#10172));
#10174=FACE_OUTER_BOUND('',#10173,.T.);
#10175=ADVANCED_FACE('',(#10174),#10147,.T.);
#10176=CARTESIAN_POINT('',(1.727171846321038,-0.112196283713817,0.999999999999997));
#10177=DIRECTION('',(0.0,-1.0,0.0));
#10178=DIRECTION('',(0.0,0.0,-1.0));
#10179=AXIS2_PLACEMENT_3D('',#10176,#10177,#10178);
#10180=PLANE('',#10179);
#10181=CARTESIAN_POINT('',(1.648001856218009,-0.112196283713817,1.009999999999997));
#10182=VERTEX_POINT('',#10181);
#10183=CARTESIAN_POINT('',(1.727171846321038,-0.112196283713817,1.009999999999997));
#10184=DIRECTION('',(-1.0,0.0,0.0));
#10185=VECTOR('',#10184,0.079169990103029);
#10186=LINE('',#10183,#10185);
#10187=EDGE_CURVE('',#10149,#10182,#10186,.T.);
#10188=ORIENTED_EDGE('',*,*,#10187,.T.);
#10189=CARTESIAN_POINT('',(1.648001856218009,-0.112196283713817,0.999999999999997));
#10190=VERTEX_POINT('',#10189);
#10191=CARTESIAN_POINT('',(1.648001856218009,-0.112196283713817,0.999999999999997));
#10192=DIRECTION('',(0.0,0.0,1.0));
#10193=VECTOR('',#10192,0.01);
#10194=LINE('',#10191,#10193);
#10195=EDGE_CURVE('',#10190,#10182,#10194,.T.);
#10196=ORIENTED_EDGE('',*,*,#10195,.F.);
#10197=CARTESIAN_POINT('',(1.727171846321039,-0.112196283713817,0.999999999999997));
#10198=DIRECTION('',(-1.0,0.0,0.0));
#10199=VECTOR('',#10198,0.079169990103029);
#10200=LINE('',#10197,#10199);
#10201=EDGE_CURVE('',#10158,#10190,#10200,.T.);
#10202=ORIENTED_EDGE('',*,*,#10201,.F.);
#10203=ORIENTED_EDGE('',*,*,#10163,.T.);
#10204=EDGE_LOOP('',(#10188,#10196,#10202,#10203));
#10205=FACE_OUTER_BOUND('',#10204,.T.);
#10206=ADVANCED_FACE('',(#10205),#10180,.T.);
#10207=CARTESIAN_POINT('',(1.579189605150109,-0.077987680590337,0.999999999999997));
#10208=DIRECTION('',(0.0,0.0,1.0));
#10209=DIRECTION('',(0.974428800283742,-0.224696491244493,0.0));
#10210=AXIS2_PLACEMENT_3D('',#10207,#10208,#10209);
#10211=CYLINDRICAL_SURFACE('',#10210,0.076846303911057);
#10212=CARTESIAN_POINT('',(1.65603339714497,-0.077366346023646,1.009999999999997));
#10213=VERTEX_POINT('',#10212);
#10214=CARTESIAN_POINT('',(1.579189605150109,-0.077987680590337,1.009999999999997));
#10215=DIRECTION('',(0.0,0.0,1.0));
#10216=DIRECTION('',(0.974428800283742,-0.224696491244493,0.0));
#10217=AXIS2_PLACEMENT_3D('',#10214,#10215,#10216);
#10218=CIRCLE('',#10217,0.076846303911057);
#10219=EDGE_CURVE('',#10182,#10213,#10218,.T.);
#10220=ORIENTED_EDGE('',*,*,#10219,.T.);
#10221=CARTESIAN_POINT('',(1.65603339714497,-0.077366346023646,0.999999999999997));
#10222=VERTEX_POINT('',#10221);
#10223=CARTESIAN_POINT('',(1.65603339714497,-0.077366346023646,0.999999999999997));
#10224=DIRECTION('',(0.0,0.0,1.0));
#10225=VECTOR('',#10224,0.01);
#10226=LINE('',#10223,#10225);
#10227=EDGE_CURVE('',#10222,#10213,#10226,.T.);
#10228=ORIENTED_EDGE('',*,*,#10227,.F.);
#10229=CARTESIAN_POINT('',(1.579189605150109,-0.077987680590337,0.999999999999997));
#10230=DIRECTION('',(0.0,0.0,1.0));
#10231=DIRECTION('',(0.974428800283742,-0.224696491244493,0.0));
#10232=AXIS2_PLACEMENT_3D('',#10229,#10230,#10231);
#10233=CIRCLE('',#10232,0.076846303911057);
#10234=EDGE_CURVE('',#10190,#10222,#10233,.T.);
#10235=ORIENTED_EDGE('',*,*,#10234,.F.);
#10236=ORIENTED_EDGE('',*,*,#10195,.T.);
#10237=EDGE_LOOP('',(#10220,#10228,#10235,#10236));
#10238=FACE_OUTER_BOUND('',#10237,.T.);
#10239=ADVANCED_FACE('',(#10238),#10211,.F.);
#10240=CARTESIAN_POINT('',(1.619301855212028,-0.076413749993134,0.999999999999997));
#10241=DIRECTION('',(0.0,0.0,1.0));
#10242=DIRECTION('',(0.859522989688275,0.511097084903964,0.0));
#10243=AXIS2_PLACEMENT_3D('',#10240,#10241,#10242);
#10244=CYLINDRICAL_SURFACE('',#10243,0.036743892172129);
#10245=CARTESIAN_POINT('',(1.636006403176122,-0.043686518376654,1.009999999999997));
#10246=VERTEX_POINT('',#10245);
#10247=CARTESIAN_POINT('',(1.619301855212028,-0.076413749993134,1.009999999999997));
#10248=DIRECTION('',(0.0,0.0,1.0));
#10249=DIRECTION('',(0.859522989688275,0.511097084903964,0.0));
#10250=AXIS2_PLACEMENT_3D('',#10247,#10248,#10249);
#10251=CIRCLE('',#10250,0.036743892172129);
#10252=EDGE_CURVE('',#10213,#10246,#10251,.T.);
#10253=ORIENTED_EDGE('',*,*,#10252,.T.);
#10254=CARTESIAN_POINT('',(1.636006403176122,-0.043686518376654,0.999999999999997));
#10255=VERTEX_POINT('',#10254);
#10256=CARTESIAN_POINT('',(1.636006403176122,-0.043686518376654,0.999999999999997));
#10257=DIRECTION('',(0.0,0.0,1.0));
#10258=VECTOR('',#10257,0.01);
#10259=LINE('',#10256,#10258);
#10260=EDGE_CURVE('',#10255,#10246,#10259,.T.);
#10261=ORIENTED_EDGE('',*,*,#10260,.F.);
#10262=CARTESIAN_POINT('',(1.619301855212028,-0.076413749993134,0.999999999999997));
#10263=DIRECTION('',(0.0,0.0,1.0));
#10264=DIRECTION('',(0.859522989688275,0.511097084903964,0.0));
#10265=AXIS2_PLACEMENT_3D('',#10262,#10263,#10264);
#10266=CIRCLE('',#10265,0.036743892172129);
#10267=EDGE_CURVE('',#10222,#10255,#10266,.T.);
#10268=ORIENTED_EDGE('',*,*,#10267,.F.);
#10269=ORIENTED_EDGE('',*,*,#10227,.T.);
#10270=EDGE_LOOP('',(#10253,#10261,#10268,#10269));
#10271=FACE_OUTER_BOUND('',#10270,.T.);
#10272=ADVANCED_FACE('',(#10271),#10244,.F.);
#10273=CARTESIAN_POINT('',(1.618013223601714,-0.088492723455079,0.999999999999997));
#10274=DIRECTION('',(0.0,0.0,1.0));
#10275=DIRECTION('',(0.177563345912701,0.984109373082223,0.0));
#10276=AXIS2_PLACEMENT_3D('',#10273,#10274,#10275);
#10277=CYLINDRICAL_SURFACE('',#10276,0.048284060772787);
#10278=CARTESIAN_POINT('',(1.616813678297262,-0.040223565437235,1.009999999999997));
#10279=VERTEX_POINT('',#10278);
#10280=CARTESIAN_POINT('',(1.618013223601714,-0.088492723455079,1.009999999999997));
#10281=DIRECTION('',(0.0,0.0,1.0));
#10282=DIRECTION('',(0.177563345912701,0.984109373082223,0.0));
#10283=AXIS2_PLACEMENT_3D('',#10280,#10281,#10282);
#10284=CIRCLE('',#10283,0.048284060772787);
#10285=EDGE_CURVE('',#10246,#10279,#10284,.T.);
#10286=ORIENTED_EDGE('',*,*,#10285,.T.);
#10287=CARTESIAN_POINT('',(1.616813678297262,-0.040223565437235,0.999999999999997));
#10288=VERTEX_POINT('',#10287);
#10289=CARTESIAN_POINT('',(1.616813678297262,-0.040223565437235,0.999999999999997));
#10290=DIRECTION('',(0.0,0.0,1.0));
#10291=VECTOR('',#10290,0.01);
#10292=LINE('',#10289,#10291);
#10293=EDGE_CURVE('',#10288,#10279,#10292,.T.);
#10294=ORIENTED_EDGE('',*,*,#10293,.F.);
#10295=CARTESIAN_POINT('',(1.618013223601714,-0.088492723455079,0.999999999999997));
#10296=DIRECTION('',(0.0,0.0,1.0));
#10297=DIRECTION('',(0.177563345912701,0.984109373082223,0.0));
#10298=AXIS2_PLACEMENT_3D('',#10295,#10296,#10297);
#10299=CIRCLE('',#10298,0.048284060772787);
#10300=EDGE_CURVE('',#10255,#10288,#10299,.T.);
#10301=ORIENTED_EDGE('',*,*,#10300,.F.);
#10302=ORIENTED_EDGE('',*,*,#10260,.T.);
#10303=EDGE_LOOP('',(#10286,#10294,#10301,#10302));
#10304=FACE_OUTER_BOUND('',#10303,.T.);
#10305=ADVANCED_FACE('',(#10304),#10277,.F.);
#10306=CARTESIAN_POINT('',(1.616813678297262,-0.040223565437235,0.999999999999997));
#10307=DIRECTION('',(0.0,-1.0,0.0));
#10308=DIRECTION('',(0.0,0.0,-1.0));
#10309=AXIS2_PLACEMENT_3D('',#10306,#10307,#10308);
#10310=PLANE('',#10309);
#10311=CARTESIAN_POINT('',(1.451276426259485,-0.040223565437235,1.009999999999997));
#10312=VERTEX_POINT('',#10311);
#10313=CARTESIAN_POINT('',(1.616813678297263,-0.040223565437235,1.009999999999997));
#10314=DIRECTION('',(-1.0,0.0,0.0));
#10315=VECTOR('',#10314,0.165537252037778);
#10316=LINE('',#10313,#10315);
#10317=EDGE_CURVE('',#10279,#10312,#10316,.T.);
#10318=ORIENTED_EDGE('',*,*,#10317,.T.);
#10319=CARTESIAN_POINT('',(1.451276426259485,-0.040223565437235,0.999999999999997));
#10320=VERTEX_POINT('',#10319);
#10321=CARTESIAN_POINT('',(1.451276426259485,-0.040223565437235,0.999999999999997));
#10322=DIRECTION('',(0.0,0.0,1.0));
#10323=VECTOR('',#10322,0.01);
#10324=LINE('',#10321,#10323);
#10325=EDGE_CURVE('',#10320,#10312,#10324,.T.);
#10326=ORIENTED_EDGE('',*,*,#10325,.F.);
#10327=CARTESIAN_POINT('',(1.616813678297262,-0.040223565437235,0.999999999999997));
#10328=DIRECTION('',(-1.0,0.0,0.0));
#10329=VECTOR('',#10328,0.165537252037779);
#10330=LINE('',#10327,#10329);
#10331=EDGE_CURVE('',#10288,#10320,#10330,.T.);
#10332=ORIENTED_EDGE('',*,*,#10331,.F.);
#10333=ORIENTED_EDGE('',*,*,#10293,.T.);
#10334=EDGE_LOOP('',(#10318,#10326,#10332,#10333));
#10335=FACE_OUTER_BOUND('',#10334,.T.);
#10336=ADVANCED_FACE('',(#10335),#10310,.T.);
#10337=CARTESIAN_POINT('',(1.451276426259485,-0.040223565437235,0.999999999999997));
#10338=DIRECTION('',(1.0,0.0,0.0));
#10339=DIRECTION('',(0.0,0.0,1.0));
#10340=AXIS2_PLACEMENT_3D('',#10337,#10338,#10339);
#10341=PLANE('',#10340);
#10342=CARTESIAN_POINT('',(1.451276426259485,-0.107398102496545,1.009999999999997));
#10343=VERTEX_POINT('',#10342);
#10344=CARTESIAN_POINT('',(1.451276426259485,-0.040223565437235,1.009999999999997));
#10345=DIRECTION('',(0.0,-1.0,0.0));
#10346=VECTOR('',#10345,0.06717453705931);
#10347=LINE('',#10344,#10346);
#10348=EDGE_CURVE('',#10312,#10343,#10347,.T.);
#10349=ORIENTED_EDGE('',*,*,#10348,.T.);
#10350=CARTESIAN_POINT('',(1.451276426259485,-0.107398102496545,0.999999999999997));
#10351=VERTEX_POINT('',#10350);
#10352=CARTESIAN_POINT('',(1.451276426259485,-0.107398102496545,0.999999999999997));
#10353=DIRECTION('',(0.0,0.0,1.0));
#10354=VECTOR('',#10353,0.01);
#10355=LINE('',#10352,#10354);
#10356=EDGE_CURVE('',#10351,#10343,#10355,.T.);
#10357=ORIENTED_EDGE('',*,*,#10356,.F.);
#10358=CARTESIAN_POINT('',(1.451276426259485,-0.040223565437236,0.999999999999997));
#10359=DIRECTION('',(0.0,-1.0,0.0));
#10360=VECTOR('',#10359,0.067174537059311);
#10361=LINE('',#10358,#10360);
#10362=EDGE_CURVE('',#10320,#10351,#10361,.T.);
#10363=ORIENTED_EDGE('',*,*,#10362,.F.);
#10364=ORIENTED_EDGE('',*,*,#10325,.T.);
#10365=EDGE_LOOP('',(#10349,#10357,#10363,#10364));
#10366=FACE_OUTER_BOUND('',#10365,.T.);
#10367=ADVANCED_FACE('',(#10366),#10341,.T.);
#10368=CARTESIAN_POINT('',(1.451276426259485,-0.107398102496545,0.999999999999997));
#10369=DIRECTION('',(0.0,-1.0,0.0));
#10370=DIRECTION('',(0.0,0.0,-1.0));
#10371=AXIS2_PLACEMENT_3D('',#10368,#10369,#10370);
#10372=PLANE('',#10371);
#10373=CARTESIAN_POINT('',(1.384101889202279,-0.107398102496545,1.009999999999997));
#10374=VERTEX_POINT('',#10373);
#10375=CARTESIAN_POINT('',(1.451276426259485,-0.107398102496545,1.009999999999997));
#10376=DIRECTION('',(-1.0,0.0,0.0));
#10377=VECTOR('',#10376,0.067174537057205);
#10378=LINE('',#10375,#10377);
#10379=EDGE_CURVE('',#10343,#10374,#10378,.T.);
#10380=ORIENTED_EDGE('',*,*,#10379,.T.);
#10381=CARTESIAN_POINT('',(1.384101889202279,-0.107398102496545,0.999999999999997));
#10382=VERTEX_POINT('',#10381);
#10383=CARTESIAN_POINT('',(1.384101889202279,-0.107398102496545,0.999999999999997));
#10384=DIRECTION('',(0.0,0.0,1.0));
#10385=VECTOR('',#10384,0.01);
#10386=LINE('',#10383,#10385);
#10387=EDGE_CURVE('',#10382,#10374,#10386,.T.);
#10388=ORIENTED_EDGE('',*,*,#10387,.F.);
#10389=CARTESIAN_POINT('',(1.451276426259485,-0.107398102496545,0.999999999999997));
#10390=DIRECTION('',(-1.0,0.0,0.0));
#10391=VECTOR('',#10390,0.067174537057205);
#10392=LINE('',#10389,#10391);
#10393=EDGE_CURVE('',#10351,#10382,#10392,.T.);
#10394=ORIENTED_EDGE('',*,*,#10393,.F.);
#10395=ORIENTED_EDGE('',*,*,#10356,.T.);
#10396=EDGE_LOOP('',(#10380,#10388,#10394,#10395));
#10397=FACE_OUTER_BOUND('',#10396,.T.);
#10398=ADVANCED_FACE('',(#10397),#10372,.T.);
#10399=CARTESIAN_POINT('',(1.384101889202279,-0.107398102496545,0.999999999999997));
#10400=DIRECTION('',(-1.0,0.0,0.0));
#10401=DIRECTION('',(0.0,0.0,-1.0));
#10402=AXIS2_PLACEMENT_3D('',#10399,#10400,#10401);
#10403=PLANE('',#10402);
#10404=CARTESIAN_POINT('',(1.384101889202279,-0.040223565437235,1.009999999999997));
#10405=VERTEX_POINT('',#10404);
#10406=CARTESIAN_POINT('',(1.384101889202279,-0.107398102496545,1.009999999999997));
#10407=DIRECTION('',(0.0,1.0,0.0));
#10408=VECTOR('',#10407,0.06717453705931);
#10409=LINE('',#10406,#10408);
#10410=EDGE_CURVE('',#10374,#10405,#10409,.T.);
#10411=ORIENTED_EDGE('',*,*,#10410,.T.);
#10412=CARTESIAN_POINT('',(1.384101889202279,-0.040223565437235,0.999999999999997));
#10413=VERTEX_POINT('',#10412);
#10414=CARTESIAN_POINT('',(1.384101889202279,-0.040223565437235,0.999999999999997));
#10415=DIRECTION('',(0.0,0.0,1.0));
#10416=VECTOR('',#10415,0.01);
#10417=LINE('',#10414,#10416);
#10418=EDGE_CURVE('',#10413,#10405,#10417,.T.);
#10419=ORIENTED_EDGE('',*,*,#10418,.F.);
#10420=CARTESIAN_POINT('',(1.384101889202279,-0.107398102496547,0.999999999999997));
#10421=DIRECTION('',(0.0,1.0,0.0));
#10422=VECTOR('',#10421,0.067174537059311);
#10423=LINE('',#10420,#10422);
#10424=EDGE_CURVE('',#10382,#10413,#10423,.T.);
#10425=ORIENTED_EDGE('',*,*,#10424,.F.);
#10426=ORIENTED_EDGE('',*,*,#10387,.T.);
#10427=EDGE_LOOP('',(#10411,#10419,#10425,#10426));
#10428=FACE_OUTER_BOUND('',#10427,.T.);
#10429=ADVANCED_FACE('',(#10428),#10403,.T.);
#10430=CARTESIAN_POINT('',(1.384101889202279,-0.040223565437235,0.999999999999997));
#10431=DIRECTION('',(0.0,-1.0,0.0));
#10432=DIRECTION('',(0.0,0.0,-1.0));
#10433=AXIS2_PLACEMENT_3D('',#10430,#10431,#10432);
#10434=PLANE('',#10433);
#10435=CARTESIAN_POINT('',(0.976256485627065,-0.040223565437235,1.009999999999997));
#10436=VERTEX_POINT('',#10435);
#10437=CARTESIAN_POINT('',(1.384101889202279,-0.040223565437235,1.009999999999997));
#10438=DIRECTION('',(-1.0,0.0,0.0));
#10439=VECTOR('',#10438,0.407845403575214);
#10440=LINE('',#10437,#10439);
#10441=EDGE_CURVE('',#10405,#10436,#10440,.T.);
#10442=ORIENTED_EDGE('',*,*,#10441,.T.);
#10443=CARTESIAN_POINT('',(0.976256485627065,-0.040223565437235,0.999999999999997));
#10444=VERTEX_POINT('',#10443);
#10445=CARTESIAN_POINT('',(0.976256485627065,-0.040223565437235,0.999999999999997));
#10446=DIRECTION('',(0.0,0.0,1.0));
#10447=VECTOR('',#10446,0.01);
#10448=LINE('',#10445,#10447);
#10449=EDGE_CURVE('',#10444,#10436,#10448,.T.);
#10450=ORIENTED_EDGE('',*,*,#10449,.F.);
#10451=CARTESIAN_POINT('',(1.384101889202281,-0.040223565437235,0.999999999999997));
#10452=DIRECTION('',(-1.0,0.0,0.0));
#10453=VECTOR('',#10452,0.407845403575215);
#10454=LINE('',#10451,#10453);
#10455=EDGE_CURVE('',#10413,#10444,#10454,.T.);
#10456=ORIENTED_EDGE('',*,*,#10455,.F.);
#10457=ORIENTED_EDGE('',*,*,#10418,.T.);
#10458=EDGE_LOOP('',(#10442,#10450,#10456,#10457));
#10459=FACE_OUTER_BOUND('',#10458,.T.);
#10460=ADVANCED_FACE('',(#10459),#10434,.T.);
#10461=CARTESIAN_POINT('',(0.976256485627065,-0.040223565437235,0.999999999999997));
#10462=DIRECTION('',(-1.0,0.0,0.0));
#10463=DIRECTION('',(0.0,0.0,-1.0));
#10464=AXIS2_PLACEMENT_3D('',#10461,#10462,#10463);
#10465=PLANE('',#10464);
#10466=CARTESIAN_POINT('',(0.976256485627065,0.048542787109571,1.009999999999997));
#10467=VERTEX_POINT('',#10466);
#10468=CARTESIAN_POINT('',(0.976256485627065,-0.040223565437235,1.009999999999997));
#10469=DIRECTION('',(0.0,1.0,0.0));
#10470=VECTOR('',#10469,0.088766352546806);
#10471=LINE('',#10468,#10470);
#10472=EDGE_CURVE('',#10436,#10467,#10471,.T.);
#10473=ORIENTED_EDGE('',*,*,#10472,.T.);
#10474=CARTESIAN_POINT('',(0.976256485627065,0.048542787109571,0.999999999999997));
#10475=VERTEX_POINT('',#10474);
#10476=CARTESIAN_POINT('',(0.976256485627065,0.048542787109571,0.999999999999997));
#10477=DIRECTION('',(0.0,0.0,1.0));
#10478=VECTOR('',#10477,0.01);
#10479=LINE('',#10476,#10478);
#10480=EDGE_CURVE('',#10475,#10467,#10479,.T.);
#10481=ORIENTED_EDGE('',*,*,#10480,.F.);
#10482=CARTESIAN_POINT('',(0.976256485627065,-0.040223565437236,0.999999999999997));
#10483=DIRECTION('',(0.0,1.0,0.0));
#10484=VECTOR('',#10483,0.088766352546806);
#10485=LINE('',#10482,#10484);
#10486=EDGE_CURVE('',#10444,#10475,#10485,.T.);
#10487=ORIENTED_EDGE('',*,*,#10486,.F.);
#10488=ORIENTED_EDGE('',*,*,#10449,.T.);
#10489=EDGE_LOOP('',(#10473,#10481,#10487,#10488));
#10490=FACE_OUTER_BOUND('',#10489,.T.);
#10491=ADVANCED_FACE('',(#10490),#10465,.T.);
#10492=CARTESIAN_POINT('',(0.976256485627065,0.048542787109571,0.999999999999997));
#10493=DIRECTION('',(0.0,1.0,0.0));
#10494=DIRECTION('',(0.0,0.0,1.0));
#10495=AXIS2_PLACEMENT_3D('',#10492,#10493,#10494);
#10496=PLANE('',#10495);
#10497=CARTESIAN_POINT('',(1.384101889202279,0.048542787109571,1.009999999999997));
#10498=VERTEX_POINT('',#10497);
#10499=CARTESIAN_POINT('',(0.976256485627065,0.048542787109571,1.009999999999997));
#10500=DIRECTION('',(1.0,0.0,0.0));
#10501=VECTOR('',#10500,0.407845403575214);
#10502=LINE('',#10499,#10501);
#10503=EDGE_CURVE('',#10467,#10498,#10502,.T.);
#10504=ORIENTED_EDGE('',*,*,#10503,.T.);
#10505=CARTESIAN_POINT('',(1.384101889202279,0.048542787109571,0.999999999999997));
#10506=VERTEX_POINT('',#10505);
#10507=CARTESIAN_POINT('',(1.384101889202279,0.048542787109571,0.999999999999997));
#10508=DIRECTION('',(0.0,0.0,1.0));
#10509=VECTOR('',#10508,0.01);
#10510=LINE('',#10507,#10509);
#10511=EDGE_CURVE('',#10506,#10498,#10510,.T.);
#10512=ORIENTED_EDGE('',*,*,#10511,.F.);
#10513=CARTESIAN_POINT('',(0.976256485627065,0.048542787109571,0.999999999999997));
#10514=DIRECTION('',(1.0,0.0,0.0));
#10515=VECTOR('',#10514,0.407845403575215);
#10516=LINE('',#10513,#10515);
#10517=EDGE_CURVE('',#10475,#10506,#10516,.T.);
#10518=ORIENTED_EDGE('',*,*,#10517,.F.);
#10519=ORIENTED_EDGE('',*,*,#10480,.T.);
#10520=EDGE_LOOP('',(#10504,#10512,#10518,#10519));
#10521=FACE_OUTER_BOUND('',#10520,.T.);
#10522=ADVANCED_FACE('',(#10521),#10496,.T.);
#10523=CARTESIAN_POINT('',(1.384101889202279,0.048542787109571,0.999999999999997));
#10524=DIRECTION('',(-1.0,0.0,0.0));
#10525=DIRECTION('',(0.0,0.0,-1.0));
#10526=AXIS2_PLACEMENT_3D('',#10523,#10524,#10525);
#10527=PLANE('',#10526);
#10528=CARTESIAN_POINT('',(1.384101889202279,0.096524599290812,1.009999999999997));
#10529=VERTEX_POINT('',#10528);
#10530=CARTESIAN_POINT('',(1.384101889202279,0.048542787109571,1.009999999999997));
#10531=DIRECTION('',(0.0,1.0,0.0));
#10532=VECTOR('',#10531,0.047981812181241);
#10533=LINE('',#10530,#10532);
#10534=EDGE_CURVE('',#10498,#10529,#10533,.T.);
#10535=ORIENTED_EDGE('',*,*,#10534,.T.);
#10536=CARTESIAN_POINT('',(1.384101889202279,0.096524599290812,0.999999999999997));
#10537=VERTEX_POINT('',#10536);
#10538=CARTESIAN_POINT('',(1.384101889202279,0.096524599290812,0.999999999999997));
#10539=DIRECTION('',(0.0,0.0,1.0));
#10540=VECTOR('',#10539,0.01);
#10541=LINE('',#10538,#10540);
#10542=EDGE_CURVE('',#10537,#10529,#10541,.T.);
#10543=ORIENTED_EDGE('',*,*,#10542,.F.);
#10544=CARTESIAN_POINT('',(1.384101889202279,0.04854278710957,0.999999999999997));
#10545=DIRECTION('',(0.0,1.0,0.0));
#10546=VECTOR('',#10545,0.047981812181243);
#10547=LINE('',#10544,#10546);
#10548=EDGE_CURVE('',#10506,#10537,#10547,.T.);
#10549=ORIENTED_EDGE('',*,*,#10548,.F.);
#10550=ORIENTED_EDGE('',*,*,#10511,.T.);
#10551=EDGE_LOOP('',(#10535,#10543,#10549,#10550));
#10552=FACE_OUTER_BOUND('',#10551,.T.);
#10553=ADVANCED_FACE('',(#10552),#10527,.T.);
#10554=CARTESIAN_POINT('',(1.384101889202279,0.096524599290812,0.999999999999997));
#10555=DIRECTION('',(0.0,1.0,0.0));
#10556=DIRECTION('',(0.0,0.0,1.0));
#10557=AXIS2_PLACEMENT_3D('',#10554,#10555,#10556);
#10558=PLANE('',#10557);
#10559=CARTESIAN_POINT('',(1.451276426259485,0.096524599290812,1.009999999999997));
#10560=VERTEX_POINT('',#10559);
#10561=CARTESIAN_POINT('',(1.384101889202279,0.096524599290812,1.009999999999997));
#10562=DIRECTION('',(1.0,0.0,0.0));
#10563=VECTOR('',#10562,0.067174537057205);
#10564=LINE('',#10561,#10563);
#10565=EDGE_CURVE('',#10529,#10560,#10564,.T.);
#10566=ORIENTED_EDGE('',*,*,#10565,.T.);
#10567=CARTESIAN_POINT('',(1.451276426259485,0.096524599290812,0.999999999999997));
#10568=VERTEX_POINT('',#10567);
#10569=CARTESIAN_POINT('',(1.451276426259485,0.096524599290812,0.999999999999997));
#10570=DIRECTION('',(0.0,0.0,1.0));
#10571=VECTOR('',#10570,0.01);
#10572=LINE('',#10569,#10571);
#10573=EDGE_CURVE('',#10568,#10560,#10572,.T.);
#10574=ORIENTED_EDGE('',*,*,#10573,.F.);
#10575=CARTESIAN_POINT('',(1.384101889202281,0.096524599290812,0.999999999999997));
#10576=DIRECTION('',(1.0,0.0,0.0));
#10577=VECTOR('',#10576,0.067174537057204);
#10578=LINE('',#10575,#10577);
#10579=EDGE_CURVE('',#10537,#10568,#10578,.T.);
#10580=ORIENTED_EDGE('',*,*,#10579,.F.);
#10581=ORIENTED_EDGE('',*,*,#10542,.T.);
#10582=EDGE_LOOP('',(#10566,#10574,#10580,#10581));
#10583=FACE_OUTER_BOUND('',#10582,.T.);
#10584=ADVANCED_FACE('',(#10583),#10558,.T.);
#10585=CARTESIAN_POINT('',(1.451276426259485,0.096524599290812,0.999999999999997));
#10586=DIRECTION('',(1.0,0.0,0.0));
#10587=DIRECTION('',(0.0,0.0,1.0));
#10588=AXIS2_PLACEMENT_3D('',#10585,#10586,#10587);
#10589=PLANE('',#10588);
#10590=CARTESIAN_POINT('',(1.451276426259485,0.048542787109571,1.009999999999997));
#10591=VERTEX_POINT('',#10590);
#10592=CARTESIAN_POINT('',(1.451276426259485,0.096524599290812,1.009999999999997));
#10593=DIRECTION('',(0.0,-1.0,0.0));
#10594=VECTOR('',#10593,0.047981812181241);
#10595=LINE('',#10592,#10594);
#10596=EDGE_CURVE('',#10560,#10591,#10595,.T.);
#10597=ORIENTED_EDGE('',*,*,#10596,.T.);
#10598=CARTESIAN_POINT('',(1.451276426259485,0.048542787109571,0.999999999999997));
#10599=VERTEX_POINT('',#10598);
#10600=CARTESIAN_POINT('',(1.451276426259485,0.048542787109571,0.999999999999997));
#10601=DIRECTION('',(0.0,0.0,1.0));
#10602=VECTOR('',#10601,0.01);
#10603=LINE('',#10600,#10602);
#10604=EDGE_CURVE('',#10599,#10591,#10603,.T.);
#10605=ORIENTED_EDGE('',*,*,#10604,.F.);
#10606=CARTESIAN_POINT('',(1.451276426259485,0.096524599290813,0.999999999999997));
#10607=DIRECTION('',(0.0,-1.0,0.0));
#10608=VECTOR('',#10607,0.047981812181243);
#10609=LINE('',#10606,#10608);
#10610=EDGE_CURVE('',#10568,#10599,#10609,.T.);
#10611=ORIENTED_EDGE('',*,*,#10610,.F.);
#10612=ORIENTED_EDGE('',*,*,#10573,.T.);
#10613=EDGE_LOOP('',(#10597,#10605,#10611,#10612));
#10614=FACE_OUTER_BOUND('',#10613,.T.);
#10615=ADVANCED_FACE('',(#10614),#10589,.T.);
#10616=CARTESIAN_POINT('',(1.451276426259485,0.048542787109571,0.999999999999997));
#10617=DIRECTION('',(0.0,1.0,0.0));
#10618=DIRECTION('',(0.0,0.0,1.0));
#10619=AXIS2_PLACEMENT_3D('',#10616,#10617,#10618);
#10620=PLANE('',#10619);
#10621=CARTESIAN_POINT('',(1.451276426259485,0.048542787109571,1.009999999999997));
#10622=DIRECTION('',(1.0,0.0,0.0));
#10623=VECTOR('',#10622,0.180870570262151);
#10624=LINE('',#10621,#10623);
#10625=EDGE_CURVE('',#10591,#10041,#10624,.T.);
#10626=ORIENTED_EDGE('',*,*,#10625,.T.);
#10627=ORIENTED_EDGE('',*,*,#10072,.F.);
#10628=CARTESIAN_POINT('',(1.451276426259484,0.048542787109571,0.999999999999997));
#10629=DIRECTION('',(1.0,0.0,0.0));
#10630=VECTOR('',#10629,0.180870570262152);
#10631=LINE('',#10628,#10630);
#10632=EDGE_CURVE('',#10599,#10060,#10631,.T.);
#10633=ORIENTED_EDGE('',*,*,#10632,.F.);
#10634=ORIENTED_EDGE('',*,*,#10604,.T.);
#10635=EDGE_LOOP('',(#10626,#10627,#10633,#10634));
#10636=FACE_OUTER_BOUND('',#10635,.T.);
#10637=ADVANCED_FACE('',(#10636),#10620,.T.);
#10638=CARTESIAN_POINT('',(1.356752029961658,0.064962223457102,1.009999999999997));
#10639=DIRECTION('',(0.0,0.0,1.0));
#10640=DIRECTION('',(1.0,0.0,0.0));
#10641=AXIS2_PLACEMENT_3D('',#10638,#10639,#10640);
#10642=PLANE('',#10641);
#10643=ORIENTED_EDGE('',*,*,#10049,.F.);
#10644=ORIENTED_EDGE('',*,*,#10625,.F.);
#10645=ORIENTED_EDGE('',*,*,#10596,.F.);
#10646=ORIENTED_EDGE('',*,*,#10565,.F.);
#10647=ORIENTED_EDGE('',*,*,#10534,.F.);
#10648=ORIENTED_EDGE('',*,*,#10503,.F.);
#10649=ORIENTED_EDGE('',*,*,#10472,.F.);
#10650=ORIENTED_EDGE('',*,*,#10441,.F.);
#10651=ORIENTED_EDGE('',*,*,#10410,.F.);
#10652=ORIENTED_EDGE('',*,*,#10379,.F.);
#10653=ORIENTED_EDGE('',*,*,#10348,.F.);
#10654=ORIENTED_EDGE('',*,*,#10317,.F.);
#10655=ORIENTED_EDGE('',*,*,#10285,.F.);
#10656=ORIENTED_EDGE('',*,*,#10252,.F.);
#10657=ORIENTED_EDGE('',*,*,#10219,.F.);
#10658=ORIENTED_EDGE('',*,*,#10187,.F.);
#10659=ORIENTED_EDGE('',*,*,#10155,.F.);
#10660=ORIENTED_EDGE('',*,*,#10122,.F.);
#10661=ORIENTED_EDGE('',*,*,#10089,.F.);
#10662=EDGE_LOOP('',(#10643,#10644,#10645,#10646,#10647,#10648,#10649,#10650,#10651,#10652,#10653,#10654,#10655,#10656,#10657,#10658,#10659,#10660,#10661));
#10663=FACE_OUTER_BOUND('',#10662,.T.);
#10664=ADVANCED_FACE('',(#10663),#10642,.T.);
#10665=CARTESIAN_POINT('',(1.356752029961658,0.064962223457102,0.999999999999997));
#10666=DIRECTION('',(0.0,0.0,1.0));
#10667=DIRECTION('',(1.0,0.0,0.0));
#10668=AXIS2_PLACEMENT_3D('',#10665,#10666,#10667);
#10669=PLANE('',#10668);
#10670=ORIENTED_EDGE('',*,*,#10632,.T.);
#10671=ORIENTED_EDGE('',*,*,#10066,.T.);
#10672=ORIENTED_EDGE('',*,*,#10104,.T.);
#10673=ORIENTED_EDGE('',*,*,#10137,.T.);
#10674=ORIENTED_EDGE('',*,*,#10170,.T.);
#10675=ORIENTED_EDGE('',*,*,#10201,.T.);
#10676=ORIENTED_EDGE('',*,*,#10234,.T.);
#10677=ORIENTED_EDGE('',*,*,#10267,.T.);
#10678=ORIENTED_EDGE('',*,*,#10300,.T.);
#10679=ORIENTED_EDGE('',*,*,#10331,.T.);
#10680=ORIENTED_EDGE('',*,*,#10362,.T.);
#10681=ORIENTED_EDGE('',*,*,#10393,.T.);
#10682=ORIENTED_EDGE('',*,*,#10424,.T.);
#10683=ORIENTED_EDGE('',*,*,#10455,.T.);
#10684=ORIENTED_EDGE('',*,*,#10486,.T.);
#10685=ORIENTED_EDGE('',*,*,#10517,.T.);
#10686=ORIENTED_EDGE('',*,*,#10548,.T.);
#10687=ORIENTED_EDGE('',*,*,#10579,.T.);
#10688=ORIENTED_EDGE('',*,*,#10610,.T.);
#10689=EDGE_LOOP('',(#10670,#10671,#10672,#10673,#10674,#10675,#10676,#10677,#10678,#10679,#10680,#10681,#10682,#10683,#10684,#10685,#10686,#10687,#10688));
#10690=FACE_OUTER_BOUND('',#10689,.T.);
#10691=ADVANCED_FACE('',(#10690),#10669,.F.);
#10692=CLOSED_SHELL('',(#10076,#10109,#10142,#10175,#10206,#10239,#10272,#10305,#10336,#10367,#10398,#10429,#10460,#10491,#10522,#10553,#10584,#10615,#10637,#10664,#10691));
#10693=MANIFOLD_SOLID_BREP('683',#10692);
#10694=STYLED_ITEM('NONE',(#159),#10693);
#10695=CARTESIAN_POINT('',(1.336770224682706,0.2611842268573,0.999999999999997));
#10696=DIRECTION('',(0.0,0.0,1.0));
#10697=DIRECTION('',(0.998329958411744,-0.057769318306571,0.0));
#10698=AXIS2_PLACEMENT_3D('',#10695,#10696,#10697);
#10699=CYLINDRICAL_SURFACE('',#10698,0.121868698059791);
#10700=CARTESIAN_POINT('',(1.456074607478865,0.28605275742209,1.009999999999997));
#10701=VERTEX_POINT('',#10700);
#10702=CARTESIAN_POINT('',(1.452409822218641,0.222720438061256,1.009999999999997));
#10703=VERTEX_POINT('',#10702);
#10704=CARTESIAN_POINT('',(1.336770224682706,0.2611842268573,1.009999999999997));
#10705=DIRECTION('',(0.0,0.0,-1.0));
#10706=DIRECTION('',(0.998329958411744,-0.057769318306571,0.0));
#10707=AXIS2_PLACEMENT_3D('',#10704,#10705,#10706);
#10708=CIRCLE('',#10707,0.121868698059791);
#10709=EDGE_CURVE('',#10701,#10703,#10708,.T.);
#10710=ORIENTED_EDGE('',*,*,#10709,.T.);
#10711=CARTESIAN_POINT('',(1.452409822218641,0.222720438061256,0.999999999999997));
#10712=VERTEX_POINT('',#10711);
#10713=CARTESIAN_POINT('',(1.452409822218641,0.222720438061256,0.999999999999997));
#10714=DIRECTION('',(0.0,0.0,1.0));
#10715=VECTOR('',#10714,0.01);
#10716=LINE('',#10713,#10715);
#10717=EDGE_CURVE('',#10712,#10703,#10716,.T.);
#10718=ORIENTED_EDGE('',*,*,#10717,.F.);
#10719=CARTESIAN_POINT('',(1.456074607478865,0.28605275742209,0.999999999999997));
#10720=VERTEX_POINT('',#10719);
#10721=CARTESIAN_POINT('',(1.336770224682706,0.2611842268573,0.999999999999997));
#10722=DIRECTION('',(0.0,0.0,-1.0));
#10723=DIRECTION('',(0.998329958411744,-0.057769318306571,0.0));
#10724=AXIS2_PLACEMENT_3D('',#10721,#10722,#10723);
#10725=CIRCLE('',#10724,0.121868698059791);
#10726=EDGE_CURVE('',#10720,#10712,#10725,.T.);
#10727=ORIENTED_EDGE('',*,*,#10726,.F.);
#10728=CARTESIAN_POINT('',(1.456074607478865,0.28605275742209,0.999999999999997));
#10729=DIRECTION('',(0.0,0.0,1.0));
#10730=VECTOR('',#10729,0.01);
#10731=LINE('',#10728,#10730);
#10732=EDGE_CURVE('',#10720,#10701,#10731,.T.);
#10733=ORIENTED_EDGE('',*,*,#10732,.T.);
#10734=EDGE_LOOP('',(#10710,#10718,#10727,#10733));
#10735=FACE_OUTER_BOUND('',#10734,.T.);
#10736=ADVANCED_FACE('',(#10735),#10699,.T.);
#10737=CARTESIAN_POINT('',(1.373411849799435,0.248973247691635,0.999999999999997));
#10738=DIRECTION('',(0.0,0.0,1.0));
#10739=DIRECTION('',(0.744531910306019,-0.667586874149028,0.0));
#10740=AXIS2_PLACEMENT_3D('',#10737,#10738,#10739);
#10741=CYLINDRICAL_SURFACE('',#10740,0.083245958820287);
#10742=CARTESIAN_POINT('',(1.408092795292106,0.173295498784142,1.009999999999997));
#10743=VERTEX_POINT('',#10742);
#10744=CARTESIAN_POINT('',(1.373411849799435,0.248973247691635,1.009999999999997));
#10745=DIRECTION('',(0.0,0.0,-1.0));
#10746=DIRECTION('',(0.744531910306019,-0.667586874149028,0.0));
#10747=AXIS2_PLACEMENT_3D('',#10744,#10745,#10746);
#10748=CIRCLE('',#10747,0.083245958820287);
#10749=EDGE_CURVE('',#10703,#10743,#10748,.T.);
#10750=ORIENTED_EDGE('',*,*,#10749,.T.);
#10751=CARTESIAN_POINT('',(1.408092795292106,0.173295498784142,0.999999999999997));
#10752=VERTEX_POINT('',#10751);
#10753=CARTESIAN_POINT('',(1.408092795292106,0.173295498784142,0.999999999999997));
#10754=DIRECTION('',(0.0,0.0,1.0));
#10755=VECTOR('',#10754,0.01);
#10756=LINE('',#10753,#10755);
#10757=EDGE_CURVE('',#10752,#10743,#10756,.T.);
#10758=ORIENTED_EDGE('',*,*,#10757,.F.);
#10759=CARTESIAN_POINT('',(1.373411849799435,0.248973247691635,0.999999999999997));
#10760=DIRECTION('',(0.0,0.0,-1.0));
#10761=DIRECTION('',(0.744531910306019,-0.667586874149028,0.0));
#10762=AXIS2_PLACEMENT_3D('',#10759,#10760,#10761);
#10763=CIRCLE('',#10762,0.083245958820287);
#10764=EDGE_CURVE('',#10712,#10752,#10763,.T.);
#10765=ORIENTED_EDGE('',*,*,#10764,.F.);
#10766=ORIENTED_EDGE('',*,*,#10717,.T.);
#10767=EDGE_LOOP('',(#10750,#10758,#10765,#10766));
#10768=FACE_OUTER_BOUND('',#10767,.T.);
#10769=ADVANCED_FACE('',(#10768),#10741,.T.);
#10770=CARTESIAN_POINT('',(1.364293581094564,0.246038538120364,0.999999999999997));
#10771=DIRECTION('',(0.0,0.0,1.0));
#10772=DIRECTION('',(0.236812467920886,-0.971555379295087,0.0));
#10773=AXIS2_PLACEMENT_3D('',#10770,#10771,#10772);
#10774=CYLINDRICAL_SURFACE('',#10773,0.084911253294999);
#10775=CARTESIAN_POINT('',(1.358879816631307,0.161300045742261,1.009999999999997));
#10776=VERTEX_POINT('',#10775);
#10777=CARTESIAN_POINT('',(1.364293581094564,0.246038538120364,1.009999999999997));
#10778=DIRECTION('',(0.0,0.0,-1.0));
#10779=DIRECTION('',(0.236812467920886,-0.971555379295087,0.0));
#10780=AXIS2_PLACEMENT_3D('',#10777,#10778,#10779);
#10781=CIRCLE('',#10780,0.084911253294999);
#10782=EDGE_CURVE('',#10743,#10776,#10781,.T.);
#10783=ORIENTED_EDGE('',*,*,#10782,.T.);
#10784=CARTESIAN_POINT('',(1.358879816631307,0.161300045742261,0.999999999999997));
#10785=VERTEX_POINT('',#10784);
#10786=CARTESIAN_POINT('',(1.358879816631307,0.161300045742261,0.999999999999997));
#10787=DIRECTION('',(0.0,0.0,1.0));
#10788=VECTOR('',#10787,0.01);
#10789=LINE('',#10786,#10788);
#10790=EDGE_CURVE('',#10785,#10776,#10789,.T.);
#10791=ORIENTED_EDGE('',*,*,#10790,.F.);
#10792=CARTESIAN_POINT('',(1.364293581094564,0.246038538120364,0.999999999999997));
#10793=DIRECTION('',(0.0,0.0,-1.0));
#10794=DIRECTION('',(0.236812467920886,-0.971555379295087,0.0));
#10795=AXIS2_PLACEMENT_3D('',#10792,#10793,#10794);
#10796=CIRCLE('',#10795,0.084911253294999);
#10797=EDGE_CURVE('',#10752,#10785,#10796,.T.);
#10798=ORIENTED_EDGE('',*,*,#10797,.F.);
#10799=ORIENTED_EDGE('',*,*,#10757,.T.);
#10800=EDGE_LOOP('',(#10783,#10791,#10798,#10799));
#10801=FACE_OUTER_BOUND('',#10800,.T.);
#10802=ADVANCED_FACE('',(#10801),#10774,.T.);
#10803=CARTESIAN_POINT('',(1.358879816631307,0.161300045742261,0.999999999999997));
#10804=DIRECTION('',(0.0,-1.0,0.0));
#10805=DIRECTION('',(0.0,0.0,-1.0));
#10806=AXIS2_PLACEMENT_3D('',#10803,#10804,#10805);
#10807=PLANE('',#10806);
#10808=CARTESIAN_POINT('',(0.976256485627065,0.161300045742262,1.009999999999997));
#10809=VERTEX_POINT('',#10808);
#10810=CARTESIAN_POINT('',(1.358879816631307,0.161300045742261,1.009999999999997));
#10811=DIRECTION('',(-1.0,0.0,0.0));
#10812=VECTOR('',#10811,0.382623331004242);
#10813=LINE('',#10810,#10812);
#10814=EDGE_CURVE('',#10776,#10809,#10813,.T.);
#10815=ORIENTED_EDGE('',*,*,#10814,.T.);
#10816=CARTESIAN_POINT('',(0.976256485627065,0.161300045742262,0.999999999999997));
#10817=VERTEX_POINT('',#10816);
#10818=CARTESIAN_POINT('',(0.976256485627065,0.161300045742262,0.999999999999997));
#10819=DIRECTION('',(0.0,0.0,1.0));
#10820=VECTOR('',#10819,0.01);
#10821=LINE('',#10818,#10820);
#10822=EDGE_CURVE('',#10817,#10809,#10821,.T.);
#10823=ORIENTED_EDGE('',*,*,#10822,.F.);
#10824=CARTESIAN_POINT('',(1.358879816631307,0.161300045742261,0.999999999999997));
#10825=DIRECTION('',(-1.0,0.0,0.0));
#10826=VECTOR('',#10825,0.382623331004242);
#10827=LINE('',#10824,#10826);
#10828=EDGE_CURVE('',#10785,#10817,#10827,.T.);
#10829=ORIENTED_EDGE('',*,*,#10828,.F.);
#10830=ORIENTED_EDGE('',*,*,#10790,.T.);
#10831=EDGE_LOOP('',(#10815,#10823,#10829,#10830));
#10832=FACE_OUTER_BOUND('',#10831,.T.);
#10833=ADVANCED_FACE('',(#10832),#10807,.T.);
#10834=CARTESIAN_POINT('',(0.976256485627065,0.161300045742262,0.999999999999997));
#10835=DIRECTION('',(-1.0,0.0,0.0));
#10836=DIRECTION('',(0.0,0.0,-1.0));
#10837=AXIS2_PLACEMENT_3D('',#10834,#10835,#10836);
#10838=PLANE('',#10837);
#10839=CARTESIAN_POINT('',(0.976256485627065,0.247667307675429,1.009999999999997));
#10840=VERTEX_POINT('',#10839);
#10841=CARTESIAN_POINT('',(0.976256485627065,0.161300045742262,1.009999999999997));
#10842=DIRECTION('',(0.0,1.0,0.0));
#10843=VECTOR('',#10842,0.086367261933168);
#10844=LINE('',#10841,#10843);
#10845=EDGE_CURVE('',#10809,#10840,#10844,.T.);
#10846=ORIENTED_EDGE('',*,*,#10845,.T.);
#10847=CARTESIAN_POINT('',(0.976256485627065,0.247667307675429,0.999999999999997));
#10848=VERTEX_POINT('',#10847);
#10849=CARTESIAN_POINT('',(0.976256485627065,0.247667307675429,0.999999999999997));
#10850=DIRECTION('',(0.0,0.0,1.0));
#10851=VECTOR('',#10850,0.01);
#10852=LINE('',#10849,#10851);
#10853=EDGE_CURVE('',#10848,#10840,#10852,.T.);
#10854=ORIENTED_EDGE('',*,*,#10853,.F.);
#10855=CARTESIAN_POINT('',(0.976256485627065,0.161300045742262,0.999999999999997));
#10856=DIRECTION('',(0.0,1.0,0.0));
#10857=VECTOR('',#10856,0.086367261933166);
#10858=LINE('',#10855,#10857);
#10859=EDGE_CURVE('',#10817,#10848,#10858,.T.);
#10860=ORIENTED_EDGE('',*,*,#10859,.F.);
#10861=ORIENTED_EDGE('',*,*,#10822,.T.);
#10862=EDGE_LOOP('',(#10846,#10854,#10860,#10861));
#10863=FACE_OUTER_BOUND('',#10862,.T.);
#10864=ADVANCED_FACE('',(#10863),#10838,.T.);
#10865=CARTESIAN_POINT('',(0.976256485627065,0.247667307675429,0.999999999999997));
#10866=DIRECTION('',(0.0,1.0,0.0));
#10867=DIRECTION('',(0.0,0.0,1.0));
#10868=AXIS2_PLACEMENT_3D('',#10865,#10866,#10867);
#10869=PLANE('',#10868);
#10870=CARTESIAN_POINT('',(1.312129170925694,0.247667307675429,1.009999999999997));
#10871=VERTEX_POINT('',#10870);
#10872=CARTESIAN_POINT('',(0.976256485627065,0.247667307675429,1.009999999999997));
#10873=DIRECTION('',(1.0,0.0,0.0));
#10874=VECTOR('',#10873,0.335872685298629);
#10875=LINE('',#10872,#10874);
#10876=EDGE_CURVE('',#10840,#10871,#10875,.T.);
#10877=ORIENTED_EDGE('',*,*,#10876,.T.);
#10878=CARTESIAN_POINT('',(1.312129170925694,0.247667307675429,0.999999999999997));
#10879=VERTEX_POINT('',#10878);
#10880=CARTESIAN_POINT('',(1.312129170925694,0.247667307675429,0.999999999999997));
#10881=DIRECTION('',(0.0,0.0,1.0));
#10882=VECTOR('',#10881,0.01);
#10883=LINE('',#10880,#10882);
#10884=EDGE_CURVE('',#10879,#10871,#10883,.T.);
#10885=ORIENTED_EDGE('',*,*,#10884,.F.);
#10886=CARTESIAN_POINT('',(0.976256485627065,0.247667307675429,0.999999999999997));
#10887=DIRECTION('',(1.0,0.0,0.0));
#10888=VECTOR('',#10887,0.33587268529863);
#10889=LINE('',#10886,#10888);
#10890=EDGE_CURVE('',#10848,#10879,#10889,.T.);
#10891=ORIENTED_EDGE('',*,*,#10890,.F.);
#10892=ORIENTED_EDGE('',*,*,#10853,.T.);
#10893=EDGE_LOOP('',(#10877,#10885,#10891,#10892));
#10894=FACE_OUTER_BOUND('',#10893,.T.);
#10895=ADVANCED_FACE('',(#10894),#10869,.T.);
#10896=CARTESIAN_POINT('',(1.314419211971714,0.349846757713571,0.999999999999997));
#10897=DIRECTION('',(0.0,0.0,1.0));
#10898=DIRECTION('',(0.231620527226607,-0.972806214704279,0.0));
#10899=AXIS2_PLACEMENT_3D('',#10896,#10897,#10898);
#10900=CYLINDRICAL_SURFACE('',#10899,0.102205108962932);
#10901=CARTESIAN_POINT('',(1.362510073723204,0.259662760717833,1.009999999999997));
#10902=VERTEX_POINT('',#10901);
#10903=CARTESIAN_POINT('',(1.314419211971714,0.349846757713571,1.009999999999997));
#10904=DIRECTION('',(0.0,0.0,1.0));
#10905=DIRECTION('',(0.231620527226607,-0.972806214704279,0.0));
#10906=AXIS2_PLACEMENT_3D('',#10903,#10904,#10905);
#10907=CIRCLE('',#10906,0.102205108962932);
#10908=EDGE_CURVE('',#10871,#10902,#10907,.T.);
#10909=ORIENTED_EDGE('',*,*,#10908,.T.);
#10910=CARTESIAN_POINT('',(1.362510073723204,0.259662760717833,0.999999999999997));
#10911=VERTEX_POINT('',#10910);
#10912=CARTESIAN_POINT('',(1.362510073723204,0.259662760717833,0.999999999999997));
#10913=DIRECTION('',(0.0,0.0,1.0));
#10914=VECTOR('',#10913,0.01);
#10915=LINE('',#10912,#10914);
#10916=EDGE_CURVE('',#10911,#10902,#10915,.T.);
#10917=ORIENTED_EDGE('',*,*,#10916,.F.);
#10918=CARTESIAN_POINT('',(1.314419211971714,0.349846757713571,0.999999999999997));
#10919=DIRECTION('',(0.0,0.0,1.0));
#10920=DIRECTION('',(0.231620527226607,-0.972806214704279,0.0));
#10921=AXIS2_PLACEMENT_3D('',#10918,#10919,#10920);
#10922=CIRCLE('',#10921,0.102205108962932);
#10923=EDGE_CURVE('',#10879,#10911,#10922,.T.);
#10924=ORIENTED_EDGE('',*,*,#10923,.F.);
#10925=ORIENTED_EDGE('',*,*,#10884,.T.);
#10926=EDGE_LOOP('',(#10909,#10917,#10924,#10925));
#10927=FACE_OUTER_BOUND('',#10926,.T.);
#10928=ADVANCED_FACE('',(#10927),#10900,.F.);
#10929=CARTESIAN_POINT('',(1.316249555644335,0.30470526993921,0.999999999999997));
#10930=DIRECTION('',(0.0,0.0,1.0));
#10931=DIRECTION('',(0.986725053275385,-0.162399720562227,0.0));
#10932=AXIS2_PLACEMENT_3D('',#10929,#10930,#10931);
#10933=CYLINDRICAL_SURFACE('',#10932,0.064566734235819);
#10934=CARTESIAN_POINT('',(1.374505526765617,0.332545977519073,1.009999999999997));
#10935=VERTEX_POINT('',#10934);
#10936=CARTESIAN_POINT('',(1.316249555644335,0.30470526993921,1.009999999999997));
#10937=DIRECTION('',(0.0,0.0,1.0));
#10938=DIRECTION('',(0.986725053275385,-0.162399720562227,0.0));
#10939=AXIS2_PLACEMENT_3D('',#10936,#10937,#10938);
#10940=CIRCLE('',#10939,0.064566734235819);
#10941=EDGE_CURVE('',#10902,#10935,#10940,.T.);
#10942=ORIENTED_EDGE('',*,*,#10941,.T.);
#10943=CARTESIAN_POINT('',(1.374505526765617,0.332545977519073,0.999999999999997));
#10944=VERTEX_POINT('',#10943);
#10945=CARTESIAN_POINT('',(1.374505526765617,0.332545977519073,0.999999999999997));
#10946=DIRECTION('',(0.0,0.0,1.0));
#10947=VECTOR('',#10946,0.01);
#10948=LINE('',#10945,#10947);
#10949=EDGE_CURVE('',#10944,#10935,#10948,.T.);
#10950=ORIENTED_EDGE('',*,*,#10949,.F.);
#10951=CARTESIAN_POINT('',(1.316249555644335,0.30470526993921,0.999999999999997));
#10952=DIRECTION('',(0.0,0.0,1.0));
#10953=DIRECTION('',(0.986725053275385,-0.162399720562227,0.0));
#10954=AXIS2_PLACEMENT_3D('',#10951,#10952,#10953);
#10955=CIRCLE('',#10954,0.064566734235819);
#10956=EDGE_CURVE('',#10911,#10944,#10955,.T.);
#10957=ORIENTED_EDGE('',*,*,#10956,.F.);
#10958=ORIENTED_EDGE('',*,*,#10916,.T.);
#10959=EDGE_LOOP('',(#10942,#10950,#10957,#10958));
#10960=FACE_OUTER_BOUND('',#10959,.T.);
#10961=ADVANCED_FACE('',(#10960),#10933,.F.);
#10962=CARTESIAN_POINT('',(1.325324169272293,0.307764865234426,0.999999999999997));
#10963=DIRECTION('',(0.0,0.0,1.0));
#10964=DIRECTION('',(0.51511030991056,0.857123893392226,0.0));
#10965=AXIS2_PLACEMENT_3D('',#10962,#10963,#10964);
#10966=CYLINDRICAL_SURFACE('',#10965,0.055071857159169);
#10967=CARTESIAN_POINT('',(1.324124623970736,0.362823656921756,1.009999999999997));
#10968=VERTEX_POINT('',#10967);
#10969=CARTESIAN_POINT('',(1.325324169272293,0.307764865234426,1.009999999999997));
#10970=DIRECTION('',(0.0,0.0,1.0));
#10971=DIRECTION('',(0.51511030991056,0.857123893392226,0.0));
#10972=AXIS2_PLACEMENT_3D('',#10969,#10970,#10971);
#10973=CIRCLE('',#10972,0.055071857159169);
#10974=EDGE_CURVE('',#10935,#10968,#10973,.T.);
#10975=ORIENTED_EDGE('',*,*,#10974,.T.);
#10976=CARTESIAN_POINT('',(1.324124623970736,0.362823656921756,0.999999999999997));
#10977=VERTEX_POINT('',#10976);
#10978=CARTESIAN_POINT('',(1.324124623970736,0.362823656921756,0.999999999999997));
#10979=DIRECTION('',(0.0,0.0,1.0));
#10980=VECTOR('',#10979,0.01);
#10981=LINE('',#10978,#10980);
#10982=EDGE_CURVE('',#10977,#10968,#10981,.T.);
#10983=ORIENTED_EDGE('',*,*,#10982,.F.);
#10984=CARTESIAN_POINT('',(1.325324169272293,0.307764865234426,0.999999999999997));
#10985=DIRECTION('',(0.0,0.0,1.0));
#10986=DIRECTION('',(0.51511030991056,0.857123893392226,0.0));
#10987=AXIS2_PLACEMENT_3D('',#10984,#10985,#10986);
#10988=CIRCLE('',#10987,0.055071857159169);
#10989=EDGE_CURVE('',#10944,#10977,#10988,.T.);
#10990=ORIENTED_EDGE('',*,*,#10989,.F.);
#10991=ORIENTED_EDGE('',*,*,#10949,.T.);
#10992=EDGE_LOOP('',(#10975,#10983,#10990,#10991));
#10993=FACE_OUTER_BOUND('',#10992,.T.);
#10994=ADVANCED_FACE('',(#10993),#10966,.F.);
#10995=CARTESIAN_POINT('',(1.324124623970736,0.362823656921756,0.999999999999997));
#10996=DIRECTION('',(0.0,-1.0,0.0));
#10997=DIRECTION('',(0.0,0.0,-1.0));
#10998=AXIS2_PLACEMENT_3D('',#10995,#10996,#10997);
#10999=PLANE('',#10998);
#11000=CARTESIAN_POINT('',(0.976256485627065,0.362823656921756,1.009999999999997));
#11001=VERTEX_POINT('',#11000);
#11002=CARTESIAN_POINT('',(1.324124623970736,0.362823656921756,1.009999999999997));
#11003=DIRECTION('',(-1.0,0.0,0.0));
#11004=VECTOR('',#11003,0.347868138343671);
#11005=LINE('',#11002,#11004);
#11006=EDGE_CURVE('',#10968,#11001,#11005,.T.);
#11007=ORIENTED_EDGE('',*,*,#11006,.T.);
#11008=CARTESIAN_POINT('',(0.976256485627065,0.362823656921756,0.999999999999997));
#11009=VERTEX_POINT('',#11008);
#11010=CARTESIAN_POINT('',(0.976256485627065,0.362823656921756,0.999999999999997));
#11011=DIRECTION('',(0.0,0.0,1.0));
#11012=VECTOR('',#11011,0.01);
#11013=LINE('',#11010,#11012);
#11014=EDGE_CURVE('',#11009,#11001,#11013,.T.);
#11015=ORIENTED_EDGE('',*,*,#11014,.F.);
#11016=CARTESIAN_POINT('',(1.324124623970737,0.362823656921756,0.999999999999997));
#11017=DIRECTION('',(-1.0,0.0,0.0));
#11018=VECTOR('',#11017,0.347868138343672);
#11019=LINE('',#11016,#11018);
#11020=EDGE_CURVE('',#10977,#11009,#11019,.T.);
#11021=ORIENTED_EDGE('',*,*,#11020,.F.);
#11022=ORIENTED_EDGE('',*,*,#10982,.T.);
#11023=EDGE_LOOP('',(#11007,#11015,#11021,#11022));
#11024=FACE_OUTER_BOUND('',#11023,.T.);
#11025=ADVANCED_FACE('',(#11024),#10999,.T.);
#11026=CARTESIAN_POINT('',(0.976256485627065,0.362823656921756,0.999999999999997));
#11027=DIRECTION('',(-1.0,0.0,0.0));
#11028=DIRECTION('',(0.0,0.0,-1.0));
#11029=AXIS2_PLACEMENT_3D('',#11026,#11027,#11028);
#11030=PLANE('',#11029);
#11031=CARTESIAN_POINT('',(0.976256485627065,0.451590009462773,1.009999999999997));
#11032=VERTEX_POINT('',#11031);
#11033=CARTESIAN_POINT('',(0.976256485627065,0.362823656921756,1.009999999999997));
#11034=DIRECTION('',(0.0,1.0,0.0));
#11035=VECTOR('',#11034,0.088766352541017);
#11036=LINE('',#11033,#11035);
#11037=EDGE_CURVE('',#11001,#11032,#11036,.T.);
#11038=ORIENTED_EDGE('',*,*,#11037,.T.);
#11039=CARTESIAN_POINT('',(0.976256485627065,0.451590009462773,0.999999999999997));
#11040=VERTEX_POINT('',#11039);
#11041=CARTESIAN_POINT('',(0.976256485627065,0.451590009462773,0.999999999999997));
#11042=DIRECTION('',(0.0,0.0,1.0));
#11043=VECTOR('',#11042,0.01);
#11044=LINE('',#11041,#11043);
#11045=EDGE_CURVE('',#11040,#11032,#11044,.T.);
#11046=ORIENTED_EDGE('',*,*,#11045,.F.);
#11047=CARTESIAN_POINT('',(0.976256485627065,0.362823656921756,0.999999999999997));
#11048=DIRECTION('',(0.0,1.0,0.0));
#11049=VECTOR('',#11048,0.088766352541016);
#11050=LINE('',#11047,#11049);
#11051=EDGE_CURVE('',#11009,#11040,#11050,.T.);
#11052=ORIENTED_EDGE('',*,*,#11051,.F.);
#11053=ORIENTED_EDGE('',*,*,#11014,.T.);
#11054=EDGE_LOOP('',(#11038,#11046,#11052,#11053));
#11055=FACE_OUTER_BOUND('',#11054,.T.);
#11056=ADVANCED_FACE('',(#11055),#11030,.T.);
#11057=CARTESIAN_POINT('',(0.976256485627065,0.451590009462773,0.999999999999997));
#11058=DIRECTION('',(0.0,1.0,0.0));
#11059=DIRECTION('',(0.0,0.0,1.0));
#11060=AXIS2_PLACEMENT_3D('',#11057,#11058,#11059);
#11061=PLANE('',#11060);
#11062=CARTESIAN_POINT('',(1.451276426259485,0.451590009462772,1.009999999999997));
#11063=VERTEX_POINT('',#11062);
#11064=CARTESIAN_POINT('',(0.976256485627065,0.451590009462773,1.009999999999997));
#11065=DIRECTION('',(1.0,0.0,0.0));
#11066=VECTOR('',#11065,0.47501994063242);
#11067=LINE('',#11064,#11066);
#11068=EDGE_CURVE('',#11032,#11063,#11067,.T.);
#11069=ORIENTED_EDGE('',*,*,#11068,.T.);
#11070=CARTESIAN_POINT('',(1.451276426259485,0.451590009462772,0.999999999999997));
#11071=VERTEX_POINT('',#11070);
#11072=CARTESIAN_POINT('',(1.451276426259485,0.451590009462772,0.999999999999997));
#11073=DIRECTION('',(0.0,0.0,1.0));
#11074=VECTOR('',#11073,0.01);
#11075=LINE('',#11072,#11074);
#11076=EDGE_CURVE('',#11071,#11063,#11075,.T.);
#11077=ORIENTED_EDGE('',*,*,#11076,.F.);
#11078=CARTESIAN_POINT('',(0.976256485627065,0.451590009462773,0.999999999999997));
#11079=DIRECTION('',(1.0,0.0,0.0));
#11080=VECTOR('',#11079,0.475019940632419);
#11081=LINE('',#11078,#11080);
#11082=EDGE_CURVE('',#11040,#11071,#11081,.T.);
#11083=ORIENTED_EDGE('',*,*,#11082,.F.);
#11084=ORIENTED_EDGE('',*,*,#11045,.T.);
#11085=EDGE_LOOP('',(#11069,#11077,#11083,#11084));
#11086=FACE_OUTER_BOUND('',#11085,.T.);
#11087=ADVANCED_FACE('',(#11086),#11061,.T.);
#11088=CARTESIAN_POINT('',(1.451276426259485,0.451590009462772,0.999999999999997));
#11089=DIRECTION('',(1.0,0.0,0.0));
#11090=DIRECTION('',(0.0,0.0,1.0));
#11091=AXIS2_PLACEMENT_3D('',#11088,#11089,#11090);
#11092=PLANE('',#11091);
#11093=CARTESIAN_POINT('',(1.451276426259485,0.36522274752961,1.009999999999997));
#11094=VERTEX_POINT('',#11093);
#11095=CARTESIAN_POINT('',(1.451276426259485,0.451590009462772,1.009999999999997));
#11096=DIRECTION('',(0.0,-1.0,0.0));
#11097=VECTOR('',#11096,0.086367261933162);
#11098=LINE('',#11095,#11097);
#11099=EDGE_CURVE('',#11063,#11094,#11098,.T.);
#11100=ORIENTED_EDGE('',*,*,#11099,.T.);
#11101=CARTESIAN_POINT('',(1.451276426259485,0.36522274752961,0.999999999999997));
#11102=VERTEX_POINT('',#11101);
#11103=CARTESIAN_POINT('',(1.451276426259485,0.36522274752961,0.999999999999997));
#11104=DIRECTION('',(0.0,0.0,1.0));
#11105=VECTOR('',#11104,0.01);
#11106=LINE('',#11103,#11105);
#11107=EDGE_CURVE('',#11102,#11094,#11106,.T.);
#11108=ORIENTED_EDGE('',*,*,#11107,.F.);
#11109=CARTESIAN_POINT('',(1.451276426259485,0.451590009462772,0.999999999999997));
#11110=DIRECTION('',(0.0,-1.0,0.0));
#11111=VECTOR('',#11110,0.086367261933163);
#11112=LINE('',#11109,#11111);
#11113=EDGE_CURVE('',#11071,#11102,#11112,.T.);
#11114=ORIENTED_EDGE('',*,*,#11113,.F.);
#11115=ORIENTED_EDGE('',*,*,#11076,.T.);
#11116=EDGE_LOOP('',(#11100,#11108,#11114,#11115));
#11117=FACE_OUTER_BOUND('',#11116,.T.);
#11118=ADVANCED_FACE('',(#11117),#11092,.T.);
#11119=CARTESIAN_POINT('',(1.451276426259485,0.36522274752961,0.999999999999997));
#11120=DIRECTION('',(0.0,-1.0,0.0));
#11121=DIRECTION('',(0.0,0.0,-1.0));
#11122=AXIS2_PLACEMENT_3D('',#11119,#11120,#11121);
#11123=PLANE('',#11122);
#11124=CARTESIAN_POINT('',(1.405693704683465,0.36522274752961,1.009999999999997));
#11125=VERTEX_POINT('',#11124);
#11126=CARTESIAN_POINT('',(1.451276426259485,0.36522274752961,1.009999999999997));
#11127=DIRECTION('',(-1.0,0.0,0.0));
#11128=VECTOR('',#11127,0.04558272157602);
#11129=LINE('',#11126,#11128);
#11130=EDGE_CURVE('',#11094,#11125,#11129,.T.);
#11131=ORIENTED_EDGE('',*,*,#11130,.T.);
#11132=CARTESIAN_POINT('',(1.405693704683465,0.36522274752961,0.999999999999997));
#11133=VERTEX_POINT('',#11132);
#11134=CARTESIAN_POINT('',(1.405693704683465,0.36522274752961,0.999999999999997));
#11135=DIRECTION('',(0.0,0.0,1.0));
#11136=VECTOR('',#11135,0.01);
#11137=LINE('',#11134,#11136);
#11138=EDGE_CURVE('',#11133,#11125,#11137,.T.);
#11139=ORIENTED_EDGE('',*,*,#11138,.F.);
#11140=CARTESIAN_POINT('',(1.451276426259485,0.36522274752961,0.999999999999997));
#11141=DIRECTION('',(-1.0,0.0,0.0));
#11142=VECTOR('',#11141,0.045582721576019);
#11143=LINE('',#11140,#11142);
#11144=EDGE_CURVE('',#11102,#11133,#11143,.T.);
#11145=ORIENTED_EDGE('',*,*,#11144,.F.);
#11146=ORIENTED_EDGE('',*,*,#11107,.T.);
#11147=EDGE_LOOP('',(#11131,#11139,#11145,#11146));
#11148=FACE_OUTER_BOUND('',#11147,.T.);
#11149=ADVANCED_FACE('',(#11148),#11123,.T.);
#11150=CARTESIAN_POINT('',(1.336855930616322,0.265801608998943,0.999999999999997));
#11151=DIRECTION('',(0.0,0.0,1.0));
#11152=DIRECTION('',(0.843661487734737,0.536875492189027,0.0));
#11153=AXIS2_PLACEMENT_3D('',#11150,#11151,#11152);
#11154=CYLINDRICAL_SURFACE('',#11153,0.120926431872218);
#11155=CARTESIAN_POINT('',(1.336855930616322,0.265801608998943,1.009999999999997));
#11156=DIRECTION('',(0.0,0.0,-1.0));
#11157=DIRECTION('',(0.843661487734737,0.536875492189027,0.0));
#11158=AXIS2_PLACEMENT_3D('',#11155,#11156,#11157);
#11159=CIRCLE('',#11158,0.120926431872218);
#11160=EDGE_CURVE('',#11125,#10701,#11159,.T.);
#11161=ORIENTED_EDGE('',*,*,#11160,.T.);
#11162=ORIENTED_EDGE('',*,*,#10732,.F.);
#11163=CARTESIAN_POINT('',(1.336855930616322,0.265801608998943,0.999999999999997));
#11164=DIRECTION('',(0.0,0.0,-1.0));
#11165=DIRECTION('',(0.843661487734737,0.536875492189027,0.0));
#11166=AXIS2_PLACEMENT_3D('',#11163,#11164,#11165);
#11167=CIRCLE('',#11166,0.120926431872218);
#11168=EDGE_CURVE('',#11133,#10720,#11167,.T.);
#11169=ORIENTED_EDGE('',*,*,#11168,.F.);
#11170=ORIENTED_EDGE('',*,*,#11138,.T.);
#11171=EDGE_LOOP('',(#11161,#11162,#11169,#11170));
#11172=FACE_OUTER_BOUND('',#11171,.T.);
#11173=ADVANCED_FACE('',(#11172),#11154,.T.);
#11174=CARTESIAN_POINT('',(1.356752029961658,0.064962223457102,1.009999999999997));
#11175=DIRECTION('',(0.0,0.0,1.0));
#11176=DIRECTION('',(1.0,0.0,0.0));
#11177=AXIS2_PLACEMENT_3D('',#11174,#11175,#11176);
#11178=PLANE('',#11177);
#11179=ORIENTED_EDGE('',*,*,#10709,.F.);
#11180=ORIENTED_EDGE('',*,*,#11160,.F.);
#11181=ORIENTED_EDGE('',*,*,#11130,.F.);
#11182=ORIENTED_EDGE('',*,*,#11099,.F.);
#11183=ORIENTED_EDGE('',*,*,#11068,.F.);
#11184=ORIENTED_EDGE('',*,*,#11037,.F.);
#11185=ORIENTED_EDGE('',*,*,#11006,.F.);
#11186=ORIENTED_EDGE('',*,*,#10974,.F.);
#11187=ORIENTED_EDGE('',*,*,#10941,.F.);
#11188=ORIENTED_EDGE('',*,*,#10908,.F.);
#11189=ORIENTED_EDGE('',*,*,#10876,.F.);
#11190=ORIENTED_EDGE('',*,*,#10845,.F.);
#11191=ORIENTED_EDGE('',*,*,#10814,.F.);
#11192=ORIENTED_EDGE('',*,*,#10782,.F.);
#11193=ORIENTED_EDGE('',*,*,#10749,.F.);
#11194=EDGE_LOOP('',(#11179,#11180,#11181,#11182,#11183,#11184,#11185,#11186,#11187,#11188,#11189,#11190,#11191,#11192,#11193));
#11195=FACE_OUTER_BOUND('',#11194,.T.);
#11196=ADVANCED_FACE('',(#11195),#11178,.T.);
#11197=CARTESIAN_POINT('',(1.356752029961658,0.064962223457102,0.999999999999997));
#11198=DIRECTION('',(0.0,0.0,1.0));
#11199=DIRECTION('',(1.0,0.0,0.0));
#11200=AXIS2_PLACEMENT_3D('',#11197,#11198,#11199);
#11201=PLANE('',#11200);
#11202=ORIENTED_EDGE('',*,*,#11168,.T.);
#11203=ORIENTED_EDGE('',*,*,#10726,.T.);
#11204=ORIENTED_EDGE('',*,*,#10764,.T.);
#11205=ORIENTED_EDGE('',*,*,#10797,.T.);
#11206=ORIENTED_EDGE('',*,*,#10828,.T.);
#11207=ORIENTED_EDGE('',*,*,#10859,.T.);
#11208=ORIENTED_EDGE('',*,*,#10890,.T.);
#11209=ORIENTED_EDGE('',*,*,#10923,.T.);
#11210=ORIENTED_EDGE('',*,*,#10956,.T.);
#11211=ORIENTED_EDGE('',*,*,#10989,.T.);
#11212=ORIENTED_EDGE('',*,*,#11020,.T.);
#11213=ORIENTED_EDGE('',*,*,#11051,.T.);
#11214=ORIENTED_EDGE('',*,*,#11082,.T.);
#11215=ORIENTED_EDGE('',*,*,#11113,.T.);
#11216=ORIENTED_EDGE('',*,*,#11144,.T.);
#11217=EDGE_LOOP('',(#11202,#11203,#11204,#11205,#11206,#11207,#11208,#11209,#11210,#11211,#11212,#11213,#11214,#11215,#11216));
#11218=FACE_OUTER_BOUND('',#11217,.T.);
#11219=ADVANCED_FACE('',(#11218),#11201,.F.);
#11220=CLOSED_SHELL('',(#10736,#10769,#10802,#10833,#10864,#10895,#10928,#10961,#10994,#11025,#11056,#11087,#11118,#11149,#11173,#11196,#11219));
#11221=MANIFOLD_SOLID_BREP('67F',#11220);
#11222=STYLED_ITEM('NONE',(#159),#11221);
#11223=CARTESIAN_POINT('',(1.686387305965727,0.571544539925846,0.999999999999997));
#11224=DIRECTION('',(0.0,-1.0,0.0));
#11225=DIRECTION('',(0.0,0.0,-1.0));
#11226=AXIS2_PLACEMENT_3D('',#11223,#11224,#11225);
#11227=PLANE('',#11226);
#11228=CARTESIAN_POINT('',(1.686387305965727,0.571544539925846,1.009999999999997));
#11229=VERTEX_POINT('',#11228);
#11230=CARTESIAN_POINT('',(0.976256485627065,0.571544539925847,1.009999999999997));
#11231=VERTEX_POINT('',#11230);
#11232=CARTESIAN_POINT('',(1.686387305965727,0.571544539925846,1.009999999999997));
#11233=DIRECTION('',(-1.0,0.0,0.0));
#11234=VECTOR('',#11233,0.710130820338662);
#11235=LINE('',#11232,#11234);
#11236=EDGE_CURVE('',#11229,#11231,#11235,.T.);
#11237=ORIENTED_EDGE('',*,*,#11236,.T.);
#11238=CARTESIAN_POINT('',(0.976256485627065,0.571544539925847,0.999999999999997));
#11239=VERTEX_POINT('',#11238);
#11240=CARTESIAN_POINT('',(0.976256485627065,0.571544539925847,0.999999999999997));
#11241=DIRECTION('',(0.0,0.0,1.0));
#11242=VECTOR('',#11241,0.01);
#11243=LINE('',#11240,#11242);
#11244=EDGE_CURVE('',#11239,#11231,#11243,.T.);
#11245=ORIENTED_EDGE('',*,*,#11244,.F.);
#11246=CARTESIAN_POINT('',(1.686387305965727,0.571544539925846,0.999999999999997));
#11247=VERTEX_POINT('',#11246);
#11248=CARTESIAN_POINT('',(1.686387305965726,0.571544539925846,0.999999999999997));
#11249=DIRECTION('',(-1.0,0.0,0.0));
#11250=VECTOR('',#11249,0.710130820338662);
#11251=LINE('',#11248,#11250);
#11252=EDGE_CURVE('',#11247,#11239,#11251,.T.);
#11253=ORIENTED_EDGE('',*,*,#11252,.F.);
#11254=CARTESIAN_POINT('',(1.686387305965727,0.571544539925846,0.999999999999997));
#11255=DIRECTION('',(0.0,0.0,1.0));
#11256=VECTOR('',#11255,0.01);
#11257=LINE('',#11254,#11256);
#11258=EDGE_CURVE('',#11247,#11229,#11257,.T.);
#11259=ORIENTED_EDGE('',*,*,#11258,.T.);
#11260=EDGE_LOOP('',(#11237,#11245,#11253,#11259));
#11261=FACE_OUTER_BOUND('',#11260,.T.);
#11262=ADVANCED_FACE('',(#11261),#11227,.T.);
#11263=CARTESIAN_POINT('',(0.976256485627065,0.571544539925847,0.999999999999997));
#11264=DIRECTION('',(-1.0,0.0,0.0));
#11265=DIRECTION('',(0.0,0.0,-1.0));
#11266=AXIS2_PLACEMENT_3D('',#11263,#11264,#11265);
#11267=PLANE('',#11266);
#11268=CARTESIAN_POINT('',(0.976256485627066,0.665109073689949,1.009999999999997));
#11269=VERTEX_POINT('',#11268);
#11270=CARTESIAN_POINT('',(0.976256485627065,0.571544539925847,1.009999999999997));
#11271=DIRECTION('',(0.0,1.0,0.0));
#11272=VECTOR('',#11271,0.093564533764102);
#11273=LINE('',#11270,#11272);
#11274=EDGE_CURVE('',#11231,#11269,#11273,.T.);
#11275=ORIENTED_EDGE('',*,*,#11274,.T.);
#11276=CARTESIAN_POINT('',(0.976256485627066,0.665109073689949,0.999999999999997));
#11277=VERTEX_POINT('',#11276);
#11278=CARTESIAN_POINT('',(0.976256485627066,0.665109073689949,0.999999999999997));
#11279=DIRECTION('',(0.0,0.0,1.0));
#11280=VECTOR('',#11279,0.01);
#11281=LINE('',#11278,#11280);
#11282=EDGE_CURVE('',#11277,#11269,#11281,.T.);
#11283=ORIENTED_EDGE('',*,*,#11282,.F.);
#11284=CARTESIAN_POINT('',(0.976256485627065,0.571544539925847,0.999999999999997));
#11285=DIRECTION('',(0.0,1.0,0.0));
#11286=VECTOR('',#11285,0.0935645337641);
#11287=LINE('',#11284,#11286);
#11288=EDGE_CURVE('',#11239,#11277,#11287,.T.);
#11289=ORIENTED_EDGE('',*,*,#11288,.F.);
#11290=ORIENTED_EDGE('',*,*,#11244,.T.);
#11291=EDGE_LOOP('',(#11275,#11283,#11289,#11290));
#11292=FACE_OUTER_BOUND('',#11291,.T.);
#11293=ADVANCED_FACE('',(#11292),#11267,.T.);
#11294=CARTESIAN_POINT('',(0.976256485627066,0.665109073689949,0.999999999999997));
#11295=DIRECTION('',(0.0,1.0,0.0));
#11296=DIRECTION('',(0.0,0.0,1.0));
#11297=AXIS2_PLACEMENT_3D('',#11294,#11295,#11296);
#11298=PLANE('',#11297);
#11299=CARTESIAN_POINT('',(1.686387305965728,0.665109073689948,1.009999999999997));
#11300=VERTEX_POINT('',#11299);
#11301=CARTESIAN_POINT('',(0.976256485627066,0.665109073689949,1.009999999999997));
#11302=DIRECTION('',(1.0,0.0,0.0));
#11303=VECTOR('',#11302,0.710130820338662);
#11304=LINE('',#11301,#11303);
#11305=EDGE_CURVE('',#11269,#11300,#11304,.T.);
#11306=ORIENTED_EDGE('',*,*,#11305,.T.);
#11307=CARTESIAN_POINT('',(1.686387305965728,0.665109073689948,0.999999999999997));
#11308=VERTEX_POINT('',#11307);
#11309=CARTESIAN_POINT('',(1.686387305965728,0.665109073689948,0.999999999999997));
#11310=DIRECTION('',(0.0,0.0,1.0));
#11311=VECTOR('',#11310,0.01);
#11312=LINE('',#11309,#11311);
#11313=EDGE_CURVE('',#11308,#11300,#11312,.T.);
#11314=ORIENTED_EDGE('',*,*,#11313,.F.);
#11315=CARTESIAN_POINT('',(0.976256485627065,0.665109073689949,0.999999999999997));
#11316=DIRECTION('',(1.0,0.0,0.0));
#11317=VECTOR('',#11316,0.710130820338662);
#11318=LINE('',#11315,#11317);
#11319=EDGE_CURVE('',#11277,#11308,#11318,.T.);
#11320=ORIENTED_EDGE('',*,*,#11319,.F.);
#11321=ORIENTED_EDGE('',*,*,#11282,.T.);
#11322=EDGE_LOOP('',(#11306,#11314,#11320,#11321));
#11323=FACE_OUTER_BOUND('',#11322,.T.);
#11324=ADVANCED_FACE('',(#11323),#11298,.T.);
#11325=CARTESIAN_POINT('',(1.686387305965728,0.665109073689948,0.999999999999997));
#11326=DIRECTION('',(1.0,0.0,0.0));
#11327=DIRECTION('',(0.0,0.0,1.0));
#11328=AXIS2_PLACEMENT_3D('',#11325,#11326,#11327);
#11329=PLANE('',#11328);
#11330=CARTESIAN_POINT('',(1.686387305965728,0.665109073689949,1.009999999999997));
#11331=DIRECTION('',(0.0,-1.0,0.0));
#11332=VECTOR('',#11331,0.093564533764102);
#11333=LINE('',#11330,#11332);
#11334=EDGE_CURVE('',#11300,#11229,#11333,.T.);
#11335=ORIENTED_EDGE('',*,*,#11334,.T.);
#11336=ORIENTED_EDGE('',*,*,#11258,.F.);
#11337=CARTESIAN_POINT('',(1.686387305965728,0.665109073689946,0.999999999999997));
#11338=DIRECTION('',(0.0,-1.0,0.0));
#11339=VECTOR('',#11338,0.0935645337641);
#11340=LINE('',#11337,#11339);
#11341=EDGE_CURVE('',#11308,#11247,#11340,.T.);
#11342=ORIENTED_EDGE('',*,*,#11341,.F.);
#11343=ORIENTED_EDGE('',*,*,#11313,.T.);
#11344=EDGE_LOOP('',(#11335,#11336,#11342,#11343));
#11345=FACE_OUTER_BOUND('',#11344,.T.);
#11346=ADVANCED_FACE('',(#11345),#11329,.T.);
#11347=CARTESIAN_POINT('',(1.356752029961658,0.064962223457102,1.009999999999997));
#11348=DIRECTION('',(0.0,0.0,1.0));
#11349=DIRECTION('',(1.0,0.0,0.0));
#11350=AXIS2_PLACEMENT_3D('',#11347,#11348,#11349);
#11351=PLANE('',#11350);
#11352=ORIENTED_EDGE('',*,*,#11236,.F.);
#11353=ORIENTED_EDGE('',*,*,#11334,.F.);
#11354=ORIENTED_EDGE('',*,*,#11305,.F.);
#11355=ORIENTED_EDGE('',*,*,#11274,.F.);
#11356=EDGE_LOOP('',(#11352,#11353,#11354,#11355));
#11357=FACE_OUTER_BOUND('',#11356,.T.);
#11358=ADVANCED_FACE('',(#11357),#11351,.T.);
#11359=CARTESIAN_POINT('',(1.356752029961658,0.064962223457102,0.999999999999997));
#11360=DIRECTION('',(0.0,0.0,1.0));
#11361=DIRECTION('',(1.0,0.0,0.0));
#11362=AXIS2_PLACEMENT_3D('',#11359,#11360,#11361);
#11363=PLANE('',#11362);
#11364=ORIENTED_EDGE('',*,*,#11341,.T.);
#11365=ORIENTED_EDGE('',*,*,#11252,.T.);
#11366=ORIENTED_EDGE('',*,*,#11288,.T.);
#11367=ORIENTED_EDGE('',*,*,#11319,.T.);
#11368=EDGE_LOOP('',(#11364,#11365,#11366,#11367));
#11369=FACE_OUTER_BOUND('',#11368,.T.);
#11370=ADVANCED_FACE('',(#11369),#11363,.F.);
#11371=CLOSED_SHELL('',(#11262,#11293,#11324,#11346,#11358,#11370));
#11372=MANIFOLD_SOLID_BREP('67B',#11371);
#11373=STYLED_ITEM('NONE',(#159),#11372);
#11374=CARTESIAN_POINT('',(1.6309740695358,1.556997732526154,0.999999999999997));
#11375=DIRECTION('',(0.0,0.0,1.0));
#11376=DIRECTION('',(1.0,0.0,0.0));
#11377=AXIS2_PLACEMENT_3D('',#11374,#11375,#11376);
#11378=CYLINDRICAL_SURFACE('',#11377,0.117151026461484);
#11379=CARTESIAN_POINT('',(1.748125095997285,1.556997732526154,1.009999999999997));
#11380=VERTEX_POINT('',#11379);
#11381=CARTESIAN_POINT('',(1.748125095997285,1.556997732526154,0.999999999999997));
#11382=VERTEX_POINT('',#11381);
#11383=CARTESIAN_POINT('',(1.748125095997285,1.556997732526154,1.009999999999997));
#11384=DIRECTION('',(0.0,0.0,-1.0));
#11385=VECTOR('',#11384,0.01);
#11386=LINE('',#11383,#11385);
#11387=EDGE_CURVE('',#11380,#11382,#11386,.T.);
#11388=ORIENTED_EDGE('',*,*,#11387,.F.);
#11389=CARTESIAN_POINT('',(1.513823043074277,1.556997732526154,1.009999999999997));
#11390=VERTEX_POINT('',#11389);
#11391=CARTESIAN_POINT('',(1.6309740695358,1.556997732526154,1.009999999999997));
#11392=DIRECTION('',(0.0,0.0,-1.0));
#11393=DIRECTION('',(1.0,0.0,0.0));
#11394=AXIS2_PLACEMENT_3D('',#11391,#11392,#11393);
#11395=CIRCLE('',#11394,0.117151026461484);
#11396=EDGE_CURVE('',#11380,#11390,#11395,.T.);
#11397=ORIENTED_EDGE('',*,*,#11396,.T.);
#11398=CARTESIAN_POINT('',(1.513823043074277,1.556997732526154,0.999999999999997));
#11399=VERTEX_POINT('',#11398);
#11400=CARTESIAN_POINT('',(1.513823043074316,1.556997732526154,1.009999999999997));
#11401=DIRECTION('',(0.0,0.0,-1.0));
#11402=VECTOR('',#11401,0.01);
#11403=LINE('',#11400,#11402);
#11404=EDGE_CURVE('',#11390,#11399,#11403,.T.);
#11405=ORIENTED_EDGE('',*,*,#11404,.T.);
#11406=CARTESIAN_POINT('',(1.6309740695358,1.556997732526154,0.999999999999997));
#11407=DIRECTION('',(0.0,0.0,-1.0));
#11408=DIRECTION('',(1.0,0.0,0.0));
#11409=AXIS2_PLACEMENT_3D('',#11406,#11407,#11408);
#11410=CIRCLE('',#11409,0.117151026461484);
#11411=EDGE_CURVE('',#11382,#11399,#11410,.T.);
#11412=ORIENTED_EDGE('',*,*,#11411,.F.);
#11413=EDGE_LOOP('',(#11388,#11397,#11405,#11412));
#11414=FACE_OUTER_BOUND('',#11413,.T.);
#11415=ADVANCED_FACE('',(#11414),#11378,.T.);
#11416=CARTESIAN_POINT('',(1.6309740695358,1.556997732526154,0.999999999999997));
#11417=DIRECTION('',(0.0,0.0,1.0));
#11418=DIRECTION('',(1.0,0.0,0.0));
#11419=AXIS2_PLACEMENT_3D('',#11416,#11417,#11418);
#11420=CYLINDRICAL_SURFACE('',#11419,0.117151026461484);
#11421=ORIENTED_EDGE('',*,*,#11387,.T.);
#11422=CARTESIAN_POINT('',(1.6309740695358,1.556997732526154,0.999999999999997));
#11423=DIRECTION('',(0.0,0.0,-1.0));
#11424=DIRECTION('',(1.0,0.0,0.0));
#11425=AXIS2_PLACEMENT_3D('',#11422,#11423,#11424);
#11426=CIRCLE('',#11425,0.117151026461484);
#11427=EDGE_CURVE('',#11399,#11382,#11426,.T.);
#11428=ORIENTED_EDGE('',*,*,#11427,.F.);
#11429=ORIENTED_EDGE('',*,*,#11404,.F.);
#11430=CARTESIAN_POINT('',(1.6309740695358,1.556997732526154,1.009999999999997));
#11431=DIRECTION('',(0.0,0.0,-1.0));
#11432=DIRECTION('',(1.0,0.0,0.0));
#11433=AXIS2_PLACEMENT_3D('',#11430,#11431,#11432);
#11434=CIRCLE('',#11433,0.117151026461484);
#11435=EDGE_CURVE('',#11390,#11380,#11434,.T.);
#11436=ORIENTED_EDGE('',*,*,#11435,.T.);
#11437=EDGE_LOOP('',(#11421,#11428,#11429,#11436));
#11438=FACE_OUTER_BOUND('',#11437,.T.);
#11439=ADVANCED_FACE('',(#11438),#11420,.T.);
#11440=CARTESIAN_POINT('',(1.356752029961658,0.064962223457102,1.009999999999997));
#11441=DIRECTION('',(0.0,0.0,1.0));
#11442=DIRECTION('',(1.0,0.0,0.0));
#11443=AXIS2_PLACEMENT_3D('',#11440,#11441,#11442);
#11444=PLANE('',#11443);
#11445=ORIENTED_EDGE('',*,*,#11435,.F.);
#11446=ORIENTED_EDGE('',*,*,#11396,.F.);
#11447=EDGE_LOOP('',(#11445,#11446));
#11448=FACE_OUTER_BOUND('',#11447,.T.);
#11449=ADVANCED_FACE('',(#11448),#11444,.T.);
#11450=CARTESIAN_POINT('',(1.356752029961658,0.064962223457102,0.999999999999997));
#11451=DIRECTION('',(0.0,0.0,1.0));
#11452=DIRECTION('',(1.0,0.0,0.0));
#11453=AXIS2_PLACEMENT_3D('',#11450,#11451,#11452);
#11454=PLANE('',#11453);
#11455=ORIENTED_EDGE('',*,*,#11427,.T.);
#11456=ORIENTED_EDGE('',*,*,#11411,.T.);
#11457=EDGE_LOOP('',(#11455,#11456));
#11458=FACE_OUTER_BOUND('',#11457,.T.);
#11459=ADVANCED_FACE('',(#11458),#11454,.F.);
#11460=CLOSED_SHELL('',(#11415,#11439,#11449,#11459));
#11461=MANIFOLD_SOLID_BREP('677',#11460);
#11462=STYLED_ITEM('NONE',(#159),#11461);
#11463=CARTESIAN_POINT('',(1.089343407848399,1.318739742071736,0.999999999999997));
#11464=DIRECTION('',(-1.0,0.0,0.0));
#11465=DIRECTION('',(0.0,0.0,-1.0));
#11466=AXIS2_PLACEMENT_3D('',#11463,#11464,#11465);
#11467=PLANE('',#11466);
#11468=CARTESIAN_POINT('',(1.089343407848399,1.318739742071736,1.009999999999997));
#11469=VERTEX_POINT('',#11468);
#11470=CARTESIAN_POINT('',(1.089343407848399,1.543691993434,1.009999999999997));
#11471=VERTEX_POINT('',#11470);
#11472=CARTESIAN_POINT('',(1.0893434078484,1.318739742071736,1.009999999999997));
#11473=DIRECTION('',(0.0,1.0,0.0));
#11474=VECTOR('',#11473,0.224952251362264);
#11475=LINE('',#11472,#11474);
#11476=EDGE_CURVE('',#11469,#11471,#11475,.T.);
#11477=ORIENTED_EDGE('',*,*,#11476,.T.);
#11478=CARTESIAN_POINT('',(1.089343407848399,1.543691993434,0.999999999999997));
#11479=VERTEX_POINT('',#11478);
#11480=CARTESIAN_POINT('',(1.089343407848399,1.543691993434,0.999999999999997));
#11481=DIRECTION('',(0.0,0.0,1.0));
#11482=VECTOR('',#11481,0.01);
#11483=LINE('',#11480,#11482);
#11484=EDGE_CURVE('',#11479,#11471,#11483,.T.);
#11485=ORIENTED_EDGE('',*,*,#11484,.F.);
#11486=CARTESIAN_POINT('',(1.089343407848399,1.318739742071736,0.999999999999997));
#11487=VERTEX_POINT('',#11486);
#11488=CARTESIAN_POINT('',(1.0893434078484,1.318739742071734,0.999999999999997));
#11489=DIRECTION('',(0.0,1.0,0.0));
#11490=VECTOR('',#11489,0.224952251362264);
#11491=LINE('',#11488,#11490);
#11492=EDGE_CURVE('',#11487,#11479,#11491,.T.);
#11493=ORIENTED_EDGE('',*,*,#11492,.F.);
#11494=CARTESIAN_POINT('',(1.089343407848399,1.318739742071736,0.999999999999997));
#11495=DIRECTION('',(0.0,0.0,1.0));
#11496=VECTOR('',#11495,0.01);
#11497=LINE('',#11494,#11496);
#11498=EDGE_CURVE('',#11487,#11469,#11497,.T.);
#11499=ORIENTED_EDGE('',*,*,#11498,.T.);
#11500=EDGE_LOOP('',(#11477,#11485,#11493,#11499));
#11501=FACE_OUTER_BOUND('',#11500,.T.);
#11502=ADVANCED_FACE('',(#11501),#11467,.T.);
#11503=CARTESIAN_POINT('',(1.089343407848399,1.543691993434,0.999999999999997));
#11504=DIRECTION('',(-0.226238221393425,0.974072003078181,0.0));
#11505=DIRECTION('',(0.0,0.0,1.0));
#11506=AXIS2_PLACEMENT_3D('',#11503,#11504,#11505);
#11507=PLANE('',#11506);
#11508=CARTESIAN_POINT('',(1.452101335629682,1.627946245807359,1.009999999999997));
#11509=VERTEX_POINT('',#11508);
#11510=CARTESIAN_POINT('',(1.0893434078485,1.543691993433565,1.009999999999997));
#11511=DIRECTION('',(0.974072003078181,0.226238221393425,0.0));
#11512=VECTOR('',#11511,0.372413873548186);
#11513=LINE('',#11510,#11512);
#11514=EDGE_CURVE('',#11471,#11509,#11513,.T.);
#11515=ORIENTED_EDGE('',*,*,#11514,.T.);
#11516=CARTESIAN_POINT('',(1.452101335629682,1.627946245807359,0.999999999999997));
#11517=VERTEX_POINT('',#11516);
#11518=CARTESIAN_POINT('',(1.452101335629682,1.627946245807359,0.999999999999997));
#11519=DIRECTION('',(0.0,0.0,1.0));
#11520=VECTOR('',#11519,0.01);
#11521=LINE('',#11518,#11520);
#11522=EDGE_CURVE('',#11517,#11509,#11521,.T.);
#11523=ORIENTED_EDGE('',*,*,#11522,.F.);
#11524=CARTESIAN_POINT('',(1.089343407848499,1.543691993433565,0.999999999999997));
#11525=DIRECTION('',(0.974072003078181,0.226238221393425,0.0));
#11526=VECTOR('',#11525,0.372413873548187);
#11527=LINE('',#11524,#11526);
#11528=EDGE_CURVE('',#11479,#11517,#11527,.T.);
#11529=ORIENTED_EDGE('',*,*,#11528,.F.);
#11530=ORIENTED_EDGE('',*,*,#11484,.T.);
#11531=EDGE_LOOP('',(#11515,#11523,#11529,#11530));
#11532=FACE_OUTER_BOUND('',#11531,.T.);
#11533=ADVANCED_FACE('',(#11532),#11507,.T.);
#11534=CARTESIAN_POINT('',(1.452101335629682,1.627946245807359,0.999999999999997));
#11535=DIRECTION('',(1.0,0.0,0.0));
#11536=DIRECTION('',(0.0,0.0,1.0));
#11537=AXIS2_PLACEMENT_3D('',#11534,#11535,#11536);
#11538=PLANE('',#11537);
#11539=CARTESIAN_POINT('',(1.452101335629682,1.402993994445631,1.009999999999997));
#11540=VERTEX_POINT('',#11539);
#11541=CARTESIAN_POINT('',(1.452101335629683,1.627946245807359,1.009999999999997));
#11542=DIRECTION('',(0.0,-1.0,0.0));
#11543=VECTOR('',#11542,0.224952251361728);
#11544=LINE('',#11541,#11543);
#11545=EDGE_CURVE('',#11509,#11540,#11544,.T.);
#11546=ORIENTED_EDGE('',*,*,#11545,.T.);
#11547=CARTESIAN_POINT('',(1.452101335629682,1.402993994445631,0.999999999999997));
#11548=VERTEX_POINT('',#11547);
#11549=CARTESIAN_POINT('',(1.452101335629682,1.402993994445631,0.999999999999997));
#11550=DIRECTION('',(0.0,0.0,1.0));
#11551=VECTOR('',#11550,0.01);
#11552=LINE('',#11549,#11551);
#11553=EDGE_CURVE('',#11548,#11540,#11552,.T.);
#11554=ORIENTED_EDGE('',*,*,#11553,.F.);
#11555=CARTESIAN_POINT('',(1.452101335629683,1.627946245807356,0.999999999999997));
#11556=DIRECTION('',(0.0,-1.0,0.0));
#11557=VECTOR('',#11556,0.224952251361724);
#11558=LINE('',#11555,#11557);
#11559=EDGE_CURVE('',#11517,#11548,#11558,.T.);
#11560=ORIENTED_EDGE('',*,*,#11559,.F.);
#11561=ORIENTED_EDGE('',*,*,#11522,.T.);
#11562=EDGE_LOOP('',(#11546,#11554,#11560,#11561));
#11563=FACE_OUTER_BOUND('',#11562,.T.);
#11564=ADVANCED_FACE('',(#11563),#11538,.T.);
#11565=CARTESIAN_POINT('',(1.452101335629682,1.402993994445631,0.999999999999997));
#11566=DIRECTION('',(0.226238221394323,-0.974072003077972,0.0));
#11567=DIRECTION('',(0.0,0.0,-1.0));
#11568=AXIS2_PLACEMENT_3D('',#11565,#11566,#11567);
#11569=PLANE('',#11568);
#11570=CARTESIAN_POINT('',(1.452101335629756,1.402993994445313,1.009999999999997));
#11571=DIRECTION('',(-0.974072003077972,-0.226238221394323,0.0));
#11572=VECTOR('',#11571,0.372413873548308);
#11573=LINE('',#11570,#11572);
#11574=EDGE_CURVE('',#11540,#11469,#11573,.T.);
#11575=ORIENTED_EDGE('',*,*,#11574,.T.);
#11576=ORIENTED_EDGE('',*,*,#11498,.F.);
#11577=CARTESIAN_POINT('',(1.452101335629757,1.402993994445313,0.999999999999997));
#11578=DIRECTION('',(-0.974072003077972,-0.226238221394323,0.0));
#11579=VECTOR('',#11578,0.372413873548309);
#11580=LINE('',#11577,#11579);
#11581=EDGE_CURVE('',#11548,#11487,#11580,.T.);
#11582=ORIENTED_EDGE('',*,*,#11581,.F.);
#11583=ORIENTED_EDGE('',*,*,#11553,.T.);
#11584=EDGE_LOOP('',(#11575,#11576,#11582,#11583));
#11585=FACE_OUTER_BOUND('',#11584,.T.);
#11586=ADVANCED_FACE('',(#11585),#11569,.T.);
#11587=CARTESIAN_POINT('',(1.356752029961658,0.064962223457102,1.009999999999997));
#11588=DIRECTION('',(0.0,0.0,1.0));
#11589=DIRECTION('',(1.0,0.0,0.0));
#11590=AXIS2_PLACEMENT_3D('',#11587,#11588,#11589);
#11591=PLANE('',#11590);
#11592=ORIENTED_EDGE('',*,*,#11476,.F.);
#11593=ORIENTED_EDGE('',*,*,#11574,.F.);
#11594=ORIENTED_EDGE('',*,*,#11545,.F.);
#11595=ORIENTED_EDGE('',*,*,#11514,.F.);
#11596=EDGE_LOOP('',(#11592,#11593,#11594,#11595));
#11597=FACE_OUTER_BOUND('',#11596,.T.);
#11598=ADVANCED_FACE('',(#11597),#11591,.T.);
#11599=CARTESIAN_POINT('',(1.356752029961658,0.064962223457102,0.999999999999997));
#11600=DIRECTION('',(0.0,0.0,1.0));
#11601=DIRECTION('',(1.0,0.0,0.0));
#11602=AXIS2_PLACEMENT_3D('',#11599,#11600,#11601);
#11603=PLANE('',#11602);
#11604=ORIENTED_EDGE('',*,*,#11581,.T.);
#11605=ORIENTED_EDGE('',*,*,#11492,.T.);
#11606=ORIENTED_EDGE('',*,*,#11528,.T.);
#11607=ORIENTED_EDGE('',*,*,#11559,.T.);
#11608=EDGE_LOOP('',(#11604,#11605,#11606,#11607));
#11609=FACE_OUTER_BOUND('',#11608,.T.);
#11610=ADVANCED_FACE('',(#11609),#11603,.F.);
#11611=CLOSED_SHELL('',(#11502,#11533,#11564,#11586,#11598,#11610));
#11612=MANIFOLD_SOLID_BREP('673',#11611);
#11613=STYLED_ITEM('NONE',(#159),#11612);
#11614=CARTESIAN_POINT('',(1.331385908048345,1.572151068661872,0.999999999999997));
#11615=DIRECTION('',(0.0,0.0,1.0));
#11616=DIRECTION('',(-0.172351240941088,0.985035557604936,0.0));
#11617=AXIS2_PLACEMENT_3D('',#11614,#11615,#11616);
#11618=CYLINDRICAL_SURFACE('',#11617,0.232413005351467);
#11619=CARTESIAN_POINT('',(1.345612291772242,1.804128255175269,1.009999999999997));
#11620=VERTEX_POINT('',#11619);
#11621=CARTESIAN_POINT('',(1.239238203817231,1.785516027503097,1.009999999999997));
#11622=VERTEX_POINT('',#11621);
#11623=CARTESIAN_POINT('',(1.331385908048345,1.572151068661872,1.009999999999997));
#11624=DIRECTION('',(0.0,0.0,1.0));
#11625=DIRECTION('',(-0.172351240941088,0.985035557604936,0.0));
#11626=AXIS2_PLACEMENT_3D('',#11623,#11624,#11625);
#11627=CIRCLE('',#11626,0.232413005351467);
#11628=EDGE_CURVE('',#11620,#11622,#11627,.T.);
#11629=ORIENTED_EDGE('',*,*,#11628,.T.);
#11630=CARTESIAN_POINT('',(1.239238203817231,1.785516027503097,0.999999999999997));
#11631=VERTEX_POINT('',#11630);
#11632=CARTESIAN_POINT('',(1.239238203817231,1.785516027503097,0.999999999999997));
#11633=DIRECTION('',(0.0,0.0,1.0));
#11634=VECTOR('',#11633,0.01);
#11635=LINE('',#11632,#11634);
#11636=EDGE_CURVE('',#11631,#11622,#11635,.T.);
#11637=ORIENTED_EDGE('',*,*,#11636,.F.);
#11638=CARTESIAN_POINT('',(1.345612291772242,1.804128255175269,0.999999999999997));
#11639=VERTEX_POINT('',#11638);
#11640=CARTESIAN_POINT('',(1.331385908048345,1.572151068661872,0.999999999999997));
#11641=DIRECTION('',(0.0,0.0,1.0));
#11642=DIRECTION('',(-0.172351240941088,0.985035557604936,0.0));
#11643=AXIS2_PLACEMENT_3D('',#11640,#11641,#11642);
#11644=CIRCLE('',#11643,0.232413005351467);
#11645=EDGE_CURVE('',#11639,#11631,#11644,.T.);
#11646=ORIENTED_EDGE('',*,*,#11645,.F.);
#11647=CARTESIAN_POINT('',(1.345612291772242,1.804128255175269,0.999999999999997));
#11648=DIRECTION('',(0.0,0.0,1.0));
#11649=VECTOR('',#11648,0.01);
#11650=LINE('',#11647,#11649);
#11651=EDGE_CURVE('',#11639,#11620,#11650,.T.);
#11652=ORIENTED_EDGE('',*,*,#11651,.T.);
#11653=EDGE_LOOP('',(#11629,#11637,#11646,#11652));
#11654=FACE_OUTER_BOUND('',#11653,.T.);
#11655=ADVANCED_FACE('',(#11654),#11618,.F.);
#11656=CARTESIAN_POINT('',(1.363338449877436,1.50167867637444,0.999999999999997));
#11657=DIRECTION('',(0.0,0.0,1.0));
#11658=DIRECTION('',(-0.583726883587401,0.811950075668043,0.0));
#11659=AXIS2_PLACEMENT_3D('',#11656,#11657,#11658);
#11660=CYLINDRICAL_SURFACE('',#11659,0.309781395451785);
#11661=CARTESIAN_POINT('',(1.133814137918413,1.709724592430736,1.009999999999997));
#11662=VERTEX_POINT('',#11661);
#11663=CARTESIAN_POINT('',(1.363338449877436,1.50167867637444,1.009999999999997));
#11664=DIRECTION('',(0.0,0.0,1.0));
#11665=DIRECTION('',(-0.583726883587401,0.811950075668043,0.0));
#11666=AXIS2_PLACEMENT_3D('',#11663,#11664,#11665);
#11667=CIRCLE('',#11666,0.309781395451785);
#11668=EDGE_CURVE('',#11622,#11662,#11667,.T.);
#11669=ORIENTED_EDGE('',*,*,#11668,.T.);
#11670=CARTESIAN_POINT('',(1.133814137918413,1.709724592430736,0.999999999999997));
#11671=VERTEX_POINT('',#11670);
#11672=CARTESIAN_POINT('',(1.133814137918413,1.709724592430736,0.999999999999997));
#11673=DIRECTION('',(0.0,0.0,1.0));
#11674=VECTOR('',#11673,0.01);
#11675=LINE('',#11672,#11674);
#11676=EDGE_CURVE('',#11671,#11662,#11675,.T.);
#11677=ORIENTED_EDGE('',*,*,#11676,.F.);
#11678=CARTESIAN_POINT('',(1.363338449877436,1.50167867637444,0.999999999999997));
#11679=DIRECTION('',(0.0,0.0,1.0));
#11680=DIRECTION('',(-0.583726883587401,0.811950075668043,0.0));
#11681=AXIS2_PLACEMENT_3D('',#11678,#11679,#11680);
#11682=CIRCLE('',#11681,0.309781395451785);
#11683=EDGE_CURVE('',#11631,#11671,#11682,.T.);
#11684=ORIENTED_EDGE('',*,*,#11683,.F.);
#11685=ORIENTED_EDGE('',*,*,#11636,.T.);
#11686=EDGE_LOOP('',(#11669,#11677,#11684,#11685));
#11687=FACE_OUTER_BOUND('',#11686,.T.);
#11688=ADVANCED_FACE('',(#11687),#11660,.F.);
#11689=CARTESIAN_POINT('',(1.427994518173063,1.439133139490555,0.999999999999997));
#11690=DIRECTION('',(0.0,0.0,1.0));
#11691=DIRECTION('',(-0.836369389810688,0.548166255608368,0.0));
#11692=AXIS2_PLACEMENT_3D('',#11689,#11690,#11691);
#11693=CYLINDRICAL_SURFACE('',#11692,0.399702177291309);
#11694=CARTESIAN_POINT('',(1.062492609168051,1.600905155132937,1.009999999999997));
#11695=VERTEX_POINT('',#11694);
#11696=CARTESIAN_POINT('',(1.427994518173063,1.439133139490555,1.009999999999997));
#11697=DIRECTION('',(0.0,0.0,1.0));
#11698=DIRECTION('',(-0.836369389810688,0.548166255608368,0.0));
#11699=AXIS2_PLACEMENT_3D('',#11696,#11697,#11698);
#11700=CIRCLE('',#11699,0.399702177291309);
#11701=EDGE_CURVE('',#11662,#11695,#11700,.T.);
#11702=ORIENTED_EDGE('',*,*,#11701,.T.);
#11703=CARTESIAN_POINT('',(1.062492609168051,1.600905155132937,0.999999999999997));
#11704=VERTEX_POINT('',#11703);
#11705=CARTESIAN_POINT('',(1.062492609168051,1.600905155132937,0.999999999999997));
#11706=DIRECTION('',(0.0,0.0,1.0));
#11707=VECTOR('',#11706,0.01);
#11708=LINE('',#11705,#11707);
#11709=EDGE_CURVE('',#11704,#11695,#11708,.T.);
#11710=ORIENTED_EDGE('',*,*,#11709,.F.);
#11711=CARTESIAN_POINT('',(1.427994518173063,1.439133139490555,0.999999999999997));
#11712=DIRECTION('',(0.0,0.0,1.0));
#11713=DIRECTION('',(-0.836369389810688,0.548166255608368,0.0));
#11714=AXIS2_PLACEMENT_3D('',#11711,#11712,#11713);
#11715=CIRCLE('',#11714,0.399702177291309);
#11716=EDGE_CURVE('',#11671,#11704,#11715,.T.);
#11717=ORIENTED_EDGE('',*,*,#11716,.F.);
#11718=ORIENTED_EDGE('',*,*,#11676,.T.);
#11719=EDGE_LOOP('',(#11702,#11710,#11717,#11718));
#11720=FACE_OUTER_BOUND('',#11719,.T.);
#11721=ADVANCED_FACE('',(#11720),#11693,.F.);
#11722=CARTESIAN_POINT('',(1.524194469098812,1.381603254480788,0.999999999999997));
#11723=DIRECTION('',(0.0,0.0,1.0));
#11724=DIRECTION('',(-0.949066817008989,0.315074874993906,0.0));
#11725=AXIS2_PLACEMENT_3D('',#11722,#11723,#11724);
#11726=CYLINDRICAL_SURFACE('',#11725,0.511137878750006);
#11727=CARTESIAN_POINT('',(1.023006479970399,1.481965252500321,1.009999999999997));
#11728=VERTEX_POINT('',#11727);
#11729=CARTESIAN_POINT('',(1.524194469098812,1.381603254480788,1.009999999999997));
#11730=DIRECTION('',(0.0,0.0,1.0));
#11731=DIRECTION('',(-0.949066817008989,0.315074874993906,0.0));
#11732=AXIS2_PLACEMENT_3D('',#11729,#11730,#11731);
#11733=CIRCLE('',#11732,0.511137878750006);
#11734=EDGE_CURVE('',#11695,#11728,#11733,.T.);
#11735=ORIENTED_EDGE('',*,*,#11734,.T.);
#11736=CARTESIAN_POINT('',(1.023006479970399,1.481965252500321,0.999999999999997));
#11737=VERTEX_POINT('',#11736);
#11738=CARTESIAN_POINT('',(1.023006479970399,1.481965252500321,0.999999999999997));
#11739=DIRECTION('',(0.0,0.0,1.0));
#11740=VECTOR('',#11739,0.01);
#11741=LINE('',#11738,#11740);
#11742=EDGE_CURVE('',#11737,#11728,#11741,.T.);
#11743=ORIENTED_EDGE('',*,*,#11742,.F.);
#11744=CARTESIAN_POINT('',(1.524194469098812,1.381603254480788,0.999999999999997));
#11745=DIRECTION('',(0.0,0.0,1.0));
#11746=DIRECTION('',(-0.949066817008989,0.315074874993906,0.0));
#11747=AXIS2_PLACEMENT_3D('',#11744,#11745,#11746);
#11748=CIRCLE('',#11747,0.511137878750006);
#11749=EDGE_CURVE('',#11704,#11737,#11748,.T.);
#11750=ORIENTED_EDGE('',*,*,#11749,.F.);
#11751=ORIENTED_EDGE('',*,*,#11709,.T.);
#11752=EDGE_LOOP('',(#11735,#11743,#11750,#11751));
#11753=FACE_OUTER_BOUND('',#11752,.T.);
#11754=ADVANCED_FACE('',(#11753),#11726,.F.);
#11755=CARTESIAN_POINT('',(1.644103596714353,1.35230745623369,0.999999999999997));
#11756=DIRECTION('',(0.0,0.0,1.0));
#11757=DIRECTION('',(-0.995510984643872,0.09464607468558,0.0));
#11758=AXIS2_PLACEMENT_3D('',#11755,#11756,#11757);
#11759=CYLINDRICAL_SURFACE('',#11758,0.63448622724207);
#11760=CARTESIAN_POINT('',(1.009700878048334,1.342013617796519,1.009999999999997));
#11761=VERTEX_POINT('',#11760);
#11762=CARTESIAN_POINT('',(1.644103596714353,1.35230745623369,1.009999999999997));
#11763=DIRECTION('',(0.0,0.0,1.0));
#11764=DIRECTION('',(-0.995510984643872,0.09464607468558,0.0));
#11765=AXIS2_PLACEMENT_3D('',#11762,#11763,#11764);
#11766=CIRCLE('',#11765,0.63448622724207);
#11767=EDGE_CURVE('',#11728,#11761,#11766,.T.);
#11768=ORIENTED_EDGE('',*,*,#11767,.T.);
#11769=CARTESIAN_POINT('',(1.009700878048334,1.342013617796519,0.999999999999997));
#11770=VERTEX_POINT('',#11769);
#11771=CARTESIAN_POINT('',(1.009700878048334,1.342013617796519,0.999999999999997));
#11772=DIRECTION('',(0.0,0.0,1.0));
#11773=VECTOR('',#11772,0.01);
#11774=LINE('',#11771,#11773);
#11775=EDGE_CURVE('',#11770,#11761,#11774,.T.);
#11776=ORIENTED_EDGE('',*,*,#11775,.F.);
#11777=CARTESIAN_POINT('',(1.644103596714353,1.35230745623369,0.999999999999997));
#11778=DIRECTION('',(0.0,0.0,1.0));
#11779=DIRECTION('',(-0.995510984643872,0.09464607468558,0.0));
#11780=AXIS2_PLACEMENT_3D('',#11777,#11778,#11779);
#11781=CIRCLE('',#11780,0.63448622724207);
#11782=EDGE_CURVE('',#11737,#11770,#11781,.T.);
#11783=ORIENTED_EDGE('',*,*,#11782,.F.);
#11784=ORIENTED_EDGE('',*,*,#11742,.T.);
#11785=EDGE_LOOP('',(#11768,#11776,#11783,#11784));
#11786=FACE_OUTER_BOUND('',#11785,.T.);
#11787=ADVANCED_FACE('',(#11786),#11759,.F.);
#11788=CARTESIAN_POINT('',(1.529162514515791,1.346994491715639,0.999999999999997));
#11789=DIRECTION('',(0.0,0.0,1.0));
#11790=DIRECTION('',(-0.986701417704629,-0.162543262855384,0.0));
#11791=AXIS2_PLACEMENT_3D('',#11788,#11789,#11790);
#11792=CYLINDRICAL_SURFACE('',#11791,0.519485515549688);
#11793=CARTESIAN_POINT('',(1.035551873641633,1.185087925813762,1.009999999999997));
#11794=VERTEX_POINT('',#11793);
#11795=CARTESIAN_POINT('',(1.529162514515791,1.346994491715639,1.009999999999997));
#11796=DIRECTION('',(0.0,0.0,1.0));
#11797=DIRECTION('',(-0.986701417704629,-0.162543262855384,0.0));
#11798=AXIS2_PLACEMENT_3D('',#11795,#11796,#11797);
#11799=CIRCLE('',#11798,0.519485515549688);
#11800=EDGE_CURVE('',#11761,#11794,#11799,.T.);
#11801=ORIENTED_EDGE('',*,*,#11800,.T.);
#11802=CARTESIAN_POINT('',(1.035551873641633,1.185087925813762,0.999999999999997));
#11803=VERTEX_POINT('',#11802);
#11804=CARTESIAN_POINT('',(1.035551873641633,1.185087925813762,0.999999999999997));
#11805=DIRECTION('',(0.0,0.0,1.0));
#11806=VECTOR('',#11805,0.01);
#11807=LINE('',#11804,#11806);
#11808=EDGE_CURVE('',#11803,#11794,#11807,.T.);
#11809=ORIENTED_EDGE('',*,*,#11808,.F.);
#11810=CARTESIAN_POINT('',(1.529162514515791,1.346994491715639,0.999999999999997));
#11811=DIRECTION('',(0.0,0.0,1.0));
#11812=DIRECTION('',(-0.986701417704629,-0.162543262855384,0.0));
#11813=AXIS2_PLACEMENT_3D('',#11810,#11811,#11812);
#11814=CIRCLE('',#11813,0.519485515549688);
#11815=EDGE_CURVE('',#11770,#11803,#11814,.T.);
#11816=ORIENTED_EDGE('',*,*,#11815,.F.);
#11817=ORIENTED_EDGE('',*,*,#11775,.T.);
#11818=EDGE_LOOP('',(#11801,#11809,#11816,#11817));
#11819=FACE_OUTER_BOUND('',#11818,.T.);
#11820=ADVANCED_FACE('',(#11819),#11792,.F.);
#11821=CARTESIAN_POINT('',(1.433487026063721,1.308622641808147,0.999999999999997));
#11822=DIRECTION('',(0.0,0.0,1.0));
#11823=DIRECTION('',(-0.934200252113447,-0.356749055991984,0.0));
#11824=AXIS2_PLACEMENT_3D('',#11821,#11822,#11823);
#11825=CYLINDRICAL_SURFACE('',#11824,0.416669187232566);
#11826=CARTESIAN_POINT('',(1.054500119671148,1.135469136583433,1.009999999999997));
#11827=VERTEX_POINT('',#11826);
#11828=CARTESIAN_POINT('',(1.433487026063721,1.308622641808147,1.009999999999997));
#11829=DIRECTION('',(0.0,0.0,1.0));
#11830=DIRECTION('',(-0.934200252113447,-0.356749055991984,0.0));
#11831=AXIS2_PLACEMENT_3D('',#11828,#11829,#11830);
#11832=CIRCLE('',#11831,0.416669187232566);
#11833=EDGE_CURVE('',#11794,#11827,#11832,.T.);
#11834=ORIENTED_EDGE('',*,*,#11833,.T.);
#11835=CARTESIAN_POINT('',(1.054500119671148,1.135469136583433,0.999999999999997));
#11836=VERTEX_POINT('',#11835);
#11837=CARTESIAN_POINT('',(1.054500119671148,1.135469136583433,0.999999999999997));
#11838=DIRECTION('',(0.0,0.0,1.0));
#11839=VECTOR('',#11838,0.01);
#11840=LINE('',#11837,#11839);
#11841=EDGE_CURVE('',#11836,#11827,#11840,.T.);
#11842=ORIENTED_EDGE('',*,*,#11841,.F.);
#11843=CARTESIAN_POINT('',(1.433487026063721,1.308622641808147,0.999999999999997));
#11844=DIRECTION('',(0.0,0.0,1.0));
#11845=DIRECTION('',(-0.934200252113447,-0.356749055991984,0.0));
#11846=AXIS2_PLACEMENT_3D('',#11843,#11844,#11845);
#11847=CIRCLE('',#11846,0.416669187232566);
#11848=EDGE_CURVE('',#11803,#11836,#11847,.T.);
#11849=ORIENTED_EDGE('',*,*,#11848,.F.);
#11850=ORIENTED_EDGE('',*,*,#11808,.T.);
#11851=EDGE_LOOP('',(#11834,#11842,#11849,#11850));
#11852=FACE_OUTER_BOUND('',#11851,.T.);
#11853=ADVANCED_FACE('',(#11852),#11825,.F.);
#11854=CARTESIAN_POINT('',(1.054500119671148,1.135469136583433,0.999999999999997));
#11855=DIRECTION('',(-0.226238221407928,0.974072003074812,0.0));
#11856=DIRECTION('',(0.0,0.0,1.0));
#11857=AXIS2_PLACEMENT_3D('',#11854,#11855,#11856);
#11858=PLANE('',#11857);
#11859=CARTESIAN_POINT('',(1.644552072621878,1.272514759445202,1.009999999999997));
#11860=VERTEX_POINT('',#11859);
#11861=CARTESIAN_POINT('',(1.054500119671231,1.135469136583076,1.009999999999997));
#11862=DIRECTION('',(0.974072003074812,0.226238221407928,0.0));
#11863=VECTOR('',#11862,0.605758045696912);
#11864=LINE('',#11861,#11863);
#11865=EDGE_CURVE('',#11827,#11860,#11864,.T.);
#11866=ORIENTED_EDGE('',*,*,#11865,.T.);
#11867=CARTESIAN_POINT('',(1.644552072621878,1.272514759445202,0.999999999999997));
#11868=VERTEX_POINT('',#11867);
#11869=CARTESIAN_POINT('',(1.644552072621878,1.272514759445202,0.999999999999997));
#11870=DIRECTION('',(0.0,0.0,1.0));
#11871=VECTOR('',#11870,0.01);
#11872=LINE('',#11869,#11871);
#11873=EDGE_CURVE('',#11868,#11860,#11872,.T.);
#11874=ORIENTED_EDGE('',*,*,#11873,.F.);
#11875=CARTESIAN_POINT('',(1.054500119671231,1.135469136583076,0.999999999999997));
#11876=DIRECTION('',(0.974072003074812,0.226238221407928,0.0));
#11877=VECTOR('',#11876,0.605758045696912);
#11878=LINE('',#11875,#11877);
#11879=EDGE_CURVE('',#11836,#11868,#11878,.T.);
#11880=ORIENTED_EDGE('',*,*,#11879,.F.);
#11881=ORIENTED_EDGE('',*,*,#11841,.T.);
#11882=EDGE_LOOP('',(#11866,#11874,#11880,#11881));
#11883=FACE_OUTER_BOUND('',#11882,.T.);
#11884=ADVANCED_FACE('',(#11883),#11858,.T.);
#11885=CARTESIAN_POINT('',(1.644552072621878,1.272514759445202,0.999999999999997));
#11886=DIRECTION('',(-0.226238220983374,0.974072003173419,0.0));
#11887=DIRECTION('',(0.0,0.0,1.0));
#11888=AXIS2_PLACEMENT_3D('',#11885,#11886,#11887);
#11889=PLANE('',#11888);
#11890=CARTESIAN_POINT('',(1.651886267599887,1.274218201509883,1.009999999999997));
#11891=VERTEX_POINT('',#11890);
#11892=CARTESIAN_POINT('',(1.644552072621894,1.272514759445133,1.009999999999997));
#11893=DIRECTION('',(0.97407200317342,0.226238220983373,0.0));
#11894=VECTOR('',#11893,0.007529417696155);
#11895=LINE('',#11892,#11894);
#11896=EDGE_CURVE('',#11860,#11891,#11895,.T.);
#11897=ORIENTED_EDGE('',*,*,#11896,.T.);
#11898=CARTESIAN_POINT('',(1.651886267599887,1.274218201509883,0.999999999999997));
#11899=VERTEX_POINT('',#11898);
#11900=CARTESIAN_POINT('',(1.651886267599887,1.274218201509883,0.999999999999997));
#11901=DIRECTION('',(0.0,0.0,1.0));
#11902=VECTOR('',#11901,0.01);
#11903=LINE('',#11900,#11902);
#11904=EDGE_CURVE('',#11899,#11891,#11903,.T.);
#11905=ORIENTED_EDGE('',*,*,#11904,.F.);
#11906=CARTESIAN_POINT('',(1.644552072621893,1.272514759445133,0.999999999999997));
#11907=DIRECTION('',(0.97407200317342,0.226238220983371,0.0));
#11908=VECTOR('',#11907,0.007529417696154);
#11909=LINE('',#11906,#11908);
#11910=EDGE_CURVE('',#11868,#11899,#11909,.T.);
#11911=ORIENTED_EDGE('',*,*,#11910,.F.);
#11912=ORIENTED_EDGE('',*,*,#11873,.T.);
#11913=EDGE_LOOP('',(#11897,#11905,#11911,#11912));
#11914=FACE_OUTER_BOUND('',#11913,.T.);
#11915=ADVANCED_FACE('',(#11914),#11889,.T.);
#11916=CARTESIAN_POINT('',(0.524608628108687,1.246033328090222,0.999999999999997));
#11917=DIRECTION('',(0.0,0.0,1.0));
#11918=DIRECTION('',(0.997104626840112,0.076041851200773,0.0));
#11919=AXIS2_PLACEMENT_3D('',#11916,#11917,#11918);
#11920=CYLINDRICAL_SURFACE('',#11919,1.127629932020043);
#11921=CARTESIAN_POINT('',(1.643123659271727,1.389118577678322,1.009999999999997));
#11922=VERTEX_POINT('',#11921);
#11923=CARTESIAN_POINT('',(0.524608628108687,1.246033328090222,1.009999999999997));
#11924=DIRECTION('',(0.0,0.0,1.0));
#11925=DIRECTION('',(0.997104626840112,0.076041851200773,0.0));
#11926=AXIS2_PLACEMENT_3D('',#11923,#11924,#11925);
#11927=CIRCLE('',#11926,1.127629932020043);
#11928=EDGE_CURVE('',#11891,#11922,#11927,.T.);
#11929=ORIENTED_EDGE('',*,*,#11928,.T.);
#11930=CARTESIAN_POINT('',(1.643123659271727,1.389118577678322,0.999999999999997));
#11931=VERTEX_POINT('',#11930);
#11932=CARTESIAN_POINT('',(1.643123659271727,1.389118577678322,0.999999999999997));
#11933=DIRECTION('',(0.0,0.0,1.0));
#11934=VECTOR('',#11933,0.01);
#11935=LINE('',#11932,#11934);
#11936=EDGE_CURVE('',#11931,#11922,#11935,.T.);
#11937=ORIENTED_EDGE('',*,*,#11936,.F.);
#11938=CARTESIAN_POINT('',(0.524608628108687,1.246033328090222,0.999999999999997));
#11939=DIRECTION('',(0.0,0.0,1.0));
#11940=DIRECTION('',(0.997104626840112,0.076041851200773,0.0));
#11941=AXIS2_PLACEMENT_3D('',#11938,#11939,#11940);
#11942=CIRCLE('',#11941,1.127629932020043);
#11943=EDGE_CURVE('',#11899,#11931,#11942,.T.);
#11944=ORIENTED_EDGE('',*,*,#11943,.F.);
#11945=ORIENTED_EDGE('',*,*,#11904,.T.);
#11946=EDGE_LOOP('',(#11929,#11937,#11944,#11945));
#11947=FACE_OUTER_BOUND('',#11946,.T.);
#11948=ADVANCED_FACE('',(#11947),#11920,.F.);
#11949=CARTESIAN_POINT('',(1.630974069546598,1.556997732519294,0.999999999999997));
#11950=DIRECTION('',(0.0,0.0,1.0));
#11951=DIRECTION('',(0.198582929856394,-0.980084088213685,0.0));
#11952=AXIS2_PLACEMENT_3D('',#11949,#11950,#11951);
#11953=CYLINDRICAL_SURFACE('',#11952,0.168318219931115);
#11954=CARTESIAN_POINT('',(1.68513068047546,1.397629967104302,1.009999999999997));
#11955=VERTEX_POINT('',#11954);
#11956=CARTESIAN_POINT('',(1.630974069546598,1.556997732519294,1.009999999999997));
#11957=DIRECTION('',(0.0,0.0,1.0));
#11958=DIRECTION('',(0.198582929856394,-0.980084088213685,0.0));
#11959=AXIS2_PLACEMENT_3D('',#11956,#11957,#11958);
#11960=CIRCLE('',#11959,0.168318219931115);
#11961=EDGE_CURVE('',#11922,#11955,#11960,.T.);
#11962=ORIENTED_EDGE('',*,*,#11961,.T.);
#11963=CARTESIAN_POINT('',(1.68513068047546,1.397629967104302,0.999999999999997));
#11964=VERTEX_POINT('',#11963);
#11965=CARTESIAN_POINT('',(1.68513068047546,1.397629967104302,0.999999999999997));
#11966=DIRECTION('',(0.0,0.0,1.0));
#11967=VECTOR('',#11966,0.01);
#11968=LINE('',#11965,#11967);
#11969=EDGE_CURVE('',#11964,#11955,#11968,.T.);
#11970=ORIENTED_EDGE('',*,*,#11969,.F.);
#11971=CARTESIAN_POINT('',(1.630974069546598,1.556997732519294,0.999999999999997));
#11972=DIRECTION('',(0.0,0.0,1.0));
#11973=DIRECTION('',(0.198582929856394,-0.980084088213685,0.0));
#11974=AXIS2_PLACEMENT_3D('',#11971,#11972,#11973);
#11975=CIRCLE('',#11974,0.168318219931115);
#11976=EDGE_CURVE('',#11931,#11964,#11975,.T.);
#11977=ORIENTED_EDGE('',*,*,#11976,.F.);
#11978=ORIENTED_EDGE('',*,*,#11936,.T.);
#11979=EDGE_LOOP('',(#11962,#11970,#11977,#11978));
#11980=FACE_OUTER_BOUND('',#11979,.T.);
#11981=ADVANCED_FACE('',(#11980),#11953,.F.);
#11982=CARTESIAN_POINT('',(1.068576229774839,1.409067915821731,0.999999999999997));
#11983=DIRECTION('',(0.0,0.0,1.0));
#11984=DIRECTION('',(0.986102555786573,-0.166137742464463,0.0));
#11985=AXIS2_PLACEMENT_3D('',#11982,#11983,#11984);
#11986=CYLINDRICAL_SURFACE('',#11985,0.616660536559601);
#11987=CARTESIAN_POINT('',(1.654842449534246,1.217855633478416,1.009999999999997));
#11988=VERTEX_POINT('',#11987);
#11989=CARTESIAN_POINT('',(1.068576229774839,1.409067915821731,1.009999999999997));
#11990=DIRECTION('',(0.0,0.0,-1.0));
#11991=DIRECTION('',(0.986102555786573,-0.166137742464463,0.0));
#11992=AXIS2_PLACEMENT_3D('',#11989,#11990,#11991);
#11993=CIRCLE('',#11992,0.616660536559601);
#11994=EDGE_CURVE('',#11955,#11988,#11993,.T.);
#11995=ORIENTED_EDGE('',*,*,#11994,.T.);
#11996=CARTESIAN_POINT('',(1.654842449534246,1.217855633478416,0.999999999999997));
#11997=VERTEX_POINT('',#11996);
#11998=CARTESIAN_POINT('',(1.654842449534246,1.217855633478416,0.999999999999997));
#11999=DIRECTION('',(0.0,0.0,1.0));
#12000=VECTOR('',#11999,0.01);
#12001=LINE('',#11998,#12000);
#12002=EDGE_CURVE('',#11997,#11988,#12001,.T.);
#12003=ORIENTED_EDGE('',*,*,#12002,.F.);
#12004=CARTESIAN_POINT('',(1.068576229774839,1.409067915821731,0.999999999999997));
#12005=DIRECTION('',(0.0,0.0,-1.0));
#12006=DIRECTION('',(0.986102555786573,-0.166137742464463,0.0));
#12007=AXIS2_PLACEMENT_3D('',#12004,#12005,#12006);
#12008=CIRCLE('',#12007,0.616660536559601);
#12009=EDGE_CURVE('',#11964,#11997,#12008,.T.);
#12010=ORIENTED_EDGE('',*,*,#12009,.F.);
#12011=ORIENTED_EDGE('',*,*,#11969,.T.);
#12012=EDGE_LOOP('',(#11995,#12003,#12010,#12011));
#12013=FACE_OUTER_BOUND('',#12012,.T.);
#12014=ADVANCED_FACE('',(#12013),#11986,.T.);
#12015=CARTESIAN_POINT('',(1.654842449534246,1.217855633478416,0.999999999999997));
#12016=DIRECTION('',(0.226238221404272,-0.974072003075662,0.0));
#12017=DIRECTION('',(0.0,0.0,-1.0));
#12018=AXIS2_PLACEMENT_3D('',#12015,#12016,#12017);
#12019=PLANE('',#12018);
#12020=CARTESIAN_POINT('',(1.063314271529792,1.080467142196893,1.009999999999997));
#12021=VERTEX_POINT('',#12020);
#12022=CARTESIAN_POINT('',(1.654842449534225,1.217855633478503,1.009999999999997));
#12023=DIRECTION('',(-0.974072003075662,-0.226238221404272,0.0));
#12024=VECTOR('',#12023,0.607273565133443);
#12025=LINE('',#12022,#12024);
#12026=EDGE_CURVE('',#11988,#12021,#12025,.T.);
#12027=ORIENTED_EDGE('',*,*,#12026,.T.);
#12028=CARTESIAN_POINT('',(1.063314271529792,1.080467142196893,0.999999999999997));
#12029=VERTEX_POINT('',#12028);
#12030=CARTESIAN_POINT('',(1.063314271529792,1.080467142196893,0.999999999999997));
#12031=DIRECTION('',(0.0,0.0,1.0));
#12032=VECTOR('',#12031,0.01);
#12033=LINE('',#12030,#12032);
#12034=EDGE_CURVE('',#12029,#12021,#12033,.T.);
#12035=ORIENTED_EDGE('',*,*,#12034,.F.);
#12036=CARTESIAN_POINT('',(1.654842449534226,1.217855633478503,0.999999999999997));
#12037=DIRECTION('',(-0.974072003075662,-0.226238221404272,0.0));
#12038=VECTOR('',#12037,0.607273565133444);
#12039=LINE('',#12036,#12038);
#12040=EDGE_CURVE('',#11997,#12029,#12039,.T.);
#12041=ORIENTED_EDGE('',*,*,#12040,.F.);
#12042=ORIENTED_EDGE('',*,*,#12002,.T.);
#12043=EDGE_LOOP('',(#12027,#12035,#12041,#12042));
#12044=FACE_OUTER_BOUND('',#12043,.T.);
#12045=ADVANCED_FACE('',(#12044),#12019,.T.);
#12046=CARTESIAN_POINT('',(1.507237122521868,1.368574470123549,0.999999999999997));
#12047=DIRECTION('',(0.0,0.0,1.0));
#12048=DIRECTION('',(-0.900850400473876,-0.434129653405588,0.0));
#12049=AXIS2_PLACEMENT_3D('',#12046,#12047,#12048);
#12050=CYLINDRICAL_SURFACE('',#12049,0.529219548049731);
#12051=CARTESIAN_POINT('',(1.005295857686225,1.200859543260234,1.009999999999997));
#12052=VERTEX_POINT('',#12051);
#12053=CARTESIAN_POINT('',(1.507237122521868,1.368574470123549,1.009999999999997));
#12054=DIRECTION('',(0.0,0.0,-1.0));
#12055=DIRECTION('',(-0.900850400473876,-0.434129653405588,0.0));
#12056=AXIS2_PLACEMENT_3D('',#12053,#12054,#12055);
#12057=CIRCLE('',#12056,0.529219548049731);
#12058=EDGE_CURVE('',#12021,#12052,#12057,.T.);
#12059=ORIENTED_EDGE('',*,*,#12058,.T.);
#12060=CARTESIAN_POINT('',(1.005295857686225,1.200859543260234,0.999999999999997));
#12061=VERTEX_POINT('',#12060);
#12062=CARTESIAN_POINT('',(1.005295857686225,1.200859543260234,0.999999999999997));
#12063=DIRECTION('',(0.0,0.0,1.0));
#12064=VECTOR('',#12063,0.01);
#12065=LINE('',#12062,#12064);
#12066=EDGE_CURVE('',#12061,#12052,#12065,.T.);
#12067=ORIENTED_EDGE('',*,*,#12066,.F.);
#12068=CARTESIAN_POINT('',(1.507237122521868,1.368574470123549,0.999999999999997));
#12069=DIRECTION('',(0.0,0.0,-1.0));
#12070=DIRECTION('',(-0.900850400473876,-0.434129653405588,0.0));
#12071=AXIS2_PLACEMENT_3D('',#12068,#12069,#12070);
#12072=CIRCLE('',#12071,0.529219548049731);
#12073=EDGE_CURVE('',#12029,#12061,#12072,.T.);
#12074=ORIENTED_EDGE('',*,*,#12073,.F.);
#12075=ORIENTED_EDGE('',*,*,#12034,.T.);
#12076=EDGE_LOOP('',(#12059,#12067,#12074,#12075));
#12077=FACE_OUTER_BOUND('',#12076,.T.);
#12078=ADVANCED_FACE('',(#12077),#12050,.T.);
#12079=CARTESIAN_POINT('',(1.695995547337266,1.41427123451829,0.999999999999997));
#12080=DIRECTION('',(0.0,0.0,1.0));
#12081=DIRECTION('',(-0.997164178240053,-0.075256904233704,0.0));
#12082=AXIS2_PLACEMENT_3D('',#12079,#12080,#12081);
#12083=CYLINDRICAL_SURFACE('',#12082,0.722918122092659);
#12084=CARTESIAN_POINT('',(0.981089237629571,1.521600538951341,1.009999999999997));
#12085=VERTEX_POINT('',#12084);
#12086=CARTESIAN_POINT('',(1.695995547337266,1.41427123451829,1.009999999999997));
#12087=DIRECTION('',(0.0,0.0,-1.0));
#12088=DIRECTION('',(-0.997164178240053,-0.075256904233704,0.0));
#12089=AXIS2_PLACEMENT_3D('',#12086,#12087,#12088);
#12090=CIRCLE('',#12089,0.722918122092659);
#12091=EDGE_CURVE('',#12052,#12085,#12090,.T.);
#12092=ORIENTED_EDGE('',*,*,#12091,.T.);
#12093=CARTESIAN_POINT('',(0.981089237629571,1.521600538951341,0.999999999999997));
#12094=VERTEX_POINT('',#12093);
#12095=CARTESIAN_POINT('',(0.981089237629571,1.521600538951341,0.999999999999997));
#12096=DIRECTION('',(0.0,0.0,1.0));
#12097=VECTOR('',#12096,0.01);
#12098=LINE('',#12095,#12097);
#12099=EDGE_CURVE('',#12094,#12085,#12098,.T.);
#12100=ORIENTED_EDGE('',*,*,#12099,.F.);
#12101=CARTESIAN_POINT('',(1.695995547337266,1.41427123451829,0.999999999999997));
#12102=DIRECTION('',(0.0,0.0,-1.0));
#12103=DIRECTION('',(-0.997164178240053,-0.075256904233704,0.0));
#12104=AXIS2_PLACEMENT_3D('',#12101,#12102,#12103);
#12105=CIRCLE('',#12104,0.722918122092659);
#12106=EDGE_CURVE('',#12061,#12094,#12105,.T.);
#12107=ORIENTED_EDGE('',*,*,#12106,.F.);
#12108=ORIENTED_EDGE('',*,*,#12066,.T.);
#12109=EDGE_LOOP('',(#12092,#12100,#12107,#12108));
#12110=FACE_OUTER_BOUND('',#12109,.T.);
#12111=ADVANCED_FACE('',(#12110),#12083,.T.);
#12112=CARTESIAN_POINT('',(1.610982545482204,1.417475223143826,0.999999999999997));
#12113=DIRECTION('',(0.0,0.0,1.0));
#12114=DIRECTION('',(-0.967034231137137,0.254646413304812,0.0));
#12115=AXIS2_PLACEMENT_3D('',#12112,#12113,#12114);
#12116=CYLINDRICAL_SURFACE('',#12115,0.638441587515731);
#12117=CARTESIAN_POINT('',(1.011497750913351,1.637078596866539,1.009999999999997));
#12118=VERTEX_POINT('',#12117);
#12119=CARTESIAN_POINT('',(1.610982545482204,1.417475223143826,1.009999999999997));
#12120=DIRECTION('',(0.0,0.0,-1.0));
#12121=DIRECTION('',(-0.967034231137137,0.254646413304812,0.0));
#12122=AXIS2_PLACEMENT_3D('',#12119,#12120,#12121);
#12123=CIRCLE('',#12122,0.638441587515731);
#12124=EDGE_CURVE('',#12085,#12118,#12123,.T.);
#12125=ORIENTED_EDGE('',*,*,#12124,.T.);
#12126=CARTESIAN_POINT('',(1.011497750913351,1.637078596866539,0.999999999999997));
#12127=VERTEX_POINT('',#12126);
#12128=CARTESIAN_POINT('',(1.011497750913351,1.637078596866539,0.999999999999997));
#12129=DIRECTION('',(0.0,0.0,1.0));
#12130=VECTOR('',#12129,0.01);
#12131=LINE('',#12128,#12130);
#12132=EDGE_CURVE('',#12127,#12118,#12131,.T.);
#12133=ORIENTED_EDGE('',*,*,#12132,.F.);
#12134=CARTESIAN_POINT('',(1.610982545482204,1.417475223143826,0.999999999999997));
#12135=DIRECTION('',(0.0,0.0,-1.0));
#12136=DIRECTION('',(-0.967034231137137,0.254646413304812,0.0));
#12137=AXIS2_PLACEMENT_3D('',#12134,#12135,#12136);
#12138=CIRCLE('',#12137,0.638441587515731);
#12139=EDGE_CURVE('',#12094,#12127,#12138,.T.);
#12140=ORIENTED_EDGE('',*,*,#12139,.F.);
#12141=ORIENTED_EDGE('',*,*,#12099,.T.);
#12142=EDGE_LOOP('',(#12125,#12133,#12140,#12141));
#12143=FACE_OUTER_BOUND('',#12142,.T.);
#12144=ADVANCED_FACE('',(#12143),#12116,.T.);
#12145=CARTESIAN_POINT('',(1.586691437765132,1.426721083370112,0.999999999999997));
#12146=DIRECTION('',(0.0,0.0,1.0));
#12147=DIRECTION('',(-0.894217339184473,0.447633053182895,0.0));
#12148=AXIS2_PLACEMENT_3D('',#12145,#12146,#12147);
#12149=CYLINDRICAL_SURFACE('',#12148,0.612452496834442);
#12150=CARTESIAN_POINT('',(1.073602692157885,1.761142972620442,1.009999999999997));
#12151=VERTEX_POINT('',#12150);
#12152=CARTESIAN_POINT('',(1.586691437765132,1.426721083370112,1.009999999999997));
#12153=DIRECTION('',(0.0,0.0,-1.0));
#12154=DIRECTION('',(-0.894217339184473,0.447633053182895,0.0));
#12155=AXIS2_PLACEMENT_3D('',#12152,#12153,#12154);
#12156=CIRCLE('',#12155,0.612452496834442);
#12157=EDGE_CURVE('',#12118,#12151,#12156,.T.);
#12158=ORIENTED_EDGE('',*,*,#12157,.T.);
#12159=CARTESIAN_POINT('',(1.073602692157885,1.761142972620442,0.999999999999997));
#12160=VERTEX_POINT('',#12159);
#12161=CARTESIAN_POINT('',(1.073602692157885,1.761142972620442,0.999999999999997));
#12162=DIRECTION('',(0.0,0.0,1.0));
#12163=VECTOR('',#12162,0.01);
#12164=LINE('',#12161,#12163);
#12165=EDGE_CURVE('',#12160,#12151,#12164,.T.);
#12166=ORIENTED_EDGE('',*,*,#12165,.F.);
#12167=CARTESIAN_POINT('',(1.586691437765132,1.426721083370112,0.999999999999997));
#12168=DIRECTION('',(0.0,0.0,-1.0));
#12169=DIRECTION('',(-0.894217339184473,0.447633053182895,0.0));
#12170=AXIS2_PLACEMENT_3D('',#12167,#12168,#12169);
#12171=CIRCLE('',#12170,0.612452496834442);
#12172=EDGE_CURVE('',#12127,#12160,#12171,.T.);
#12173=ORIENTED_EDGE('',*,*,#12172,.F.);
#12174=ORIENTED_EDGE('',*,*,#12132,.T.);
#12175=EDGE_LOOP('',(#12158,#12166,#12173,#12174));
#12176=FACE_OUTER_BOUND('',#12175,.T.);
#12177=ADVANCED_FACE('',(#12176),#12149,.T.);
#12178=CARTESIAN_POINT('',(1.430832181177821,1.538657773920155,0.999999999999997));
#12179=DIRECTION('',(0.0,0.0,1.0));
#12180=DIRECTION('',(-0.74169356882602,0.67073888359191,0.0));
#12181=AXIS2_PLACEMENT_3D('',#12178,#12179,#12180);
#12182=CYLINDRICAL_SURFACE('',#12181,0.42084744440972);
#12183=CARTESIAN_POINT('',(1.173666024178095,1.871791589615997,1.009999999999997));
#12184=VERTEX_POINT('',#12183);
#12185=CARTESIAN_POINT('',(1.430832181177821,1.538657773920155,1.009999999999997));
#12186=DIRECTION('',(0.0,0.0,-1.0));
#12187=DIRECTION('',(-0.74169356882602,0.67073888359191,0.0));
#12188=AXIS2_PLACEMENT_3D('',#12185,#12186,#12187);
#12189=CIRCLE('',#12188,0.42084744440972);
#12190=EDGE_CURVE('',#12151,#12184,#12189,.T.);
#12191=ORIENTED_EDGE('',*,*,#12190,.T.);
#12192=CARTESIAN_POINT('',(1.173666024178095,1.871791589615997,0.999999999999997));
#12193=VERTEX_POINT('',#12192);
#12194=CARTESIAN_POINT('',(1.173666024178095,1.871791589615997,0.999999999999997));
#12195=DIRECTION('',(0.0,0.0,1.0));
#12196=VECTOR('',#12195,0.01);
#12197=LINE('',#12194,#12196);
#12198=EDGE_CURVE('',#12193,#12184,#12197,.T.);
#12199=ORIENTED_EDGE('',*,*,#12198,.F.);
#12200=CARTESIAN_POINT('',(1.430832181177821,1.538657773920155,0.999999999999997));
#12201=DIRECTION('',(0.0,0.0,-1.0));
#12202=DIRECTION('',(-0.74169356882602,0.67073888359191,0.0));
#12203=AXIS2_PLACEMENT_3D('',#12200,#12201,#12202);
#12204=CIRCLE('',#12203,0.42084744440972);
#12205=EDGE_CURVE('',#12160,#12193,#12204,.T.);
#12206=ORIENTED_EDGE('',*,*,#12205,.F.);
#12207=ORIENTED_EDGE('',*,*,#12165,.T.);
#12208=EDGE_LOOP('',(#12191,#12199,#12206,#12207));
#12209=FACE_OUTER_BOUND('',#12208,.T.);
#12210=ADVANCED_FACE('',(#12209),#12182,.T.);
#12211=CARTESIAN_POINT('',(1.332298208209534,1.657421508045347,0.999999999999997));
#12212=DIRECTION('',(0.0,0.0,1.0));
#12213=DIRECTION('',(-0.364835761663166,0.931071891430333,0.0));
#12214=AXIS2_PLACEMENT_3D('',#12211,#12212,#12213);
#12215=CYLINDRICAL_SURFACE('',#12214,0.266680898609668);
#12216=CARTESIAN_POINT('',(1.303062849457243,1.922495074214884,1.009999999999997));
#12217=VERTEX_POINT('',#12216);
#12218=CARTESIAN_POINT('',(1.332298208209534,1.657421508045347,1.009999999999997));
#12219=DIRECTION('',(0.0,0.0,-1.0));
#12220=DIRECTION('',(-0.364835761663166,0.931071891430333,0.0));
#12221=AXIS2_PLACEMENT_3D('',#12218,#12219,#12220);
#12222=CIRCLE('',#12221,0.266680898609668);
#12223=EDGE_CURVE('',#12184,#12217,#12222,.T.);
#12224=ORIENTED_EDGE('',*,*,#12223,.T.);
#12225=CARTESIAN_POINT('',(1.303062849457243,1.922495074214884,0.999999999999997));
#12226=VERTEX_POINT('',#12225);
#12227=CARTESIAN_POINT('',(1.303062849457243,1.922495074214884,0.999999999999997));
#12228=DIRECTION('',(0.0,0.0,1.0));
#12229=VECTOR('',#12228,0.01);
#12230=LINE('',#12227,#12229);
#12231=EDGE_CURVE('',#12226,#12217,#12230,.T.);
#12232=ORIENTED_EDGE('',*,*,#12231,.F.);
#12233=CARTESIAN_POINT('',(1.332298208209534,1.657421508045347,0.999999999999997));
#12234=DIRECTION('',(0.0,0.0,-1.0));
#12235=DIRECTION('',(-0.364835761663166,0.931071891430333,0.0));
#12236=AXIS2_PLACEMENT_3D('',#12233,#12234,#12235);
#12237=CIRCLE('',#12236,0.266680898609668);
#12238=EDGE_CURVE('',#12193,#12226,#12237,.T.);
#12239=ORIENTED_EDGE('',*,*,#12238,.F.);
#12240=ORIENTED_EDGE('',*,*,#12198,.T.);
#12241=EDGE_LOOP('',(#12224,#12232,#12239,#12240));
#12242=FACE_OUTER_BOUND('',#12241,.T.);
#12243=ADVANCED_FACE('',(#12242),#12215,.T.);
#12244=CARTESIAN_POINT('',(1.326923259776092,1.674145757548982,0.999999999999997));
#12245=DIRECTION('',(0.0,0.0,1.0));
#12246=DIRECTION('',(0.17825456924885,0.983984404623319,0.0));
#12247=AXIS2_PLACEMENT_3D('',#12244,#12245,#12246);
#12248=CYLINDRICAL_SURFACE('',#12247,0.249492890217269);
#12249=CARTESIAN_POINT('',(1.436388155062987,1.898342409996553,1.009999999999997));
#12250=VERTEX_POINT('',#12249);
#12251=CARTESIAN_POINT('',(1.326923259776092,1.674145757548982,1.009999999999997));
#12252=DIRECTION('',(0.0,0.0,-1.0));
#12253=DIRECTION('',(0.17825456924885,0.983984404623319,0.0));
#12254=AXIS2_PLACEMENT_3D('',#12251,#12252,#12253);
#12255=CIRCLE('',#12254,0.249492890217269);
#12256=EDGE_CURVE('',#12217,#12250,#12255,.T.);
#12257=ORIENTED_EDGE('',*,*,#12256,.T.);
#12258=CARTESIAN_POINT('',(1.436388155062987,1.898342409996553,0.999999999999997));
#12259=VERTEX_POINT('',#12258);
#12260=CARTESIAN_POINT('',(1.436388155062987,1.898342409996553,0.999999999999997));
#12261=DIRECTION('',(0.0,0.0,1.0));
#12262=VECTOR('',#12261,0.01);
#12263=LINE('',#12260,#12262);
#12264=EDGE_CURVE('',#12259,#12250,#12263,.T.);
#12265=ORIENTED_EDGE('',*,*,#12264,.F.);
#12266=CARTESIAN_POINT('',(1.326923259776092,1.674145757548982,0.999999999999997));
#12267=DIRECTION('',(0.0,0.0,-1.0));
#12268=DIRECTION('',(0.17825456924885,0.983984404623319,0.0));
#12269=AXIS2_PLACEMENT_3D('',#12266,#12267,#12268);
#12270=CIRCLE('',#12269,0.249492890217269);
#12271=EDGE_CURVE('',#12226,#12259,#12270,.T.);
#12272=ORIENTED_EDGE('',*,*,#12271,.F.);
#12273=ORIENTED_EDGE('',*,*,#12231,.T.);
#12274=EDGE_LOOP('',(#12257,#12265,#12272,#12273));
#12275=FACE_OUTER_BOUND('',#12274,.T.);
#12276=ADVANCED_FACE('',(#12275),#12248,.T.);
#12277=CARTESIAN_POINT('',(1.290509994367814,1.604558301583432,0.999999999999997));
#12278=DIRECTION('',(0.0,0.0,1.0));
#12279=DIRECTION('',(0.609521618891401,0.792769447004616,0.0));
#12280=AXIS2_PLACEMENT_3D('',#12277,#12278,#12279);
#12281=CYLINDRICAL_SURFACE('',#12280,0.328008445202349);
#12282=CARTESIAN_POINT('',(1.536943058009781,1.821030667644405,1.009999999999997));
#12283=VERTEX_POINT('',#12282);
#12284=CARTESIAN_POINT('',(1.290509994367814,1.604558301583432,1.009999999999997));
#12285=DIRECTION('',(0.0,0.0,-1.0));
#12286=DIRECTION('',(0.609521618891401,0.792769447004616,0.0));
#12287=AXIS2_PLACEMENT_3D('',#12284,#12285,#12286);
#12288=CIRCLE('',#12287,0.328008445202349);
#12289=EDGE_CURVE('',#12250,#12283,#12288,.T.);
#12290=ORIENTED_EDGE('',*,*,#12289,.T.);
#12291=CARTESIAN_POINT('',(1.536943058009781,1.821030667644405,0.999999999999997));
#12292=VERTEX_POINT('',#12291);
#12293=CARTESIAN_POINT('',(1.536943058009781,1.821030667644405,0.999999999999997));
#12294=DIRECTION('',(0.0,0.0,1.0));
#12295=VECTOR('',#12294,0.01);
#12296=LINE('',#12293,#12295);
#12297=EDGE_CURVE('',#12292,#12283,#12296,.T.);
#12298=ORIENTED_EDGE('',*,*,#12297,.F.);
#12299=CARTESIAN_POINT('',(1.290509994367814,1.604558301583432,0.999999999999997));
#12300=DIRECTION('',(0.0,0.0,-1.0));
#12301=DIRECTION('',(0.609521618891401,0.792769447004616,0.0));
#12302=AXIS2_PLACEMENT_3D('',#12299,#12300,#12301);
#12303=CIRCLE('',#12302,0.328008445202349);
#12304=EDGE_CURVE('',#12259,#12292,#12303,.T.);
#12305=ORIENTED_EDGE('',*,*,#12304,.F.);
#12306=ORIENTED_EDGE('',*,*,#12264,.T.);
#12307=EDGE_LOOP('',(#12290,#12298,#12305,#12306));
#12308=FACE_OUTER_BOUND('',#12307,.T.);
#12309=ADVANCED_FACE('',(#12308),#12281,.T.);
#12310=CARTESIAN_POINT('',(1.201890601469585,1.528208085436924,0.999999999999997));
#12311=DIRECTION('',(0.0,0.0,1.0));
#12312=DIRECTION('',(0.833469928796195,0.552564817729527,0.0));
#12313=AXIS2_PLACEMENT_3D('',#12310,#12311,#12312);
#12314=CYLINDRICAL_SURFACE('',#12313,0.444977767179768);
#12315=CARTESIAN_POINT('',(1.602057978178198,1.722813542458775,1.009999999999997));
#12316=VERTEX_POINT('',#12315);
#12317=CARTESIAN_POINT('',(1.201890601469585,1.528208085436924,1.009999999999997));
#12318=DIRECTION('',(0.0,0.0,-1.0));
#12319=DIRECTION('',(0.833469928796195,0.552564817729527,0.0));
#12320=AXIS2_PLACEMENT_3D('',#12317,#12318,#12319);
#12321=CIRCLE('',#12320,0.444977767179768);
#12322=EDGE_CURVE('',#12283,#12316,#12321,.T.);
#12323=ORIENTED_EDGE('',*,*,#12322,.T.);
#12324=CARTESIAN_POINT('',(1.602057978178198,1.722813542458775,0.999999999999997));
#12325=VERTEX_POINT('',#12324);
#12326=CARTESIAN_POINT('',(1.602057978178198,1.722813542458775,0.999999999999997));
#12327=DIRECTION('',(0.0,0.0,1.0));
#12328=VECTOR('',#12327,0.01);
#12329=LINE('',#12326,#12328);
#12330=EDGE_CURVE('',#12325,#12316,#12329,.T.);
#12331=ORIENTED_EDGE('',*,*,#12330,.F.);
#12332=CARTESIAN_POINT('',(1.201890601469585,1.528208085436924,0.999999999999997));
#12333=DIRECTION('',(0.0,0.0,-1.0));
#12334=DIRECTION('',(0.833469928796195,0.552564817729527,0.0));
#12335=AXIS2_PLACEMENT_3D('',#12332,#12333,#12334);
#12336=CIRCLE('',#12335,0.444977767179768);
#12337=EDGE_CURVE('',#12292,#12325,#12336,.T.);
#12338=ORIENTED_EDGE('',*,*,#12337,.F.);
#12339=ORIENTED_EDGE('',*,*,#12297,.T.);
#12340=EDGE_LOOP('',(#12323,#12331,#12338,#12339));
#12341=FACE_OUTER_BOUND('',#12340,.T.);
#12342=ADVANCED_FACE('',(#12341),#12314,.T.);
#12343=CARTESIAN_POINT('',(1.630974069530531,1.556997732526154,0.999999999999997));
#12344=DIRECTION('',(0.0,0.0,1.0));
#12345=DIRECTION('',(-0.359106531136482,0.933296576279546,0.0));
#12346=AXIS2_PLACEMENT_3D('',#12343,#12344,#12345);
#12347=CYLINDRICAL_SURFACE('',#12346,0.168318219937364);
#12348=CARTESIAN_POINT('',(1.541284969328821,1.699429781123692,1.009999999999997));
#12349=VERTEX_POINT('',#12348);
#12350=CARTESIAN_POINT('',(1.630974069530531,1.556997732526154,1.009999999999997));
#12351=DIRECTION('',(0.0,0.0,1.0));
#12352=DIRECTION('',(-0.359106531136482,0.933296576279546,0.0));
#12353=AXIS2_PLACEMENT_3D('',#12350,#12351,#12352);
#12354=CIRCLE('',#12353,0.168318219937364);
#12355=EDGE_CURVE('',#12316,#12349,#12354,.T.);
#12356=ORIENTED_EDGE('',*,*,#12355,.T.);
#12357=CARTESIAN_POINT('',(1.541284969328821,1.699429781123692,0.999999999999997));
#12358=VERTEX_POINT('',#12357);
#12359=CARTESIAN_POINT('',(1.541284969328821,1.699429781123692,0.999999999999997));
#12360=DIRECTION('',(0.0,0.0,1.0));
#12361=VECTOR('',#12360,0.01);
#12362=LINE('',#12359,#12361);
#12363=EDGE_CURVE('',#12358,#12349,#12362,.T.);
#12364=ORIENTED_EDGE('',*,*,#12363,.F.);
#12365=CARTESIAN_POINT('',(1.630974069530531,1.556997732526154,0.999999999999997));
#12366=DIRECTION('',(0.0,0.0,1.0));
#12367=DIRECTION('',(-0.359106531136482,0.933296576279546,0.0));
#12368=AXIS2_PLACEMENT_3D('',#12365,#12366,#12367);
#12369=CIRCLE('',#12368,0.168318219937364);
#12370=EDGE_CURVE('',#12325,#12358,#12369,.T.);
#12371=ORIENTED_EDGE('',*,*,#12370,.F.);
#12372=ORIENTED_EDGE('',*,*,#12330,.T.);
#12373=EDGE_LOOP('',(#12356,#12364,#12371,#12372));
#12374=FACE_OUTER_BOUND('',#12373,.T.);
#12375=ADVANCED_FACE('',(#12374),#12347,.F.);
#12376=CARTESIAN_POINT('',(1.263694421387382,1.456692089827063,0.999999999999997));
#12377=DIRECTION('',(0.0,0.0,1.0));
#12378=DIRECTION('',(0.650823793049513,0.759228812941556,0.0));
#12379=AXIS2_PLACEMENT_3D('',#12376,#12377,#12378);
#12380=CYLINDRICAL_SURFACE('',#12379,0.368752083495292);
#12381=CARTESIAN_POINT('',(1.461147947159108,1.768124593337484,1.009999999999997));
#12382=VERTEX_POINT('',#12381);
#12383=CARTESIAN_POINT('',(1.263694421387382,1.456692089827063,1.009999999999997));
#12384=DIRECTION('',(0.0,0.0,1.0));
#12385=DIRECTION('',(0.650823793049513,0.759228812941556,0.0));
#12386=AXIS2_PLACEMENT_3D('',#12383,#12384,#12385);
#12387=CIRCLE('',#12386,0.368752083495292);
#12388=EDGE_CURVE('',#12349,#12382,#12387,.T.);
#12389=ORIENTED_EDGE('',*,*,#12388,.T.);
#12390=CARTESIAN_POINT('',(1.461147947159108,1.768124593337484,0.999999999999997));
#12391=VERTEX_POINT('',#12390);
#12392=CARTESIAN_POINT('',(1.461147947159108,1.768124593337484,0.999999999999997));
#12393=DIRECTION('',(0.0,0.0,1.0));
#12394=VECTOR('',#12393,0.01);
#12395=LINE('',#12392,#12394);
#12396=EDGE_CURVE('',#12391,#12382,#12395,.T.);
#12397=ORIENTED_EDGE('',*,*,#12396,.F.);
#12398=CARTESIAN_POINT('',(1.263694421387382,1.456692089827063,0.999999999999997));
#12399=DIRECTION('',(0.0,0.0,1.0));
#12400=DIRECTION('',(0.650823793049513,0.759228812941556,0.0));
#12401=AXIS2_PLACEMENT_3D('',#12398,#12399,#12400);
#12402=CIRCLE('',#12401,0.368752083495292);
#12403=EDGE_CURVE('',#12358,#12391,#12402,.T.);
#12404=ORIENTED_EDGE('',*,*,#12403,.F.);
#12405=ORIENTED_EDGE('',*,*,#12363,.T.);
#12406=EDGE_LOOP('',(#12389,#12397,#12404,#12405));
#12407=FACE_OUTER_BOUND('',#12406,.T.);
#12408=ADVANCED_FACE('',(#12407),#12380,.F.);
#12409=CARTESIAN_POINT('',(1.33203461595916,1.557178892652645,0.999999999999997));
#12410=DIRECTION('',(0.0,0.0,1.0));
#12411=DIRECTION('',(0.297512812210451,0.954717825627357,0.0));
#12412=AXIS2_PLACEMENT_3D('',#12409,#12410,#12411);
#12413=CYLINDRICAL_SURFACE('',#12412,0.247322342158666);
#12414=CARTESIAN_POINT('',(1.33203461595916,1.557178892652645,1.009999999999997));
#12415=DIRECTION('',(0.0,0.0,1.0));
#12416=DIRECTION('',(0.297512812210451,0.954717825627357,0.0));
#12417=AXIS2_PLACEMENT_3D('',#12414,#12415,#12416);
#12418=CIRCLE('',#12417,0.247322342158666);
#12419=EDGE_CURVE('',#12382,#11620,#12418,.T.);
#12420=ORIENTED_EDGE('',*,*,#12419,.T.);
#12421=ORIENTED_EDGE('',*,*,#11651,.F.);
#12422=CARTESIAN_POINT('',(1.33203461595916,1.557178892652645,0.999999999999997));
#12423=DIRECTION('',(0.0,0.0,1.0));
#12424=DIRECTION('',(0.297512812210451,0.954717825627357,0.0));
#12425=AXIS2_PLACEMENT_3D('',#12422,#12423,#12424);
#12426=CIRCLE('',#12425,0.247322342158666);
#12427=EDGE_CURVE('',#12391,#11639,#12426,.T.);
#12428=ORIENTED_EDGE('',*,*,#12427,.F.);
#12429=ORIENTED_EDGE('',*,*,#12396,.T.);
#12430=EDGE_LOOP('',(#12420,#12421,#12428,#12429));
#12431=FACE_OUTER_BOUND('',#12430,.T.);
#12432=ADVANCED_FACE('',(#12431),#12413,.F.);
#12433=CARTESIAN_POINT('',(1.356752029961658,0.064962223457102,1.009999999999997));
#12434=DIRECTION('',(0.0,0.0,1.0));
#12435=DIRECTION('',(1.0,0.0,0.0));
#12436=AXIS2_PLACEMENT_3D('',#12433,#12434,#12435);
#12437=PLANE('',#12436);
#12438=ORIENTED_EDGE('',*,*,#11628,.F.);
#12439=ORIENTED_EDGE('',*,*,#12419,.F.);
#12440=ORIENTED_EDGE('',*,*,#12388,.F.);
#12441=ORIENTED_EDGE('',*,*,#12355,.F.);
#12442=ORIENTED_EDGE('',*,*,#12322,.F.);
#12443=ORIENTED_EDGE('',*,*,#12289,.F.);
#12444=ORIENTED_EDGE('',*,*,#12256,.F.);
#12445=ORIENTED_EDGE('',*,*,#12223,.F.);
#12446=ORIENTED_EDGE('',*,*,#12190,.F.);
#12447=ORIENTED_EDGE('',*,*,#12157,.F.);
#12448=ORIENTED_EDGE('',*,*,#12124,.F.);
#12449=ORIENTED_EDGE('',*,*,#12091,.F.);
#12450=ORIENTED_EDGE('',*,*,#12058,.F.);
#12451=ORIENTED_EDGE('',*,*,#12026,.F.);
#12452=ORIENTED_EDGE('',*,*,#11994,.F.);
#12453=ORIENTED_EDGE('',*,*,#11961,.F.);
#12454=ORIENTED_EDGE('',*,*,#11928,.F.);
#12455=ORIENTED_EDGE('',*,*,#11896,.F.);
#12456=ORIENTED_EDGE('',*,*,#11865,.F.);
#12457=ORIENTED_EDGE('',*,*,#11833,.F.);
#12458=ORIENTED_EDGE('',*,*,#11800,.F.);
#12459=ORIENTED_EDGE('',*,*,#11767,.F.);
#12460=ORIENTED_EDGE('',*,*,#11734,.F.);
#12461=ORIENTED_EDGE('',*,*,#11701,.F.);
#12462=ORIENTED_EDGE('',*,*,#11668,.F.);
#12463=EDGE_LOOP('',(#12438,#12439,#12440,#12441,#12442,#12443,#12444,#12445,#12446,#12447,#12448,#12449,#12450,#12451,#12452,#12453,#12454,#12455,#12456,#12457,#12458,#12459,#12460,#12461,#12462));
#12464=FACE_OUTER_BOUND('',#12463,.T.);
#12465=ADVANCED_FACE('',(#12464),#12437,.T.);
#12466=CARTESIAN_POINT('',(1.356752029961658,0.064962223457102,0.999999999999997));
#12467=DIRECTION('',(0.0,0.0,1.0));
#12468=DIRECTION('',(1.0,0.0,0.0));
#12469=AXIS2_PLACEMENT_3D('',#12466,#12467,#12468);
#12470=PLANE('',#12469);
#12471=ORIENTED_EDGE('',*,*,#12427,.T.);
#12472=ORIENTED_EDGE('',*,*,#11645,.T.);
#12473=ORIENTED_EDGE('',*,*,#11683,.T.);
#12474=ORIENTED_EDGE('',*,*,#11716,.T.);
#12475=ORIENTED_EDGE('',*,*,#11749,.T.);
#12476=ORIENTED_EDGE('',*,*,#11782,.T.);
#12477=ORIENTED_EDGE('',*,*,#11815,.T.);
#12478=ORIENTED_EDGE('',*,*,#11848,.T.);
#12479=ORIENTED_EDGE('',*,*,#11879,.T.);
#12480=ORIENTED_EDGE('',*,*,#11910,.T.);
#12481=ORIENTED_EDGE('',*,*,#11943,.T.);
#12482=ORIENTED_EDGE('',*,*,#11976,.T.);
#12483=ORIENTED_EDGE('',*,*,#12009,.T.);
#12484=ORIENTED_EDGE('',*,*,#12040,.T.);
#12485=ORIENTED_EDGE('',*,*,#12073,.T.);
#12486=ORIENTED_EDGE('',*,*,#12106,.T.);
#12487=ORIENTED_EDGE('',*,*,#12139,.T.);
#12488=ORIENTED_EDGE('',*,*,#12172,.T.);
#12489=ORIENTED_EDGE('',*,*,#12205,.T.);
#12490=ORIENTED_EDGE('',*,*,#12238,.T.);
#12491=ORIENTED_EDGE('',*,*,#12271,.T.);
#12492=ORIENTED_EDGE('',*,*,#12304,.T.);
#12493=ORIENTED_EDGE('',*,*,#12337,.T.);
#12494=ORIENTED_EDGE('',*,*,#12370,.T.);
#12495=ORIENTED_EDGE('',*,*,#12403,.T.);
#12496=EDGE_LOOP('',(#12471,#12472,#12473,#12474,#12475,#12476,#12477,#12478,#12479,#12480,#12481,#12482,#12483,#12484,#12485,#12486,#12487,#12488,#12489,#12490,#12491,#12492,#12493,#12494,#12495));
#12497=FACE_OUTER_BOUND('',#12496,.T.);
#12498=ADVANCED_FACE('',(#12497),#12470,.F.);
#12499=CLOSED_SHELL('',(#11655,#11688,#11721,#11754,#11787,#11820,#11853,#11884,#11915,#11948,#11981,#12014,#12045,#12078,#12111,#12144,#12177,#12210,#12243,#12276,#12309,#12342,#12375,#12408,#12432,#12465,#12498));
#12500=MANIFOLD_SOLID_BREP('66F',#12499);
#12501=STYLED_ITEM('NONE',(#159),#12500);
#12502=ADVANCED_BREP_SHAPE_REPRESENTATION('ABSR1',(#152,#312,#471,#622,#1046,#3127,#3414,#3737,#4094,#4416,#4703,#4990,#5277,#5564,#5895,#6054,#6582,#8068,#9265,#9793,#9944,#10033,#10693,#11221,#11372,#11461,#11612,#12500),#28);
#12503=SHAPE_REPRESENTATION_RELATIONSHIP('SRRPL1','',#12502,#62);
ENDSEC;
END-ISO-10303-21;
